profile_id,condition,gender,year_birth,race,education,income,party,trust_competent_1,trust_intelligent_1,trust_qualified_1,trust_honest_1,trust_ethical_1,trust_sincere_1,trust_concerned_1,trust_improve_1,trust_considerate_1,trust_feedback_1,trust_transparent_1,trust_attention_1,funding_5,inst_trust_epa_1,inst_trust_nasa_1,inst_trust_noaa_1,inst_trust_uni_1,inst_trust_gov_1,policy_1_1,policy_2_1,policy_3_1,policy_4_1,trust_post_1,distrust_1,donation,newsletter,belief_post_1,concern_1_1,concern_2_1,concern_3_1,individual_meat_1,individual_transport_1,individual_solar_1,individual_fly_1,individual_talk_1,individual_donate_1,policy_general_1,policy_specific_1_1,policy_specific_2_1,policy_specific_3_1,policy_specific_4_1,policy_specific_5_1,policy_specific_6_1,policy_specific_7_1
p00001,Measurement & modeling (1),Male,1989,White / Caucasian,Some college or Associate's degree,"$30,000 to $55,999",Republican,80,42,59,56,9,34,25,12,38,66,7,27,25,26,46,26,46,6,23,14,48,22,17,90,2,2,25,36,2,4,7,19,8,37,19,7,14,0,39,68,55,8,54,26
p00002,High public trust,Male,1995,Black / African American,Some college or Associate's degree,"$56,000 to $99,999",Democrat,80,86,97,100,77,100,93,61,63,76,77,82,50,54,97,100,90,23,92,100,100,69,91,96,2,2,87,96,100,92,28,100,16,28,50,56,76,74,100,92,96,61,53,98
p00003,Extreme weather predictions,Male,1987,White / Caucasian,High school diploma / GED,"Less than $30,000",Republican,20,50,20,20,20,20,30,30,20,10,20,20,70,10,30,40,20,10,50,30,50,50,20,90,1,2,10,20,30,30,20,50,20,40,10,10,10,20,20,40,50,40,60,50
p00004,Social justice,Female,1981,White / Caucasian,High school diploma / GED,"$56,000 to $99,999",Republican,60,70,40,20,35,75,50,35,55,45,40,50,20,55,20,15,35,30,30,40,60,65,45,15,4,2,50,25,50,45,20,75,5,55,20,30,25,15,25,30,25,5,10,40
p00005,Portrait Prof. Cherry,Male,1993,White / Caucasian,Master's degree / Professional degree,"$168,000 or more",Republican,90,80,70,40,70,90,80,90,90,90,80,80,90,10,100,70,80,50,70,0,80,30,70,10,4,2,60,20,20,0,10,40,20,10,10,60,20,10,0,40,60,10,10,10
p00006,Model accuracy,Male,1970,White / Caucasian,Bachelor's degree,"$100,000 to $167,999",Republican,93,94,93,90,61,48,82,57,77,84,72,62,60,0,94,42,64,56,47,100,43,69,65,11,5,2,39,50,0,55,99,71,0,97,40,53,0,0,10,34,100,44,11,75
p00007,Portrait Prof. Cherry,Male,1999,Hispanic / Latino,Some college or Associate's degree,"$30,000 to $55,999",Republican,45,85,50,15,65,30,0,80,15,80,100,30,100,25,70,25,40,35,65,85,95,65,0,0,4,2,15,80,80,60,75,5,5,35,0,80,70,0,95,55,95,20,80,80
p00008,Oil industry misinformation,Male,2004,White / Caucasian,High school diploma / GED,"Less than $30,000",Democrat,50,50,60,80,65,55,70,45,90,65,40,45,30,50,75,30,70,65,70,65,60,75,85,20,6,2,75,45,85,70,60,70,65,80,85,50,70,90,90,85,60,55,70,80
p00009,Model accuracy,Female,1966,White / Caucasian,Some college or Associate's degree,"$30,000 to $55,999",Republican,70,90,30,30,50,60,90,0,40,30,50,50,50,100,60,60,80,10,20,80,60,10,60,20,0,2,30,20,90,10,10,0,10,10,20,60,0,0,30,0,40,0,50,70
p00010,Consensus,Male,2004,Black / African American,Less than high school,"Less than $30,000",Democrat,90,50,60,60,60,10,30,50,60,60,90,20,20,10,60,70,60,70,80,50,80,90,50,20,5,1,90,60,90,90,70,60,60,60,80,70,80,70,60,80,80,30,80,80
p00011,Measurement & modeling (2),Female,1981,White / Caucasian,Master's degree / Professional degree,"$56,000 to $99,999",Democrat,98,100,55,92,51,60,66,85,92,99,87,50,13,99,89,93,84,25,87,93,70,91,71,5,9,2,94,69,96,78,98,90,88,22,93,77,93,87,51,82,71,79,47,88
p00012,control,Male,1992,White / Caucasian,Master's degree / Professional degree,"$56,000 to $99,999",Republican,70,60,70,70,90,30,90,100,40,40,70,50,70,80,60,10,80,70,30,40,50,30,60,50,10,1,60,20,60,10,20,10,0,0,60,20,10,70,40,10,30,60,20,50
p00013,Peer-review,Female,1971,Black / African American,Some college or Associate's degree,"Less than $30,000",Democrat,90,90,90,80,90,80,90,80,80,70,80,90,20,50,60,90,60,70,70,60,80,80,90,30,7,2,80,90,90,70,60,60,30,40,60,30,80,90,60,80,90,40,80,90
p00014,Scientist community helpers,Male,1991,White / Caucasian,Bachelor's degree,"$56,000 to $99,999",Democrat,50,90,60,40,60,40,80,50,60,60,50,70,10,40,90,70,80,20,80,60,90,50,40,40,4,2,80,60,60,50,70,70,40,70,90,70,70,80,80,90,80,70,80,80
p00015,Measurement & modeling (1),Male,1951,White / Caucasian,High school diploma / GED,"$30,000 to $55,999",Independent,76,72,76,66,51,54,54,52,80,82,53,65,73,31,75,74,5,22,33,24,72,64,65,11,2,2,94,3,76,88,23,15,11,32,40,92,22,66,90,85,21,4,18,90
p00016,High public trust,Female,1946,White / Caucasian,Less than high school,"$30,000 to $55,999",Democrat,60,65,55,65,60,55,60,35,50,55,65,40,15,55,60,50,50,35,50,55,80,70,60,50,4,2,70,45,90,50,25,65,10,80,55,50,75,65,55,75,85,40,75,60
p00017,Corporate reliance,Male,2003,Hispanic / Latino,High school diploma / GED,"$30,000 to $55,999",Republican,6,36,29,3,12,3,36,5,8,5,7,1,92,19,2,15,35,14,8,11,17,12,4,83,0,2,10,16,16,3,8,3,9,6,13,2,45,18,81,24,47,18,2,52
p00018,Former skeptics,Male,1953,White / Caucasian,Less than high school,"$30,000 to $55,999",Republican,10,70,10,20,10,20,0,10,10,30,20,0,90,10,10,10,0,10,70,20,50,20,0,20,1,2,0,0,10,20,0,20,20,20,10,0,20,40,0,30,0,10,20,30
p00019,Interview Prof. Sebille,Female,1976,Hispanic / Latino,Less than high school,"$30,000 to $55,999",Democrat,85,30,65,50,40,45,55,40,35,25,35,55,30,35,50,40,70,40,40,60,50,55,20,55,1,2,45,50,35,55,15,25,10,30,10,20,40,85,40,70,10,50,50,75
p00020,Measurement & modeling (2),Female,1966,White / Caucasian,Master's degree / Professional degree,"$56,000 to $99,999",Democrat,70,70,70,70,70,60,40,70,50,50,50,20,50,70,60,70,90,90,70,50,60,60,60,30,6,2,40,90,60,70,80,40,50,50,20,70,70,40,70,80,70,60,60,70
p00021,Corporate reliance,Male,1940,White / Caucasian,High school diploma / GED,"$30,000 to $55,999",Independent,70,40,25,20,60,30,25,25,20,55,40,40,45,15,15,40,30,10,45,50,85,20,30,25,4,2,30,35,35,20,15,10,25,30,45,15,20,15,15,25,65,15,25,40
p00022,Measurement & modeling (2),Female,1997,White / Caucasian,High school diploma / GED,"$30,000 to $55,999",Republican,10,0,20,10,0,20,10,10,10,40,0,0,100,30,50,0,0,0,100,10,10,10,10,90,1,2,10,30,0,10,0,10,10,0,0,10,0,0,20,30,60,10,0,10
p00023,control,Female,1973,White / Caucasian,Some college or Associate's degree,"$56,000 to $99,999",Republican,10,15,0,20,30,30,55,35,20,15,0,40,90,10,10,20,15,35,25,10,45,5,10,35,2,2,20,10,0,20,10,10,15,5,0,10,15,10,5,5,25,10,60,35
p00024,Portrait Prof. Cherry,Male,1997,Black / African American,High school diploma / GED,"$56,000 to $99,999",Democrat,60,70,70,90,50,60,70,40,50,70,60,70,20,90,80,90,60,60,60,90,70,70,70,10,1,2,70,80,70,70,70,30,30,60,40,70,80,70,70,70,80,20,70,50
p00025,Interview Prof. Sebille,Male,1960,Other,Less than high school,"Less than $30,000",Democrat,45,55,70,40,75,55,55,45,70,50,40,45,65,90,45,50,45,45,35,50,85,70,75,25,2,2,50,40,45,55,75,10,10,10,25,15,65,60,55,75,50,50,50,85
p00026,Funding,Male,1995,Hispanic / Latino,Some college or Associate's degree,"$168,000 or more",Democrat,73,90,72,63,72,73,71,80,74,49,72,44,27,69,82,86,45,78,44,86,63,70,49,27,1,1,58,46,82,71,39,75,9,78,91,59,86,18,87,63,79,18,84,63
p00027,Social justice,Female,1988,Black / African American,Bachelor's degree,"$100,000 to $167,999",Democrat,90,65,90,70,70,35,75,60,50,65,75,45,35,90,60,90,85,85,90,65,70,70,80,15,6,1,65,55,85,90,80,80,35,70,85,60,80,60,90,45,75,45,90,70
p00028,Consensus,Male,1990,Hispanic / Latino,High school diploma / GED,"Less than $30,000",Democrat,50,70,60,60,100,70,90,40,90,60,70,30,90,80,20,60,80,70,90,80,90,90,60,50,8,2,80,90,100,90,50,70,10,10,70,20,100,80,80,90,80,50,80,100
p00029,control,Female,1955,White / Caucasian,High school diploma / GED,"$30,000 to $55,999",Democrat,85,80,50,85,80,60,90,85,85,65,75,65,15,70,80,75,70,50,50,55,70,65,60,25,2,2,65,75,50,80,10,35,25,20,70,20,50,55,50,70,70,50,80,85
p00030,Funding,Female,1979,Hispanic / Latino,Some college or Associate's degree,"Less than $30,000",Democrat,55,90,60,55,45,35,75,45,45,45,65,65,10,45,65,70,65,35,85,65,85,80,70,25,6,2,85,60,35,60,90,55,60,60,45,65,90,50,75,90,85,50,85,85
p00031,Model accuracy,Male,1966,Hispanic / Latino,Bachelor's degree,"$56,000 to $99,999",Democrat,45,30,55,25,25,40,75,15,55,30,60,15,40,80,50,60,45,55,80,70,60,55,65,85,6,2,65,55,60,40,10,60,65,45,40,75,60,40,40,90,85,45,70,60
p00032,control,Female,1991,Asian / Asian American,Master's degree / Professional degree,"$100,000 to $167,999",Democrat,95,85,80,90,90,95,85,95,85,90,85,95,10,80,95,65,85,30,65,75,80,75,90,10,5,2,70,95,90,50,65,80,90,95,100,30,90,75,100,95,55,60,65,75
p00033,Peer-review,Female,1950,Black / African American,Some college or Associate's degree,"$30,000 to $55,999",Democrat,85,70,95,70,65,70,95,80,60,70,100,65,40,70,65,70,75,90,70,85,90,75,85,0,1,2,75,85,65,65,50,25,5,80,50,15,75,30,100,80,100,5,80,80
p00034,Interview Prof. Maraun,Male,1985,Black / African American,Some college or Associate's degree,"$100,000 to $167,999",Democrat,60,65,55,80,80,70,35,50,55,65,75,65,35,75,35,65,60,70,85,85,65,55,85,20,8,2,85,90,70,60,65,70,20,45,85,35,90,65,85,90,75,55,30,55
p00035,High public trust,Male,1980,Black / African American,Bachelor's degree,"$56,000 to $99,999",Democrat,60,65,75,60,65,50,60,55,50,65,75,35,65,45,80,90,85,55,45,60,80,70,50,15,4,2,70,65,60,65,45,25,90,50,35,90,45,45,75,80,60,45,70,65
p00036,Social justice,Female,1997,White / Caucasian,High school diploma / GED,"Less than $30,000",Democrat,72,62,84,79,99,84,60,79,50,65,29,61,8,42,67,53,55,88,99,80,86,95,62,20,1,1,92,83,96,68,73,80,14,35,84,27,95,86,97,84,99,84,81,86
p00037,Social justice,Female,1993,White / Caucasian,High school diploma / GED,"Less than $30,000",Republican,0,40,60,30,0,30,30,10,50,0,0,10,0,40,20,0,30,20,80,30,80,60,0,100,1,2,10,10,50,30,20,90,20,0,30,50,0,0,30,30,60,0,70,80
p00038,Model accuracy,Male,1989,White / Caucasian,High school diploma / GED,"$100,000 to $167,999",Republican,60,40,60,70,60,70,60,50,30,50,50,30,20,50,60,30,30,20,50,80,30,30,70,10,2,2,50,50,30,40,20,10,10,60,10,20,30,30,20,30,50,40,60,50
p00039,Corporate reliance,Male,1970,White / Caucasian,High school diploma / GED,"$56,000 to $99,999",Democrat,75,75,75,75,25,100,75,75,75,50,50,50,25,50,100,75,100,50,75,50,75,75,75,0,5,2,100,75,25,100,75,25,0,50,25,75,75,100,25,100,50,100,50,100
p00040,Funding,Female,1988,Other,Bachelor's degree,"$100,000 to $167,999",Republican,60,50,60,70,20,60,30,30,40,50,20,50,70,30,70,70,40,30,40,30,60,20,80,30,3,2,30,10,10,70,60,10,30,30,20,10,30,20,30,60,70,20,80,60
p00041,Interview Prof. Sebille,Male,1949,White / Caucasian,Some college or Associate's degree,"$56,000 to $99,999",Independent,10,10,10,30,40,10,10,30,10,0,10,0,40,30,0,90,10,40,90,100,100,90,30,90,1,2,100,60,90,50,0,10,0,0,0,10,40,70,90,100,90,80,90,40
p00042,Peer-review,Female,1969,Black / African American,High school diploma / GED,"Less than $30,000",Democrat,10,70,20,20,0,10,10,10,40,0,0,10,80,20,20,20,10,10,70,80,60,30,0,70,1,1,80,100,70,70,10,10,30,50,0,10,100,60,100,80,60,20,90,90
p00043,Portrait Prof. Cherry,Female,1981,Hispanic / Latino,Bachelor's degree,"$168,000 or more",Democrat,96,92,88,83,92,99,60,73,79,82,83,94,14,95,88,91,98,53,83,77,84,96,87,37,5,1,95,98,87,93,72,91,91,100,99,95,87,69,91,88,88,35,85,97
p00044,Consensus,Male,1957,White / Caucasian,Some college or Associate's degree,"$30,000 to $55,999",Republican,50,50,50,50,30,50,60,0,20,30,30,80,80,60,20,40,20,30,10,0,40,20,30,20,2,2,30,30,0,10,40,40,40,0,10,0,30,10,0,60,100,0,50,50
p00045,Former skeptics,Male,1955,White / Caucasian,Master's degree / Professional degree,"Less than $30,000",Republican,90,90,70,100,100,70,30,80,70,60,70,60,80,10,90,20,70,90,100,60,90,60,80,0,1,2,100,80,30,80,10,30,10,10,20,10,90,10,40,40,70,10,50,100
p00046,Interview Prof. Sebille,Male,1998,White / Caucasian,Master's degree / Professional degree,"$100,000 to $167,999",Democrat,95,95,90,85,95,95,80,100,95,95,95,65,5,85,80,65,95,90,55,95,75,60,90,5,8,2,85,90,70,85,70,45,50,75,95,85,80,80,95,60,80,85,90,95
p00047,Former skeptics,Female,1995,White / Caucasian,Some college or Associate's degree,"$30,000 to $55,999",Republican,40,45,65,80,25,50,55,30,45,70,50,45,75,55,35,35,50,30,55,10,15,25,35,65,1,2,45,10,25,30,40,50,20,40,10,45,20,15,30,40,45,15,40,55
p00048,Scientist community helpers,Male,2006,Asian / Asian American,High school diploma / GED,"$56,000 to $99,999",Republican,100,75,80,80,75,25,50,95,100,20,20,40,30,20,90,100,60,95,95,5,85,55,85,0,6,2,95,45,20,15,70,100,0,70,55,90,35,95,100,100,90,5,75,70
p00049,Corporate reliance,Male,1979,Black / African American,High school diploma / GED,"Less than $30,000",Republican,80,80,65,50,45,20,25,30,60,35,30,45,45,15,30,25,40,15,35,30,25,50,65,20,1,2,30,15,10,20,15,20,75,30,35,10,55,10,55,35,55,15,30,30
p00050,Corporate reliance,Female,1961,White / Caucasian,High school diploma / GED,"$30,000 to $55,999",Democrat,10,5,5,0,10,0,50,25,30,0,10,35,55,80,10,0,55,5,85,0,45,50,0,100,2,2,60,55,55,45,0,15,0,10,10,0,45,25,45,45,40,10,15,55
p00051,Interview Prof. Maraun,Male,1946,White / Caucasian,Master's degree / Professional degree,"$30,000 to $55,999",Independent,65,45,65,70,55,25,70,60,50,65,60,70,15,55,90,60,60,45,45,45,85,70,55,25,4,2,65,65,35,65,50,65,35,45,55,45,55,70,55,85,90,50,35,85
p00052,control,Female,1987,White / Caucasian,Master's degree / Professional degree,"$56,000 to $99,999",Independent,75,50,75,75,75,75,50,100,75,75,100,50,25,25,75,50,100,50,75,25,75,50,75,25,8,2,75,75,75,75,75,50,25,75,75,50,75,50,25,75,50,50,50,75
p00053,Measurement & modeling (2),Female,1999,Other,High school diploma / GED,"$30,000 to $55,999",Democrat,30,15,20,35,35,0,5,55,25,0,75,75,15,35,20,25,25,15,95,100,100,85,20,90,4,2,100,100,90,90,85,60,75,65,75,65,95,95,95,95,100,65,95,95
p00054,control,Female,1968,Black / African American,Bachelor's degree,"$56,000 to $99,999",Democrat,75,65,70,50,70,35,30,90,70,35,70,45,10,65,70,80,80,30,50,90,65,55,70,30,2,1,90,75,85,55,25,50,30,35,50,55,90,50,60,40,80,50,60,65
p00055,Model accuracy,Female,1981,Hispanic / Latino,Some college or Associate's degree,"$30,000 to $55,999",Democrat,50,74,66,72,65,64,92,86,52,13,25,79,23,54,57,59,54,32,61,62,72,20,9,12,8,1,80,43,51,62,84,58,18,15,15,33,60,92,86,77,83,41,46,84
p00056,Interview Prof. Sebille,Male,1991,White / Caucasian,Some college or Associate's degree,"Less than $30,000",Democrat,70,90,95,100,95,100,85,95,65,90,70,85,15,45,80,85,85,65,65,55,85,65,65,40,0,2,70,90,95,90,70,90,80,70,85,90,100,80,80,90,70,55,85,85
p00057,Social justice,Female,1984,White / Caucasian,Bachelor's degree,"$100,000 to $167,999",Republican,68,100,77,68,53,84,16,41,100,76,48,62,1,14,91,68,48,30,55,37,18,55,75,6,5,2,0,5,39,34,8,19,63,61,32,0,49,25,19,0,75,38,40,12
p00058,Social justice,Male,1992,White / Caucasian,Some college or Associate's degree,"Less than $30,000",Democrat,70,50,90,90,100,90,80,70,50,80,80,100,20,90,80,70,90,100,70,60,90,90,90,10,7,2,90,80,60,80,80,20,10,80,100,30,80,80,90,100,90,40,90,80
p00059,Consensus,Female,1969,White / Caucasian,Doctorate degree / Ph.D.,"$100,000 to $167,999",Democrat,75,85,45,65,85,75,85,75,65,90,70,85,35,40,80,60,65,70,85,60,90,80,85,20,1,2,45,65,85,25,80,65,60,40,85,65,85,80,90,85,85,50,85,55
p00060,control,Female,1999,White / Caucasian,Some college or Associate's degree,"$30,000 to $55,999",Democrat,75,55,70,40,50,70,40,65,55,40,55,55,20,80,45,40,90,30,30,75,90,60,90,10,7,1,50,65,85,65,65,80,55,90,50,90,65,65,25,80,80,80,90,75
p00061,Oil industry misinformation,Female,1970,White / Caucasian,Bachelor's degree,"$168,000 or more",Democrat,100,100,75,75,50,75,100,75,75,50,75,100,0,25,75,50,100,75,75,75,100,75,75,25,1,2,75,75,100,75,75,50,50,25,75,25,75,50,50,75,75,50,75,75
p00062,Consensus,Male,1985,White / Caucasian,Some college or Associate's degree,"$56,000 to $99,999",Democrat,100,95,85,90,100,100,85,85,95,70,90,50,10,75,95,95,45,80,100,70,85,100,100,5,3,2,95,85,90,80,45,35,90,70,90,40,100,80,85,70,40,30,90,90
p00063,Portrait Prof. Cherry,Male,1998,White / Caucasian,High school diploma / GED,"$30,000 to $55,999",Republican,10,40,40,20,0,10,10,30,10,0,10,0,30,0,30,20,10,50,50,70,50,50,10,70,4,2,50,10,40,60,30,0,20,20,60,20,30,30,40,20,60,20,20,50
p00064,Portrait Prof. Cherry,Female,2003,Other,Some college or Associate's degree,"$168,000 or more",Democrat,40,35,50,40,35,90,60,75,35,55,65,30,40,40,75,70,45,25,65,75,65,75,70,65,1,2,90,50,90,65,40,10,10,25,20,20,75,70,65,65,30,60,65,85
p00065,Funding,Male,2000,Hispanic / Latino,Some college or Associate's degree,"$30,000 to $55,999",Republican,83,86,71,60,47,62,77,42,84,20,45,42,59,0,48,57,87,53,66,59,79,100,82,100,9,1,83,68,71,22,51,50,34,0,8,37,94,39,39,60,69,0,28,94
p00066,Peer-review,Male,1985,White / Caucasian,Bachelor's degree,"Less than $30,000",Democrat,95,100,90,80,90,95,100,65,100,95,70,85,15,85,90,75,85,65,90,75,95,90,75,5,9,2,95,75,55,95,65,90,50,65,85,90,90,95,90,95,95,80,85,85
p00067,Portrait Prof. Cherry,Male,1991,Hispanic / Latino,Less than high school,"Less than $30,000",Democrat,50,60,60,30,20,50,100,50,0,20,0,60,20,50,100,60,50,40,60,90,100,90,60,30,2,2,100,100,100,100,30,0,0,0,20,60,90,100,100,100,90,50,100,90
p00068,Consensus,Female,1972,White / Caucasian,Some college or Associate's degree,"$56,000 to $99,999",Republican,70,80,60,40,50,30,50,50,30,30,50,40,30,20,30,40,20,70,20,30,80,40,70,20,2,2,50,30,10,20,20,30,10,20,40,20,30,30,70,30,30,40,20,70
p00069,Interview Prof. Sebille,Female,1966,Black / African American,Master's degree / Professional degree,"$30,000 to $55,999",Democrat,70,80,90,90,60,80,50,70,70,70,60,60,90,80,60,90,80,80,60,50,30,90,80,30,3,1,90,90,60,80,40,60,10,40,90,60,80,70,50,80,70,30,80,70
p00070,Consensus,Female,1966,White / Caucasian,Bachelor's degree,"$30,000 to $55,999",Republican,70,90,70,70,60,80,50,70,60,60,80,80,50,10,60,50,70,20,80,30,80,30,80,10,1,2,30,20,40,20,10,40,20,40,30,10,30,40,40,20,70,10,60,50
p00071,Interview Prof. Sebille,Female,1957,White / Caucasian,High school diploma / GED,"$100,000 to $167,999",Democrat,60,70,80,30,80,70,50,70,70,90,20,30,10,50,70,70,60,50,80,50,60,30,60,30,2,2,60,70,50,80,10,50,20,40,10,10,70,60,60,90,60,60,60,30
p00072,Portrait Prof. Cherry,Female,1958,White / Caucasian,Bachelor's degree,"$56,000 to $99,999",Democrat,100,100,80,80,70,60,60,80,100,60,70,70,40,50,90,60,90,80,80,100,90,90,90,20,9,2,90,60,80,60,90,60,70,30,20,100,60,80,80,90,90,40,100,100
p00073,Interview Prof. Sebille,Female,1978,Black / African American,Master's degree / Professional degree,"$56,000 to $99,999",Democrat,50,90,95,95,55,90,70,100,80,100,80,75,75,40,100,100,45,20,90,75,80,85,90,15,6,2,90,90,85,100,75,80,65,100,50,80,90,75,100,85,90,60,100,100
p00074,High public trust,Female,1960,White / Caucasian,Doctorate degree / Ph.D.,"$30,000 to $55,999",Republican,70,90,65,60,75,70,60,75,50,55,55,35,85,85,90,70,65,50,70,65,70,45,75,40,0,2,70,65,70,75,50,25,45,15,60,15,65,10,45,30,80,75,45,70
p00075,Oil industry misinformation,Male,1961,White / Caucasian,Master's degree / Professional degree,"$100,000 to $167,999",Republican,75,60,60,75,70,60,45,45,85,75,60,60,50,40,60,50,20,85,35,15,70,10,55,40,0,2,25,20,20,60,10,10,10,10,40,20,10,20,35,65,45,30,35,35
p00076,control,Female,2007,White / Caucasian,Some college or Associate's degree,"$30,000 to $55,999",Democrat,91,91,90,52,70,47,80,69,45,52,64,83,13,74,61,64,68,87,86,64,82,49,68,40,4,2,89,72,59,52,19,41,58,65,76,56,92,74,85,59,67,49,68,53
p00077,Funding,Male,2007,Black / African American,Less than high school,"Less than $30,000",Democrat,43,9,68,44,17,43,43,32,56,29,45,61,17,50,29,45,25,57,73,59,85,56,25,59,2,1,53,27,53,43,48,17,20,36,13,36,42,17,61,61,53,22,62,76
p00078,Social justice,Female,1957,Black / African American,High school diploma / GED,"Less than $30,000",Democrat,50,50,60,80,20,60,70,80,70,50,20,60,30,60,80,60,70,70,60,60,80,50,80,40,7,2,90,80,90,70,10,30,30,90,30,60,70,80,80,80,80,20,60,50
p00079,control,Male,1973,White / Caucasian,Some college or Associate's degree,"$100,000 to $167,999",Republican,90,50,70,60,70,60,80,50,20,60,90,50,30,50,70,60,40,20,40,30,10,50,90,70,3,1,20,10,30,20,40,40,30,60,60,20,30,20,10,10,40,10,70,30
p00080,control,Male,1976,White / Caucasian,Some college or Associate's degree,"$56,000 to $99,999",Democrat,70,60,60,10,30,70,40,40,10,50,50,10,50,10,70,30,10,70,50,60,40,70,10,60,1,2,90,40,60,60,10,30,10,40,70,30,40,20,60,70,40,90,90,60
p00081,control,Female,1997,White / Caucasian,Bachelor's degree,"$100,000 to $167,999",Democrat,75,75,75,75,75,75,75,100,75,75,75,75,0,100,75,75,75,50,75,50,75,75,75,0,5,1,75,75,50,75,100,75,50,75,100,50,100,50,75,75,75,50,75,75
p00082,Former skeptics,Male,1974,White / Caucasian,High school diploma / GED,"$168,000 or more",Democrat,40,60,80,20,50,30,90,80,60,40,30,30,40,10,80,90,70,70,90,50,80,70,50,20,5,1,50,80,90,70,80,40,50,40,90,10,80,60,80,70,90,20,90,60
p00083,Social justice,Male,1961,White / Caucasian,Some college or Associate's degree,"$56,000 to $99,999",Republican,70,80,100,20,30,40,80,50,50,50,90,80,30,0,30,20,30,20,90,10,50,60,70,20,0,2,80,10,20,30,20,70,0,30,40,20,0,40,40,70,90,0,0,90
p00084,Interview Prof. Maraun,Male,1948,White / Caucasian,High school diploma / GED,"Less than $30,000",Democrat,80,65,60,65,75,70,90,85,70,60,75,60,15,80,85,25,90,65,55,35,85,45,90,15,4,2,60,75,75,90,85,55,25,50,90,20,80,60,75,80,80,55,70,60
p00085,Measurement & modeling (2),Female,1992,Hispanic / Latino,Master's degree / Professional degree,"$56,000 to $99,999",Democrat,75,65,85,90,40,80,85,85,70,60,75,90,55,25,80,90,55,35,30,75,80,65,80,25,0,2,50,60,60,60,75,65,65,10,70,35,85,65,60,90,60,55,85,65
p00086,High public trust,Male,1987,White / Caucasian,Less than high school,"$100,000 to $167,999",Republican,41,11,34,23,35,47,57,19,22,27,16,10,8,45,36,8,39,40,67,8,13,29,29,67,1,2,26,24,42,27,38,36,75,9,72,24,51,29,32,38,19,35,18,40
p00087,Interview Prof. Sebille,Male,1998,Black / African American,High school diploma / GED,"$100,000 to $167,999",Republican,60,90,30,70,50,50,40,40,60,70,20,40,80,10,40,50,50,60,50,40,50,30,80,30,0,2,60,10,40,10,40,40,60,60,20,20,10,20,40,20,50,20,60,30
p00088,Interview Prof. Maraun,Male,1998,White / Caucasian,Bachelor's degree,"$30,000 to $55,999",Democrat,85,95,100,45,70,90,75,25,95,95,65,20,15,80,75,75,50,40,70,45,90,35,70,15,8,2,95,70,70,65,65,55,15,70,85,25,70,55,80,45,75,35,95,75
p00089,Former skeptics,Male,1958,Asian / Asian American,High school diploma / GED,"$100,000 to $167,999",Democrat,60,60,65,50,75,85,55,75,55,75,65,70,30,60,55,65,65,35,85,75,70,90,50,60,3,2,75,75,80,80,80,15,50,55,65,70,20,35,65,65,50,40,65,90
p00090,Corporate reliance,Male,1970,White / Caucasian,High school diploma / GED,"$56,000 to $99,999",Democrat,95,65,95,90,85,95,85,85,85,95,85,90,20,70,90,80,45,60,90,80,65,75,80,50,3,1,55,30,70,45,65,85,70,65,75,95,70,55,65,40,90,70,70,70
p00091,Peer-review,Female,1963,White / Caucasian,High school diploma / GED,"$56,000 to $99,999",Republican,70,20,40,10,30,50,40,40,10,40,40,50,70,20,30,30,10,20,30,40,60,20,10,50,5,2,20,50,20,10,40,40,50,20,40,10,20,30,70,60,30,20,30,30
p00092,Measurement & modeling (1),Male,1981,Hispanic / Latino,High school diploma / GED,"Less than $30,000",Democrat,60,90,60,80,70,70,80,90,70,60,70,70,30,80,60,60,70,50,80,80,60,60,60,10,7,2,80,30,90,90,80,10,10,70,60,70,50,60,90,80,70,70,90,60
p00093,control,Female,1974,White / Caucasian,Master's degree / Professional degree,"$56,000 to $99,999",Democrat,95,95,90,100,100,100,95,90,95,95,85,95,10,95,90,100,90,100,100,100,85,100,90,0,7,2,100,100,90,100,75,40,50,70,100,80,100,100,90,90,100,45,95,90
p00094,Extreme weather predictions,Male,1989,White / Caucasian,High school diploma / GED,"Less than $30,000",Republican,20,50,50,30,40,30,30,20,60,20,50,60,50,40,50,20,50,80,90,10,60,40,30,40,1,2,40,10,40,10,20,40,10,50,60,10,10,30,30,40,40,30,60,60
p00095,Scientist community helpers,Male,2005,White / Caucasian,High school diploma / GED,"$56,000 to $99,999",Independent,50,80,50,50,60,35,45,50,55,60,50,50,70,60,70,90,45,55,65,35,80,50,55,55,1,2,50,55,45,55,10,60,50,75,45,85,90,55,55,40,65,10,45,60
p00096,Corporate reliance,Male,1998,Asian / Asian American,Bachelor's degree,"$100,000 to $167,999",Republican,10,20,10,0,0,10,10,0,20,0,20,0,100,0,60,0,0,0,10,0,30,0,60,50,0,2,90,10,10,0,0,0,10,10,10,10,0,100,10,20,70,0,20,30
p00097,Measurement & modeling (2),Female,2005,White / Caucasian,Bachelor's degree,"$168,000 or more",Independent,83,100,92,0,95,46,63,63,58,55,37,83,59,33,37,81,64,32,59,40,95,40,77,29,1,2,96,61,43,36,49,71,61,92,0,50,83,19,68,92,80,37,89,76
p00098,Measurement & modeling (2),Female,1951,White / Caucasian,High school diploma / GED,"Less than $30,000",Republican,30,40,20,40,20,60,20,30,20,40,30,30,70,50,40,20,40,20,30,60,30,10,20,60,6,1,50,20,30,20,40,20,20,20,10,10,30,30,50,30,50,30,30,50
p00099,control,Female,1946,White / Caucasian,Master's degree / Professional degree,"$56,000 to $99,999",Democrat,85,55,65,80,85,50,80,70,80,65,80,45,85,75,85,65,80,25,55,45,80,45,80,10,4,2,80,30,40,85,65,35,40,40,70,55,60,55,40,80,55,10,90,80
p00100,Funding,Female,1956,Black / African American,Bachelor's degree,"$30,000 to $55,999",Democrat,65,55,100,100,75,40,90,85,50,45,95,75,0,100,80,90,95,0,90,85,100,100,75,10,0,2,100,70,90,90,85,25,10,40,95,5,85,95,100,95,85,95,100,95
p00101,Extreme weather predictions,Female,2006,Other,Bachelor's degree,"$56,000 to $99,999",Democrat,50,70,60,90,90,50,90,70,70,50,80,30,30,50,60,80,90,70,90,90,90,90,80,10,8,2,80,80,90,80,60,50,20,70,60,50,50,70,80,90,70,50,80,80
p00102,Measurement & modeling (1),Male,2004,White / Caucasian,Less than high school,"Less than $30,000",Democrat,30,10,40,10,10,10,10,10,0,20,0,10,10,30,10,30,20,0,80,70,70,100,0,100,4,1,60,70,80,10,90,70,10,60,80,10,100,60,60,50,60,40,70,30
p00103,Measurement & modeling (1),Male,1997,White / Caucasian,Bachelor's degree,"$168,000 or more",Independent,90,90,85,100,45,65,60,85,85,80,100,70,90,55,90,85,45,45,70,20,50,90,65,60,1,2,50,10,55,70,95,55,45,20,70,30,60,40,45,15,100,5,55,65
p00104,control,Female,1971,White / Caucasian,High school diploma / GED,"$30,000 to $55,999",Republican,75,25,25,0,50,25,25,50,25,50,25,25,50,0,25,25,0,25,50,50,50,50,25,75,0,2,25,50,25,50,25,25,25,25,50,0,25,25,25,25,50,25,25,50
p00105,control,Female,1987,White / Caucasian,Some college or Associate's degree,"$100,000 to $167,999",Republican,60,70,70,30,30,30,10,50,60,50,40,30,60,20,60,30,0,10,100,30,60,60,80,50,2,2,70,0,10,50,50,30,30,40,10,10,0,10,20,30,60,0,60,90
p00106,Portrait Prof. Cherry,Female,1999,White / Caucasian,Less than high school,"Less than $30,000",Independent,50,55,30,80,45,10,15,70,95,0,30,30,35,40,5,10,30,35,95,85,60,100,35,60,0,2,95,95,95,85,10,60,25,15,90,55,95,65,100,85,100,100,95,80
p00107,Funding,Male,1958,White / Caucasian,Bachelor's degree,"$100,000 to $167,999",Democrat,97,97,88,84,91,81,97,93,95,81,91,84,6,69,78,69,96,68,86,55,93,93,89,3,5,2,81,95,96,64,50,69,63,64,97,20,98,86,100,86,87,58,94,90
p00108,Corporate reliance,Male,1978,White / Caucasian,High school diploma / GED,"$100,000 to $167,999",Republican,20,40,20,70,20,15,25,20,30,20,15,15,65,25,25,35,20,20,40,40,25,65,10,45,3,1,15,35,25,10,20,10,35,10,25,20,30,25,35,40,55,25,15,60
p00109,Measurement & modeling (2),Female,1975,White / Caucasian,Bachelor's degree,"$100,000 to $167,999",Republican,90,65,100,30,0,20,80,70,15,45,20,65,35,5,25,85,60,15,25,20,60,30,5,0,2,1,25,50,40,20,15,50,0,10,40,35,85,80,10,80,30,60,0,50
p00110,control,Male,1954,White / Caucasian,High school diploma / GED,"$100,000 to $167,999",Republican,97,91,22,62,45,61,58,59,100,67,49,85,98,30,80,11,24,7,6,31,69,20,81,17,3,1,74,24,49,56,32,25,9,21,54,3,39,4,39,25,85,7,36,89
p00111,High public trust,Female,1967,White / Caucasian,Some college or Associate's degree,"$100,000 to $167,999",Republican,20,10,30,25,10,35,35,15,25,10,35,10,50,35,25,25,10,30,45,40,35,45,20,60,6,2,35,35,30,35,35,10,25,15,50,20,35,30,30,40,40,50,15,55
p00112,Measurement & modeling (2),Male,1973,White / Caucasian,Bachelor's degree,"$100,000 to $167,999",Republican,80,90,90,60,80,30,80,50,50,60,70,30,90,50,60,40,70,60,30,10,70,70,60,40,2,2,50,70,30,70,10,10,60,30,20,30,20,20,30,30,60,30,60,50
p00113,Interview Prof. Sebille,Male,1997,White / Caucasian,Less than high school,"Less than $30,000",Independent,10,50,90,30,10,40,50,20,30,40,60,0,20,60,70,30,90,20,40,100,40,50,0,90,2,1,50,80,70,40,40,40,20,80,90,30,10,30,70,70,90,0,40,70
p00114,Scientist community helpers,Female,1966,White / Caucasian,Some college or Associate's degree,"$56,000 to $99,999",Republican,91,25,27,62,34,27,27,35,8,0,33,1,9,26,92,60,48,11,2,9,53,39,9,97,1,2,57,24,13,45,55,1,19,20,52,18,17,23,90,99,33,0,26,92
p00115,control,Female,1941,White / Caucasian,High school diploma / GED,"$30,000 to $55,999",Republican,47,35,37,58,25,63,19,37,30,18,28,17,88,35,17,21,27,8,30,18,63,34,45,65,4,2,18,38,52,89,19,27,19,13,22,43,26,54,25,18,10,23,34,26
p00116,Extreme weather predictions,Male,2004,Hispanic / Latino,Some college or Associate's degree,"$30,000 to $55,999",Democrat,90,60,80,80,80,90,90,90,90,50,80,70,15,70,30,80,80,80,80,40,75,90,80,20,5,2,85,90,75,90,60,80,55,65,65,90,75,85,85,85,65,65,80,80
p00117,Social justice,Female,1974,Black / African American,High school diploma / GED,"$100,000 to $167,999",Republican,50,70,90,20,70,70,90,20,50,30,80,20,40,10,50,70,100,60,70,50,90,0,90,10,10,2,30,70,10,60,10,0,10,10,90,0,30,50,70,30,80,0,60,100
p00118,Extreme weather predictions,Female,1946,White / Caucasian,High school diploma / GED,"$30,000 to $55,999",Democrat,80,70,30,90,70,60,50,70,70,80,40,50,70,40,80,100,70,100,80,50,90,70,60,100,3,2,30,60,70,30,0,70,20,40,80,70,80,70,80,70,60,70,70,80
p00119,Measurement & modeling (1),Female,1983,White / Caucasian,Bachelor's degree,"$100,000 to $167,999",Republican,55,45,40,30,45,10,35,25,80,55,25,60,45,30,60,15,35,15,75,30,60,85,65,60,3,2,70,60,10,50,55,30,20,70,15,15,60,25,65,30,80,25,45,55
p00120,Model accuracy,Male,1951,White / Caucasian,Less than high school,"Less than $30,000",Republican,30,11,38,35,12,22,14,12,31,36,37,16,86,18,50,39,13,17,29,15,53,35,37,42,0,2,36,9,17,23,21,24,11,24,23,22,41,34,37,12,56,8,37,32
p00121,Interview Prof. Sebille,Female,1955,White / Caucasian,High school diploma / GED,"$56,000 to $99,999",Democrat,40,90,40,60,90,30,70,50,60,30,30,50,30,70,40,40,60,80,20,40,30,70,70,50,2,2,70,70,90,60,60,30,60,50,60,20,80,80,50,70,80,60,80,80
p00122,Measurement & modeling (1),Male,1951,White / Caucasian,Some college or Associate's degree,"$30,000 to $55,999",Democrat,47,66,85,29,80,74,87,85,71,80,80,90,74,70,33,98,83,99,16,65,79,42,97,46,2,1,92,97,96,54,23,42,60,1,29,10,78,61,80,70,97,72,91,77
p00123,Interview Prof. Maraun,Male,1975,Black / African American,Less than high school,"Less than $30,000",Democrat,3,82,8,77,58,76,39,95,39,24,75,57,38,54,86,11,92,34,64,65,87,77,89,59,1,2,1,87,79,72,81,26,57,44,75,25,32,30,80,78,67,47,94,84
p00124,Funding,Female,2007,Black / African American,High school diploma / GED,"Less than $30,000",Democrat,25,60,65,60,50,35,95,70,60,60,100,25,0,45,85,40,30,40,100,55,80,70,60,10,4,2,85,70,100,65,85,95,75,30,40,45,100,100,95,95,95,40,95,100
p00125,control,Male,1956,Black / African American,Some college or Associate's degree,"Less than $30,000",Democrat,55,20,30,15,10,40,35,30,40,60,20,20,50,30,80,15,75,80,40,40,60,20,55,55,5,2,10,60,20,0,10,10,0,15,10,10,50,70,60,65,50,45,75,45
p00126,Measurement & modeling (1),Female,2001,White / Caucasian,Master's degree / Professional degree,"$168,000 or more",Democrat,60,70,70,50,70,70,70,80,70,60,60,20,20,50,80,70,70,70,70,70,50,60,70,90,7,1,50,70,70,60,30,40,50,60,20,50,60,50,90,80,60,70,70,30
p00127,Measurement & modeling (1),Male,1966,Hispanic / Latino,Some college or Associate's degree,"Less than $30,000",Republican,30,35,55,10,10,20,20,40,30,20,20,55,55,15,30,45,45,20,25,40,25,75,70,40,4,2,40,70,10,15,20,15,20,35,20,15,20,20,60,40,15,55,20,35
p00128,Social justice,Female,1990,Hispanic / Latino,Less than high school,"$56,000 to $99,999",Republican,50,25,0,0,25,0,75,25,0,25,0,25,50,25,75,75,0,0,50,0,100,0,75,100,1,2,75,25,0,50,25,0,0,50,0,0,0,0,0,0,75,0,50,75
p00129,control,Female,1984,White / Caucasian,High school diploma / GED,"$30,000 to $55,999",Democrat,60,60,90,30,80,70,10,60,40,70,30,60,20,50,70,60,50,60,90,60,90,70,90,20,1,1,80,80,60,80,40,40,30,70,20,40,60,70,90,90,70,10,70,70
p00130,Extreme weather predictions,Female,1975,Black / African American,Less than high school,"Less than $30,000",Independent,7,6,2,0,17,27,39,79,10,5,16,20,92,7,37,15,15,12,26,36,12,42,36,70,0,2,23,3,34,34,16,7,1,15,16,7,77,12,74,65,95,17,25,16
p00131,Consensus,Female,1994,White / Caucasian,Some college or Associate's degree,"$56,000 to $99,999",Republican,35,30,10,35,10,10,50,50,30,40,20,30,30,10,20,50,55,45,25,20,15,25,50,75,0,2,10,15,30,40,15,50,45,10,10,60,30,15,10,15,30,10,10,55
p00132,Interview Prof. Sebille,Male,1974,White / Caucasian,High school diploma / GED,"Less than $30,000",Republican,90,80,55,10,35,20,0,15,40,0,30,85,80,45,30,5,0,0,0,5,25,15,20,100,1,2,0,0,0,5,10,20,10,0,10,35,0,100,80,30,15,10,55,10
p00133,Measurement & modeling (2),Female,1964,White / Caucasian,Some college or Associate's degree,"$56,000 to $99,999",Republican,46,29,76,38,18,40,1,35,76,32,5,42,34,0,38,78,7,10,5,17,69,9,65,33,2,2,41,17,2,12,8,18,60,14,2,3,20,2,40,28,56,8,20,23
p00134,Scientist community helpers,Male,1986,White / Caucasian,High school diploma / GED,"$30,000 to $55,999",Democrat,0,50,50,40,60,80,60,60,60,50,30,30,40,50,100,60,90,60,60,100,60,70,60,10,5,2,100,70,70,70,80,60,50,80,60,0,50,70,70,90,90,40,20,90
p00135,Corporate reliance,Female,1991,Hispanic / Latino,Master's degree / Professional degree,"$100,000 to $167,999",Democrat,75,95,70,80,75,65,95,65,70,65,40,80,10,75,95,95,95,75,100,95,85,90,50,50,9,1,85,95,80,100,85,80,95,65,10,95,80,90,95,80,80,60,100,70
p00136,Interview Prof. Maraun,Female,1987,White / Caucasian,High school diploma / GED,"Less than $30,000",Independent,56,43,66,38,45,52,42,66,85,26,55,23,30,33,55,32,64,34,76,51,65,30,96,40,1,2,67,93,18,27,44,28,36,29,71,10,79,62,27,86,48,50,49,73
p00137,Interview Prof. Sebille,Male,1955,Black / African American,Some college or Associate's degree,"$56,000 to $99,999",Democrat,70,70,70,65,70,85,35,55,45,60,40,25,85,45,85,70,30,50,60,90,85,70,70,20,0,2,75,85,70,70,10,45,10,40,45,20,85,65,85,80,85,40,75,80
p00138,Measurement & modeling (1),Female,1946,White / Caucasian,Some college or Associate's degree,"$30,000 to $55,999",Republican,85,35,55,40,60,15,70,65,45,10,20,60,60,40,40,50,20,20,50,30,65,80,25,40,4,2,70,45,40,50,20,25,25,55,35,25,55,40,50,55,85,10,50,80
p00139,Interview Prof. Maraun,Male,1958,White / Caucasian,Less than high school,"Less than $30,000",Republican,10,20,10,55,15,20,15,10,10,10,25,15,60,15,85,40,25,25,55,30,45,15,60,70,0,2,25,15,25,20,15,15,35,15,10,20,20,20,70,20,50,15,40,55
p00140,Oil industry misinformation,Male,1953,White / Caucasian,Less than high school,"$56,000 to $99,999",Republican,20,20,10,10,0,90,20,10,20,30,40,10,90,30,10,40,50,20,20,10,10,40,0,40,2,1,30,50,0,10,0,10,20,10,10,20,20,0,20,0,30,10,50,20
p00141,Social justice,Female,1973,Black / African American,Some college or Associate's degree,"$56,000 to $99,999",Democrat,50,50,50,75,100,75,50,75,75,75,75,75,75,75,75,50,50,50,100,75,75,75,50,25,4,2,100,100,75,50,75,25,75,100,75,25,100,50,75,75,75,75,75,100
p00142,Corporate reliance,Male,1961,White / Caucasian,Bachelor's degree,"$100,000 to $167,999",Democrat,100,65,70,70,60,25,65,70,80,55,0,75,10,45,80,70,65,75,90,65,40,65,70,40,3,2,80,55,75,65,40,60,40,35,55,60,70,70,55,75,40,30,85,20
p00143,Measurement & modeling (2),Male,1955,White / Caucasian,Doctorate degree / Ph.D.,"$100,000 to $167,999",Democrat,88,100,89,91,100,91,91,86,68,88,59,73,16,63,91,100,80,100,87,98,100,100,90,0,2,1,100,100,91,91,62,0,98,92,81,16,100,78,39,100,100,58,99,96
p00144,Oil industry misinformation,Male,1965,White / Caucasian,High school diploma / GED,"Less than $30,000",Republican,80,60,70,60,30,50,60,10,50,30,10,70,80,0,90,20,80,0,80,10,20,30,60,10,5,2,90,0,40,10,10,10,20,30,10,20,50,0,0,30,20,0,10,50
p00145,Measurement & modeling (1),Female,1997,Other,Master's degree / Professional degree,"$56,000 to $99,999",Democrat,80,70,60,60,70,50,60,70,50,50,70,90,50,60,60,90,80,50,70,60,90,50,50,20,10,1,90,70,70,60,60,80,50,60,50,80,90,70,70,90,80,40,70,80
p00146,Model accuracy,Female,2000,White / Caucasian,Bachelor's degree,"$56,000 to $99,999",Republican,70,50,50,70,30,50,0,100,40,40,10,0,60,20,100,0,50,30,90,50,70,80,70,100,3,2,30,80,20,60,0,10,10,10,30,30,60,0,80,40,70,40,50,90
p00147,control,Male,2002,White / Caucasian,Less than high school,"Less than $30,000",Independent,90,80,40,80,20,70,40,40,40,30,60,40,20,0,50,0,90,30,50,20,30,10,60,50,5,2,40,30,0,40,0,100,0,10,10,50,60,30,30,50,60,40,20,60
p00148,Portrait Prof. Cherry,Male,1999,White / Caucasian,Bachelor's degree,"$30,000 to $55,999",Republican,95,40,85,65,85,100,70,65,85,25,65,90,70,10,80,80,50,55,55,100,35,15,70,50,0,2,5,55,30,45,70,75,50,20,5,5,10,10,5,60,40,25,30,5
p00149,control,Female,1974,White / Caucasian,Some college or Associate's degree,"$100,000 to $167,999",Democrat,90,30,70,70,70,50,90,90,75,55,65,65,55,70,100,65,65,20,90,75,95,95,85,5,4,2,85,65,65,55,45,40,50,65,60,65,60,65,95,75,90,5,60,65
p00150,Peer-review,Female,1971,White / Caucasian,Some college or Associate's degree,"$56,000 to $99,999",Republican,60,30,20,20,40,60,10,40,60,10,20,40,40,30,30,40,30,60,50,40,50,60,50,10,1,2,20,10,10,20,10,10,20,60,10,20,30,20,50,40,70,20,90,70
p00151,Model accuracy,Male,1958,White / Caucasian,High school diploma / GED,"$30,000 to $55,999",Republican,38,46,49,8,12,43,58,45,70,39,17,8,25,91,31,17,19,65,26,53,30,51,35,34,1,2,34,16,29,35,31,31,9,21,71,20,15,36,25,58,43,21,73,72
p00152,Portrait Prof. Cherry,Male,1946,White / Caucasian,High school diploma / GED,"Less than $30,000",Democrat,55,75,35,60,50,50,75,70,50,70,60,45,15,60,65,70,70,60,60,85,60,60,85,25,4,2,75,25,50,60,25,55,15,40,70,80,70,60,80,60,90,40,90,85
p00153,Consensus,Female,2002,White / Caucasian,Some college or Associate's degree,"$56,000 to $99,999",Democrat,65,65,65,80,60,55,80,70,75,45,65,35,0,20,90,70,100,25,55,100,80,65,100,45,0,2,80,100,85,65,70,80,0,65,100,60,90,55,95,60,65,15,80,50
p00154,High public trust,Male,2007,White / Caucasian,Some college or Associate's degree,"$100,000 to $167,999",Democrat,90,90,60,80,80,90,100,80,30,50,70,90,10,70,70,90,80,90,90,70,60,70,80,0,6,2,100,100,90,90,30,100,0,80,70,30,80,90,100,90,100,0,80,90
p00155,control,Male,1994,White / Caucasian,Master's degree / Professional degree,"$100,000 to $167,999",Republican,45,100,90,65,80,75,50,65,0,50,35,25,15,5,80,45,55,75,30,70,45,25,75,0,6,2,40,20,20,20,15,20,35,0,35,35,35,15,25,80,45,5,30,80
p00156,Interview Prof. Sebille,Female,1946,White / Caucasian,Less than high school,"$30,000 to $55,999",Independent,40,50,40,30,10,30,30,30,60,20,40,50,20,30,40,40,40,70,40,30,50,50,40,30,2,2,20,30,40,10,20,10,10,10,30,20,20,20,60,50,90,10,80,40
p00157,control,Male,1971,White / Caucasian,Master's degree / Professional degree,"$100,000 to $167,999",Democrat,100,90,85,90,100,90,90,95,90,95,90,100,10,85,60,85,100,100,90,65,100,75,95,15,5,2,100,80,95,95,90,45,65,85,85,100,95,100,100,100,95,90,100,100
p00158,control,Male,1965,White / Caucasian,Some college or Associate's degree,"$56,000 to $99,999",Republican,20,30,15,30,30,70,25,20,60,30,35,10,70,10,35,30,40,30,20,10,25,55,20,35,2,2,20,20,30,10,30,10,35,20,10,10,10,15,25,40,25,45,30,60
p00159,Measurement & modeling (1),Female,1998,White / Caucasian,High school diploma / GED,"$56,000 to $99,999",Democrat,62,52,71,45,35,22,87,72,16,70,81,67,8,69,30,34,66,29,70,84,79,75,41,8,1,2,35,71,62,73,21,31,58,83,83,39,83,69,65,49,46,68,35,49
p00160,Consensus,Female,2003,Black / African American,High school diploma / GED,"$100,000 to $167,999",Democrat,65,65,65,45,65,80,75,55,35,35,65,75,65,90,60,60,75,65,75,75,90,55,80,35,5,2,90,85,90,85,85,55,50,65,55,65,60,70,50,75,60,40,60,70
p00161,Former skeptics,Male,1988,White / Caucasian,Master's degree / Professional degree,"$168,000 or more",Republican,80,100,100,40,70,40,100,70,60,70,90,70,50,10,50,80,60,0,50,50,100,0,90,20,2,1,0,10,0,10,10,80,70,10,10,10,20,0,40,50,90,0,30,30
p00162,Interview Prof. Maraun,Male,1946,Asian / Asian American,Master's degree / Professional degree,"$168,000 or more",Republican,25,100,100,75,25,100,75,100,75,100,50,100,0,0,50,50,50,25,50,25,100,25,75,25,0,1,25,25,0,25,25,0,25,50,25,25,50,100,0,75,50,25,50,50
p00163,control,Male,1971,Hispanic / Latino,Some college or Associate's degree,"$56,000 to $99,999",Democrat,50,60,50,70,90,70,20,70,70,50,60,50,60,80,60,40,60,70,70,30,30,90,50,30,0,2,80,70,50,50,50,30,20,50,60,20,70,10,40,40,80,60,80,80
p00164,Former skeptics,Female,2006,Other,Some college or Associate's degree,"$30,000 to $55,999",Democrat,100,95,85,95,85,90,100,45,90,85,100,60,0,100,100,95,75,90,75,65,95,65,85,15,4,2,70,75,90,75,50,40,55,30,100,45,75,50,100,95,95,50,85,95
p00165,Former skeptics,Female,2007,Hispanic / Latino,Less than high school,"$30,000 to $55,999",Independent,50,60,35,55,20,35,50,25,45,65,30,15,75,55,45,40,50,15,45,55,50,70,75,50,7,2,40,45,90,40,55,35,30,30,10,10,70,65,60,70,40,15,35,75
p00166,Scientist community helpers,Female,1975,Hispanic / Latino,Bachelor's degree,"$100,000 to $167,999",Republican,30,70,30,20,50,10,40,60,30,50,60,70,50,20,50,60,50,40,70,60,60,70,60,50,3,2,20,50,60,70,90,20,10,30,10,50,70,50,70,60,60,40,30,60
p00167,Measurement & modeling (1),Male,1982,White / Caucasian,Some college or Associate's degree,"$30,000 to $55,999",Republican,15,19,51,7,15,3,25,20,36,15,18,29,19,13,26,32,3,10,78,48,90,49,2,52,1,2,95,98,52,77,9,22,9,5,14,3,34,2,62,99,74,31,76,82
p00168,Consensus,Female,1946,White / Caucasian,High school diploma / GED,"$100,000 to $167,999",Republican,15,10,15,5,10,5,15,5,10,20,15,0,65,5,15,50,35,40,55,20,5,20,5,60,0,2,10,15,15,5,0,0,15,5,15,5,15,0,0,50,20,0,10,70
p00169,Scientist community helpers,Male,1968,Asian / Asian American,High school diploma / GED,"$168,000 or more",Independent,75,100,60,30,65,70,75,25,40,75,40,30,15,55,65,80,80,75,90,50,100,85,5,40,8,2,85,80,70,85,5,55,60,100,75,60,95,85,95,100,90,60,85,85
p00170,Interview Prof. Sebille,Male,1965,White / Caucasian,Some college or Associate's degree,"$56,000 to $99,999",Democrat,45,95,80,35,55,90,10,70,40,15,55,50,0,65,70,60,100,55,50,70,30,60,70,15,3,2,80,90,75,50,15,15,0,15,30,30,60,80,90,90,50,40,85,45
p00171,Scientist community helpers,Female,2007,White / Caucasian,Some college or Associate's degree,"$56,000 to $99,999",Republican,32,50,35,35,55,10,53,49,8,21,31,15,42,23,26,19,25,14,52,37,15,24,32,58,0,2,24,26,12,34,9,72,25,37,9,16,13,19,16,22,34,24,23,49
p00172,control,Male,1952,Black / African American,Master's degree / Professional degree,"$168,000 or more",Democrat,100,85,85,95,80,95,85,80,90,90,80,50,15,95,100,95,95,75,70,65,65,85,85,0,5,2,90,60,75,80,80,60,75,50,85,85,65,75,65,90,80,75,85,80
p00173,Scientist community helpers,Female,1988,White / Caucasian,High school diploma / GED,"$100,000 to $167,999",Republican,60,40,40,30,80,30,10,40,50,50,0,30,50,10,60,30,0,10,40,10,50,20,10,20,1,2,10,20,10,40,20,50,60,10,40,20,100,10,40,50,40,20,30,40
p00174,Model accuracy,Female,1984,White / Caucasian,Some college or Associate's degree,"$100,000 to $167,999",Independent,40,55,45,65,45,75,40,55,15,50,40,35,20,40,45,55,70,30,65,85,85,65,30,40,6,1,75,75,60,60,90,75,75,60,40,65,40,15,90,75,55,40,45,45
p00175,High public trust,Male,1946,White / Caucasian,High school diploma / GED,"$56,000 to $99,999",Republican,25,35,0,0,35,10,15,0,10,10,0,25,90,0,0,5,10,15,0,0,15,0,10,100,0,2,0,0,25,5,0,0,0,5,0,0,0,0,0,10,25,15,40,65
p00176,Former skeptics,Male,1996,White / Caucasian,High school diploma / GED,"Less than $30,000",Independent,21,0,24,13,34,0,16,30,26,59,0,67,78,37,51,16,0,50,4,12,29,30,80,92,0,2,0,35,61,45,38,35,4,8,0,13,53,23,0,52,19,0,54,83
p00177,Funding,Male,1985,White / Caucasian,Some college or Associate's degree,"$100,000 to $167,999",Democrat,60,70,50,60,50,50,70,50,40,50,60,50,10,70,90,80,60,60,90,70,70,80,30,50,2,1,60,70,80,70,70,70,60,50,70,30,50,30,60,70,70,80,70,90
p00178,Consensus,Female,2006,White / Caucasian,High school diploma / GED,"Less than $30,000",Republican,75,20,25,40,40,15,30,40,40,70,25,25,85,15,75,10,15,80,30,75,45,30,20,90,0,2,50,15,50,85,40,20,20,75,65,15,20,10,40,40,20,20,30,65
p00179,Portrait Prof. Cherry,Female,1958,White / Caucasian,High school diploma / GED,"$30,000 to $55,999",Republican,45,40,40,80,35,25,20,45,45,30,45,45,80,20,45,40,30,40,20,30,40,35,45,45,0,2,30,35,40,40,10,10,20,35,35,20,70,20,40,45,10,20,45,60
p00180,Interview Prof. Sebille,Female,1980,Black / African American,High school diploma / GED,"$30,000 to $55,999",Democrat,10,35,30,45,50,75,65,25,30,10,10,40,40,55,50,45,40,30,10,30,55,75,35,30,2,2,65,85,70,35,30,10,10,30,20,15,25,65,45,75,85,20,85,55
p00181,Interview Prof. Sebille,Female,2006,White / Caucasian,Some college or Associate's degree,"$100,000 to $167,999",Democrat,50,60,70,30,80,40,90,100,60,20,50,30,30,0,20,0,50,30,60,70,90,100,80,30,3,2,100,90,100,90,90,80,30,80,100,80,90,80,90,100,80,40,100,100
p00182,control,Female,1964,Asian / Asian American,Less than high school,"Less than $30,000",Republican,0,0,1,78,5,6,15,0,28,55,64,0,91,32,0,0,3,0,10,45,30,0,4,100,0,2,0,0,0,15,17,15,0,11,0,13,0,0,0,0,4,11,23,36
p00183,Oil industry misinformation,Female,1981,Asian / Asian American,Some college or Associate's degree,"$168,000 or more",Democrat,60,70,70,70,90,50,70,70,90,30,70,70,30,60,60,80,60,90,80,50,80,30,60,30,9,2,70,70,80,60,70,80,40,70,60,90,80,70,90,60,80,50,70,80
p00184,Social justice,Female,2008,Asian / Asian American,High school diploma / GED,"$30,000 to $55,999",Republican,56,46,53,28,30,34,39,69,62,9,54,12,61,11,55,54,26,42,55,72,46,65,69,68,5,1,26,20,26,28,58,26,26,37,38,72,72,29,47,54,43,38,20,46
p00185,Model accuracy,Female,1946,White / Caucasian,Master's degree / Professional degree,"$56,000 to $99,999",Democrat,85,95,90,90,100,80,95,100,85,95,80,95,15,100,95,90,80,90,85,95,100,85,100,10,2,2,85,85,90,95,100,25,0,40,60,20,100,75,90,85,100,35,85,80
p00186,Oil industry misinformation,Female,1974,Black / African American,Master's degree / Professional degree,"$100,000 to $167,999",Democrat,80,80,85,80,60,60,90,80,55,90,75,65,20,55,85,75,60,40,65,50,90,80,80,25,3,2,85,85,40,65,25,50,80,40,80,70,60,35,55,60,75,15,75,85
p00187,Extreme weather predictions,Male,1999,White / Caucasian,Master's degree / Professional degree,"$56,000 to $99,999",Democrat,80,70,90,30,80,80,60,70,90,60,90,60,10,80,90,80,90,90,90,90,70,60,50,20,3,1,80,70,80,80,90,70,60,70,90,80,40,80,70,90,80,50,80,70
p00188,Interview Prof. Maraun,Male,2005,Hispanic / Latino,Some college or Associate's degree,"$30,000 to $55,999",Democrat,60,85,65,75,65,75,45,75,70,65,25,65,75,45,85,60,75,80,85,60,90,45,65,30,8,2,70,90,60,80,55,90,55,50,65,50,90,25,90,80,70,30,75,50
p00189,Portrait Prof. Cherry,Male,1976,White / Caucasian,High school diploma / GED,"Less than $30,000",Democrat,87,99,92,92,76,96,28,95,84,61,77,98,40,55,89,90,63,88,6,77,88,83,89,5,9,2,65,47,46,46,85,62,64,67,62,59,27,71,100,94,75,32,43,87
p00190,Peer-review,Male,1968,White / Caucasian,Bachelor's degree,"$100,000 to $167,999",Democrat,100,70,90,80,80,40,70,60,90,90,70,90,10,30,90,100,90,50,90,100,80,60,90,0,5,2,100,80,80,30,50,80,60,60,90,90,100,60,70,80,80,60,90,90
p00191,Portrait Prof. Cherry,Female,1997,Other,Less than high school,"$30,000 to $55,999",Democrat,40,95,45,70,85,45,70,45,65,80,65,40,10,85,45,75,90,55,100,95,60,90,40,60,4,1,90,80,95,75,100,100,55,85,95,95,90,95,95,90,80,95,65,95
p00192,control,Female,1989,Hispanic / Latino,High school diploma / GED,"Less than $30,000",Democrat,51,75,60,66,51,52,21,61,57,45,86,53,15,70,29,44,66,16,61,49,91,50,92,45,6,2,59,90,77,80,45,70,9,36,29,52,27,80,86,90,71,82,47,82
p00193,Scientist community helpers,Male,1961,White / Caucasian,Some college or Associate's degree,"$56,000 to $99,999",Republican,30,20,30,10,10,80,20,0,0,80,10,10,0,0,40,10,10,20,20,70,20,80,10,70,0,2,10,20,10,10,20,10,20,10,20,0,20,10,10,100,0,0,0,90
p00194,Former skeptics,Female,1993,Hispanic / Latino,High school diploma / GED,"$30,000 to $55,999",Democrat,75,75,75,75,75,75,75,50,100,75,50,75,0,100,100,50,100,25,75,75,75,50,75,0,8,1,100,100,75,100,100,100,0,100,75,75,75,75,100,100,100,50,75,75
p00195,Peer-review,Male,1952,Hispanic / Latino,Bachelor's degree,"$56,000 to $99,999",Republican,75,50,75,75,25,50,50,0,25,50,0,0,100,0,75,50,25,25,25,50,0,100,100,0,1,2,25,0,0,50,0,0,0,0,50,0,0,0,0,75,75,0,25,75
p00196,Extreme weather predictions,Female,1963,Black / African American,Some college or Associate's degree,"Less than $30,000",Democrat,98,44,42,94,58,56,67,62,67,93,59,15,6,43,79,76,54,44,97,66,65,43,50,18,3,1,69,96,83,59,76,14,25,89,29,18,62,99,98,63,91,45,69,67
p00197,Portrait Prof. Cherry,Male,1992,White / Caucasian,High school diploma / GED,"Less than $30,000",Republican,37,32,22,8,23,83,30,21,19,12,27,17,91,38,58,74,13,21,46,13,67,25,24,76,0,2,65,31,32,17,9,48,37,22,28,17,32,10,64,89,53,13,40,68
p00198,Peer-review,Female,1967,White / Caucasian,Bachelor's degree,"$100,000 to $167,999",Republican,60,70,50,10,60,70,40,60,60,50,50,50,80,70,80,50,40,70,70,40,80,60,50,10,2,2,70,70,60,80,70,30,20,20,10,10,40,10,30,60,30,10,60,90
p00199,High public trust,Male,1998,Hispanic / Latino,Some college or Associate's degree,"$56,000 to $99,999",Democrat,65,65,70,75,80,85,50,65,70,65,60,65,20,90,70,65,85,10,90,80,65,70,70,20,5,2,85,75,90,65,55,65,90,60,85,65,90,80,70,90,70,50,40,70
p00200,Scientist community helpers,Male,1995,Hispanic / Latino,High school diploma / GED,"Less than $30,000",Democrat,11,49,59,47,50,74,60,58,71,56,46,27,19,84,59,71,59,65,8,44,67,64,48,20,3,2,63,80,62,87,50,47,24,78,72,58,90,92,91,64,78,48,76,81
p00201,control,Male,1946,White / Caucasian,Bachelor's degree,"$100,000 to $167,999",Republican,90,60,60,70,80,90,80,70,80,80,90,90,60,0,50,50,90,90,60,60,90,70,90,10,0,1,90,50,80,60,60,50,0,30,20,70,80,60,60,100,60,60,70,90
p00202,control,Male,1960,White / Caucasian,Bachelor's degree,"$100,000 to $167,999",Democrat,70,65,65,75,60,50,65,65,55,65,80,35,15,70,70,70,70,60,70,75,70,85,90,30,10,2,80,75,75,70,50,50,30,55,45,55,80,70,60,85,80,70,60,70
p00203,Funding,Male,1983,White / Caucasian,High school diploma / GED,"Less than $30,000",Independent,40,55,55,40,30,35,10,35,55,40,10,20,25,35,60,35,40,40,10,30,50,25,30,45,1,1,40,25,35,30,25,75,25,40,15,25,40,35,50,30,35,25,55,75
p00204,Peer-review,Male,2002,White / Caucasian,Some college or Associate's degree,"$56,000 to $99,999",Republican,30,20,10,60,10,20,20,10,30,30,40,10,50,30,10,20,20,10,50,50,70,40,10,80,2,2,30,40,30,40,40,60,20,30,40,50,30,40,30,30,50,60,60,10
p00205,Measurement & modeling (1),Male,1978,White / Caucasian,Bachelor's degree,"$56,000 to $99,999",Republican,50,20,60,40,60,30,30,30,30,50,30,20,50,40,50,60,40,30,30,60,50,10,50,60,2,2,10,30,40,20,20,10,10,20,70,20,80,20,10,30,90,10,40,60
p00206,Former skeptics,Male,1976,White / Caucasian,Bachelor's degree,"$100,000 to $167,999",Democrat,70,70,70,70,70,50,60,80,80,80,60,70,70,60,80,70,60,30,100,90,40,100,50,10,6,2,90,90,90,100,30,100,80,60,100,60,100,80,70,100,100,40,100,80
p00207,Consensus,Female,1961,White / Caucasian,High school diploma / GED,"$30,000 to $55,999",Republican,60,100,60,65,95,35,90,75,25,75,15,55,15,25,70,5,35,35,35,80,50,75,60,10,0,2,50,5,5,30,25,25,15,10,40,40,10,35,45,55,60,35,35,75
p00208,Model accuracy,Male,1990,White / Caucasian,Bachelor's degree,"$100,000 to $167,999",Democrat,80,70,90,80,40,80,100,80,70,60,0,90,90,40,70,50,100,90,80,20,50,80,10,30,1,1,100,40,50,40,50,100,40,50,60,90,40,60,100,90,70,20,80,100
p00209,Social justice,Male,1989,White / Caucasian,Bachelor's degree,"$56,000 to $99,999",Republican,40,30,90,50,30,60,50,60,60,50,80,50,10,30,50,60,20,50,30,20,40,70,60,10,3,2,30,10,30,10,20,30,30,30,40,20,70,30,30,30,90,50,30,60
p00210,Interview Prof. Maraun,Female,1990,White / Caucasian,High school diploma / GED,"$56,000 to $99,999",Republican,55,40,50,45,40,45,70,60,55,45,30,45,30,15,85,70,10,30,85,55,45,60,60,65,3,2,65,25,20,45,80,40,75,20,10,20,75,15,45,50,55,35,55,75
p00211,Consensus,Male,1957,Black / African American,High school diploma / GED,"$30,000 to $55,999",Democrat,40,5,56,45,28,28,50,8,80,6,1,8,76,66,43,57,60,37,79,57,98,30,7,54,0,2,65,100,58,86,37,25,6,1,40,13,74,70,16,74,89,74,70,73
p00212,Consensus,Female,1995,Black / African American,Bachelor's degree,"$100,000 to $167,999",Democrat,100,50,100,100,75,100,50,100,100,25,100,100,0,75,75,100,75,50,75,75,100,75,100,0,5,2,100,100,100,100,50,100,50,75,100,100,100,100,100,100,100,75,100,100
p00213,Funding,Male,1999,Other,Bachelor's degree,"$30,000 to $55,999",Democrat,100,100,100,20,100,90,60,80,80,100,90,70,40,80,70,100,90,80,70,70,90,70,80,10,7,2,90,80,90,90,100,90,50,80,90,80,70,70,90,80,70,90,90,90
p00214,Interview Prof. Maraun,Female,1969,White / Caucasian,High school diploma / GED,"$56,000 to $99,999",Democrat,85,90,45,90,80,80,80,50,75,85,70,45,25,70,75,75,90,80,80,85,75,80,50,15,2,2,85,75,75,80,25,70,15,50,55,10,55,75,85,65,50,60,75,85
p00215,control,Male,2004,White / Caucasian,Some college or Associate's degree,"Less than $30,000",Republican,10,50,20,10,10,0,0,0,0,0,60,30,80,0,20,10,20,0,10,30,80,40,10,100,2,1,0,10,10,0,10,20,10,10,70,20,0,0,60,10,50,20,10,40
p00216,Scientist community helpers,Male,1998,Black / African American,Some college or Associate's degree,"Less than $30,000",Democrat,70,75,10,0,25,20,30,30,30,5,30,40,50,65,60,50,30,25,90,30,55,60,10,80,5,2,90,0,75,90,65,5,10,95,20,15,60,85,70,55,60,45,90,80
p00217,Extreme weather predictions,Female,1998,White / Caucasian,High school diploma / GED,"Less than $30,000",Republican,95,90,95,55,70,85,90,55,65,55,100,25,30,15,85,90,85,15,95,55,95,65,95,85,1,2,75,60,90,75,5,5,10,20,90,40,55,70,90,100,95,20,75,95
p00218,Oil industry misinformation,Male,1937,White / Caucasian,Bachelor's degree,"$30,000 to $55,999",Democrat,95,65,20,50,70,80,20,60,70,65,35,55,25,60,85,65,90,70,60,40,60,90,90,90,4,2,65,55,90,65,5,30,0,55,65,0,80,45,70,50,65,10,75,90
p00219,High public trust,Female,2004,Black / African American,Some college or Associate's degree,"$30,000 to $55,999",Democrat,45,10,45,55,100,65,55,20,40,50,40,70,0,75,75,65,100,20,90,25,15,80,80,0,5,1,95,95,90,60,95,70,40,70,75,100,75,70,20,95,40,40,90,95
p00220,Interview Prof. Maraun,Female,1946,Asian / Asian American,High school diploma / GED,"Less than $30,000",Democrat,99,76,72,79,44,77,77,48,31,72,77,75,12,87,68,68,76,99,74,70,99,65,66,19,1,2,61,75,98,79,42,76,57,95,79,7,36,43,65,74,98,45,89,73
p00221,Measurement & modeling (1),Female,1972,White / Caucasian,Some college or Associate's degree,"$30,000 to $55,999",Democrat,65,80,90,60,75,70,60,70,75,55,70,55,20,85,55,70,70,50,75,65,60,70,75,20,9,1,90,90,90,50,55,35,15,60,70,60,70,65,60,85,90,45,80,85
p00222,Funding,Male,1999,White / Caucasian,Bachelor's degree,"$30,000 to $55,999",Republican,40,60,20,10,40,0,30,30,40,30,40,30,90,40,30,90,30,40,10,10,100,40,20,70,8,2,20,50,20,50,80,50,80,0,30,10,30,30,60,30,40,30,50,90
p00223,Peer-review,Male,1956,White / Caucasian,Bachelor's degree,"$56,000 to $99,999",Republican,85,85,65,85,50,80,70,55,70,65,55,55,20,15,65,55,80,55,55,70,65,30,75,20,0,1,65,15,10,10,20,40,15,25,55,35,75,25,45,45,60,30,70,90
p00224,Measurement & modeling (1),Female,1991,Hispanic / Latino,Some college or Associate's degree,"Less than $30,000",Democrat,86,95,99,100,81,41,94,71,97,100,52,83,2,82,100,69,100,18,96,83,88,86,95,7,6,2,85,89,89,94,78,28,100,100,87,54,99,100,96,81,88,87,100,92
p00225,Extreme weather predictions,Male,1978,White / Caucasian,High school diploma / GED,"$100,000 to $167,999",Republican,51,26,58,22,7,32,76,28,73,15,16,17,64,74,36,53,15,8,22,29,1,58,46,76,0,2,26,24,54,38,25,42,9,2,28,5,54,14,5,1,17,32,6,61
p00226,Measurement & modeling (2),Male,2001,Hispanic / Latino,Bachelor's degree,"$100,000 to $167,999",Democrat,90,50,70,90,65,90,80,65,100,90,80,100,0,45,90,90,85,100,95,60,85,80,100,25,1,2,100,70,90,85,45,60,100,65,100,20,95,60,85,40,80,55,85,95
p00227,Peer-review,Male,2003,Black / African American,Bachelor's degree,"Less than $30,000",Democrat,80,45,75,50,65,35,75,50,65,45,55,85,15,75,90,60,70,75,90,90,75,90,85,45,5,2,75,70,70,45,60,75,50,60,60,15,90,55,30,80,60,65,75,80
p00228,control,Female,1997,White / Caucasian,High school diploma / GED,"Less than $30,000",Democrat,75,50,70,40,65,65,40,50,45,70,25,90,30,60,45,35,45,70,60,40,55,65,85,15,0,1,80,85,80,80,80,75,75,25,80,70,65,50,85,90,75,15,75,80
p00229,Measurement & modeling (1),Male,1961,White / Caucasian,Bachelor's degree,"$56,000 to $99,999",Republican,29,39,8,47,30,21,49,41,71,27,21,26,82,38,20,52,30,17,27,48,35,27,34,88,1,2,52,26,35,10,38,11,68,13,21,19,9,21,58,29,20,52,29,29
p00230,Corporate reliance,Male,1960,White / Caucasian,Less than high school,"$100,000 to $167,999",Republican,40,30,40,50,0,50,10,50,30,80,10,30,40,0,50,50,20,10,40,20,20,50,80,60,0,1,80,0,0,20,20,10,20,0,10,10,0,20,0,20,10,30,20,20
p00231,control,Male,1982,Black / African American,High school diploma / GED,"Less than $30,000",Democrat,30,60,60,20,30,40,30,20,20,40,30,40,60,30,90,50,50,50,70,70,70,60,20,60,2,2,80,80,90,40,10,30,10,30,20,40,50,80,70,70,50,20,50,70
p00232,Consensus,Male,1966,White / Caucasian,High school diploma / GED,"$56,000 to $99,999",Democrat,50,70,50,70,50,50,60,50,50,70,50,30,70,70,90,70,40,70,60,60,30,60,40,20,3,2,70,50,60,50,10,30,40,60,30,40,50,40,50,50,60,30,70,80
p00233,control,Female,1978,White / Caucasian,Master's degree / Professional degree,"$168,000 or more",Republican,65,95,80,65,65,70,70,85,85,90,85,90,20,40,65,75,60,35,40,40,75,65,80,0,0,2,60,55,40,25,85,100,5,65,65,90,15,15,50,65,95,35,95,80
p00234,Measurement & modeling (1),Female,1992,White / Caucasian,High school diploma / GED,"Less than $30,000",Republican,35,16,22,66,15,19,39,28,27,13,24,14,40,30,8,21,24,12,17,23,18,10,13,62,4,2,18,28,16,22,9,18,22,52,11,15,14,18,8,67,10,31,18,45
p00235,control,Female,1953,White / Caucasian,Bachelor's degree,"$56,000 to $99,999",Democrat,50,100,75,75,100,100,100,75,75,100,75,50,0,100,75,75,75,75,75,50,100,100,100,25,0,1,100,100,75,25,25,100,25,75,75,25,100,100,50,75,100,100,100,50
p00236,Measurement & modeling (1),Male,1951,Hispanic / Latino,High school diploma / GED,"Less than $30,000",Republican,40,45,55,20,20,20,25,35,45,15,40,30,55,25,80,45,35,10,50,25,20,15,85,10,2,1,20,35,25,35,20,15,20,25,10,15,25,45,80,50,25,15,50,90
p00237,Interview Prof. Maraun,Female,2008,Hispanic / Latino,High school diploma / GED,"Less than $30,000",Democrat,50,50,50,75,50,25,25,25,50,50,25,25,75,75,75,25,25,50,75,50,75,25,75,25,4,2,50,50,50,50,75,50,50,100,50,25,75,25,50,75,50,25,75,50
p00238,control,Female,2005,White / Caucasian,Some college or Associate's degree,"$30,000 to $55,999",Democrat,69,65,73,84,79,60,65,45,58,74,75,62,20,66,74,68,73,63,61,85,77,67,34,38,5,2,89,78,85,81,63,69,62,19,91,73,87,85,76,91,86,65,62,75
p00239,Interview Prof. Sebille,Female,1954,White / Caucasian,High school diploma / GED,"$56,000 to $99,999",Republican,25,79,22,62,44,30,66,60,66,27,53,40,28,18,39,19,9,56,55,50,24,16,38,7,1,2,15,13,18,15,4,0,51,18,5,8,7,4,10,6,7,97,45,48
p00240,Interview Prof. Maraun,Male,1985,Hispanic / Latino,High school diploma / GED,"$56,000 to $99,999",Democrat,70,80,70,70,60,90,60,70,60,40,60,30,40,90,80,70,80,90,50,40,80,80,90,30,3,1,80,40,70,60,60,90,40,70,50,30,60,80,90,90,70,30,80,90
p00241,Portrait Prof. Cherry,Male,1955,White / Caucasian,Some college or Associate's degree,"Less than $30,000",Republican,20,95,15,45,30,90,85,50,15,25,0,25,10,35,50,80,20,25,40,20,0,10,35,85,2,2,20,10,10,10,0,10,5,0,5,5,0,5,15,55,90,25,15,30
p00242,Interview Prof. Maraun,Male,1962,Black / African American,Less than high school,"Less than $30,000",Democrat,75,90,55,70,55,20,30,70,60,55,65,75,20,55,60,60,60,45,65,50,75,90,45,45,2,2,70,15,80,80,25,35,20,25,30,15,75,75,85,80,55,15,70,60
p00243,control,Female,1966,White / Caucasian,High school diploma / GED,"$56,000 to $99,999",Republican,88,59,68,23,44,12,63,16,51,74,97,69,80,12,50,42,39,11,7,52,57,47,79,32,2,2,62,7,48,24,48,5,17,42,64,13,42,18,36,22,85,20,40,1
p00244,Interview Prof. Maraun,Male,2008,Asian / Asian American,Some college or Associate's degree,"$100,000 to $167,999",Democrat,100,95,90,90,85,100,95,90,100,100,95,95,10,90,85,90,65,85,95,100,100,70,100,0,7,2,80,100,100,50,100,75,30,90,80,75,45,85,65,95,100,0,85,100
p00245,Corporate reliance,Male,2002,White / Caucasian,Bachelor's degree,"Less than $30,000",Independent,70,95,70,85,80,75,70,45,100,0,55,100,85,5,90,80,80,75,20,15,95,100,90,10,3,2,70,70,55,45,55,25,80,30,55,15,25,65,0,40,45,35,60,80
p00246,Peer-review,Male,1958,White / Caucasian,Some college or Associate's degree,"Less than $30,000",Republican,70,80,80,80,60,60,10,90,60,30,80,40,20,20,60,80,10,20,0,10,0,10,100,30,0,2,10,0,10,10,80,10,0,0,10,0,10,0,10,10,0,0,10,0
p00247,Portrait Prof. Cherry,Female,1980,Asian / Asian American,Bachelor's degree,"$56,000 to $99,999",Democrat,85,100,95,70,90,95,95,90,80,90,75,90,5,80,85,75,95,10,35,95,85,40,70,20,1,2,10,10,50,45,60,45,25,5,40,65,50,75,70,95,90,25,85,95
p00248,Social justice,Female,1946,White / Caucasian,High school diploma / GED,"$30,000 to $55,999",Democrat,95,85,80,95,90,85,85,75,100,65,85,100,0,100,100,85,70,90,70,85,70,95,85,0,2,1,60,95,85,95,70,15,20,10,75,45,90,85,95,100,95,100,100,40
p00249,Peer-review,Male,1970,White / Caucasian,Bachelor's degree,"$56,000 to $99,999",Democrat,75,55,65,70,70,75,70,55,25,40,45,70,15,85,55,60,80,60,50,10,70,90,60,20,8,2,60,80,35,25,50,80,55,55,90,35,45,70,90,80,80,45,75,60
p00250,Oil industry misinformation,Female,1976,Hispanic / Latino,Bachelor's degree,"$56,000 to $99,999",Democrat,89,80,86,77,74,86,81,78,86,90,85,82,17,85,88,67,67,87,76,74,87,81,54,11,4,2,68,77,89,79,46,34,56,75,82,70,76,79,67,79,92,90,78,62
p00251,Portrait Prof. Cherry,Female,1963,Black / African American,High school diploma / GED,"$56,000 to $99,999",Democrat,50,35,30,30,45,45,40,30,45,55,30,30,35,10,50,85,25,50,60,25,75,55,45,90,0,2,35,70,25,85,40,60,45,35,85,60,65,85,10,50,50,30,90,90
p00252,Extreme weather predictions,Male,1976,Hispanic / Latino,Some college or Associate's degree,"$56,000 to $99,999",Democrat,49,35,47,44,39,0,55,59,57,0,11,8,46,0,44,84,92,98,90,73,71,79,70,100,5,2,90,43,71,46,93,85,44,100,21,16,76,95,48,75,100,37,100,63
p00253,control,Female,1952,Hispanic / Latino,Less than high school,"Less than $30,000",Democrat,97,80,50,68,67,30,85,61,49,53,56,27,7,82,69,59,84,96,49,85,8,78,60,21,8,2,90,92,63,90,73,47,38,27,77,6,99,67,94,94,95,65,92,63
p00254,Peer-review,Male,1971,White / Caucasian,High school diploma / GED,"$30,000 to $55,999",Republican,64,73,61,51,66,51,55,48,42,69,61,42,85,57,58,78,44,56,57,80,63,84,60,40,0,1,71,52,27,52,33,19,35,33,41,29,63,8,70,85,57,16,54,59
p00255,control,Female,2002,White / Caucasian,Bachelor's degree,"$30,000 to $55,999",Democrat,70,35,65,75,60,65,85,75,65,70,70,45,25,75,65,80,75,60,60,65,50,70,75,25,7,1,90,60,85,65,65,75,45,80,60,65,55,75,50,50,70,65,60,75
p00256,Portrait Prof. Cherry,Female,1986,Hispanic / Latino,Master's degree / Professional degree,"$56,000 to $99,999",Independent,50,45,45,50,45,15,70,40,35,55,5,65,70,55,45,75,70,25,65,25,60,75,75,20,0,2,75,60,5,40,45,100,85,90,65,35,80,55,85,95,95,20,75,40
p00257,Interview Prof. Maraun,Female,1967,Asian / Asian American,Some college or Associate's degree,"$56,000 to $99,999",Democrat,55,60,55,25,65,15,25,40,50,55,55,45,10,15,60,85,90,65,45,70,75,85,60,70,5,2,70,50,80,60,60,10,40,45,55,30,60,65,30,80,90,50,85,90
p00258,control,Male,1976,Hispanic / Latino,Some college or Associate's degree,"$56,000 to $99,999",Republican,20,50,5,85,90,15,20,0,0,0,10,25,60,40,75,0,85,25,0,25,10,35,30,100,2,2,0,35,25,0,20,35,10,10,0,5,40,15,90,20,85,15,45,100
p00259,Consensus,Male,1968,White / Caucasian,Master's degree / Professional degree,"$100,000 to $167,999",Democrat,94,61,92,62,90,92,72,92,69,91,94,48,13,59,83,100,91,63,63,82,84,71,98,10,8,1,81,97,39,46,97,89,47,49,43,44,98,80,78,88,74,11,86,73
p00260,Consensus,Female,1975,White / Caucasian,Some college or Associate's degree,"$30,000 to $55,999",Democrat,25,80,0,20,35,20,5,35,40,15,15,0,35,25,35,20,55,20,50,20,10,10,35,25,2,2,15,15,30,15,0,0,0,20,0,0,0,0,55,0,10,10,15,20
p00261,Measurement & modeling (2),Male,2000,White / Caucasian,Bachelor's degree,"$100,000 to $167,999",Republican,30,60,60,30,30,100,30,50,50,50,30,30,20,0,30,60,90,0,60,10,50,30,50,70,0,2,60,10,40,20,10,20,30,40,30,20,0,10,60,30,70,10,80,70
p00262,Portrait Prof. Cherry,Female,2007,White / Caucasian,Some college or Associate's degree,"$100,000 to $167,999",Republican,80,80,90,40,70,50,70,40,40,50,70,90,80,60,40,50,60,70,50,90,70,100,60,10,2,2,50,60,80,70,30,40,80,10,50,10,0,50,10,90,40,50,30,70
p00263,Model accuracy,Female,1968,White / Caucasian,Some college or Associate's degree,"$56,000 to $99,999",Democrat,100,100,100,65,100,100,95,90,100,100,95,100,15,100,90,90,90,85,95,100,95,90,100,0,3,2,95,85,40,100,45,90,90,25,75,50,90,85,95,90,90,5,100,100
p00264,Extreme weather predictions,Male,1960,White / Caucasian,Bachelor's degree,"Less than $30,000",Independent,55,75,75,80,35,35,40,60,65,60,65,45,15,55,45,55,55,40,60,60,75,25,65,10,2,2,35,55,90,40,15,10,25,15,10,55,10,10,35,55,60,55,35,75
p00265,Measurement & modeling (1),Male,1956,White / Caucasian,High school diploma / GED,"Less than $30,000",Independent,40,75,25,30,30,5,25,35,5,25,55,35,85,15,65,65,20,10,70,10,75,75,80,50,2,2,85,45,0,70,60,45,0,5,30,30,70,45,70,95,35,5,70,85
p00266,Funding,Female,1954,White / Caucasian,High school diploma / GED,"$100,000 to $167,999",Republican,70,80,50,70,50,40,30,60,30,50,60,40,50,40,80,40,40,10,20,40,50,40,60,20,4,2,40,40,40,20,30,10,10,20,20,20,10,50,10,50,50,30,30,80
p00267,Consensus,Female,2003,White / Caucasian,Bachelor's degree,"Less than $30,000",Democrat,90,80,80,90,90,50,90,80,90,90,100,70,10,80,90,80,60,70,90,80,100,90,80,10,5,2,90,90,70,90,90,40,10,80,90,50,80,100,100,80,100,90,90,90
p00268,control,Female,1979,Asian / Asian American,Less than high school,"$30,000 to $55,999",Independent,15,60,15,20,10,15,25,40,25,35,15,40,35,25,25,45,40,20,60,40,45,65,10,75,1,2,70,90,65,55,20,25,20,15,25,15,65,55,65,55,80,40,45,90
p00269,Extreme weather predictions,Female,1970,White / Caucasian,Bachelor's degree,"$100,000 to $167,999",Independent,95,60,85,100,60,80,75,90,95,30,75,80,15,85,95,75,50,60,95,90,90,85,80,5,1,2,80,25,75,100,75,75,20,65,80,70,85,70,80,75,70,55,75,90
p00270,Interview Prof. Maraun,Male,1955,White / Caucasian,Some college or Associate's degree,"$100,000 to $167,999",Democrat,95,100,100,100,100,95,90,95,90,75,85,90,5,90,70,65,95,60,65,65,100,65,100,0,4,2,100,100,100,100,85,100,50,70,95,75,85,85,100,100,95,50,100,100
p00271,Model accuracy,Female,1958,White / Caucasian,Some college or Associate's degree,"$100,000 to $167,999",Republican,75,95,80,75,75,60,25,20,80,30,45,50,70,5,100,45,10,90,20,20,45,20,100,60,2,2,5,30,10,15,15,0,75,90,10,10,5,10,80,75,30,0,50,10
p00272,Social justice,Female,1955,White / Caucasian,Master's degree / Professional degree,"$100,000 to $167,999",Democrat,60,80,60,100,90,100,100,100,60,100,90,70,0,90,90,100,90,80,100,100,100,100,90,0,1,2,100,100,80,90,80,40,50,0,70,50,90,100,100,90,100,20,70,90
p00273,Portrait Prof. Cherry,Male,1976,White / Caucasian,Bachelor's degree,"$100,000 to $167,999",Democrat,70,70,40,100,80,70,100,70,90,80,40,70,20,80,60,100,40,60,80,80,30,80,90,10,7,1,100,80,60,80,80,20,40,100,70,80,80,80,40,100,80,30,100,90
p00274,Interview Prof. Maraun,Female,1946,White / Caucasian,Some college or Associate's degree,"$30,000 to $55,999",Republican,80,80,70,80,60,80,70,90,60,70,70,90,40,20,90,60,20,80,30,30,40,50,70,10,1,2,50,30,20,10,20,20,50,20,20,20,40,30,30,20,80,10,40,40
p00275,Funding,Male,1987,Other,Bachelor's degree,"$100,000 to $167,999",Independent,70,10,65,30,45,75,50,95,45,45,5,95,5,65,70,75,60,10,60,75,70,95,10,0,10,2,90,35,70,40,55,90,85,95,60,60,85,5,90,45,55,35,50,90
p00276,Consensus,Male,1969,Hispanic / Latino,High school diploma / GED,"$100,000 to $167,999",Democrat,40,55,75,60,70,45,45,80,80,25,90,75,40,70,90,100,50,40,65,90,65,75,65,70,9,2,45,90,100,20,0,50,0,70,20,0,90,55,100,90,95,15,75,95
p00277,control,Male,2002,White / Caucasian,Some college or Associate's degree,"$56,000 to $99,999",Republican,20,10,20,10,70,80,20,60,50,10,50,50,0,10,70,30,20,30,80,10,60,30,30,40,2,2,30,10,50,30,50,20,30,50,50,60,0,10,40,30,10,20,10,0
p00278,Interview Prof. Sebille,Female,1957,White / Caucasian,Master's degree / Professional degree,"$100,000 to $167,999",Democrat,80,85,40,70,55,65,85,75,45,45,80,70,50,85,60,55,70,65,90,70,70,60,65,15,1,2,90,75,75,70,70,65,40,50,40,40,85,70,70,70,70,25,75,80
p00279,Interview Prof. Sebille,Female,2003,White / Caucasian,Bachelor's degree,"$100,000 to $167,999",Democrat,95,100,100,90,98,100,86,95,95,91,97,100,3,75,78,100,62,94,99,93,86,87,96,0,6,2,89,93,79,99,69,94,31,100,92,95,94,89,88,85,100,28,90,98
p00280,Consensus,Male,1988,Other,Master's degree / Professional degree,"$100,000 to $167,999",Democrat,100,90,90,60,90,90,100,80,70,90,90,90,0,100,90,100,90,100,100,100,100,100,100,20,1,2,100,100,90,100,80,90,40,90,100,80,90,90,90,100,90,70,100,100
p00281,Extreme weather predictions,Female,1975,White / Caucasian,Some college or Associate's degree,"$56,000 to $99,999",Republican,33,71,69,49,52,66,63,53,53,54,83,61,63,72,60,18,26,35,71,59,58,49,37,41,0,2,32,25,75,15,51,58,49,18,31,40,58,18,67,38,54,12,65,62
p00282,Measurement & modeling (2),Male,2001,Black / African American,Bachelor's degree,"$100,000 to $167,999",Independent,90,80,80,90,80,90,80,90,90,80,100,90,0,50,80,60,100,100,90,90,90,100,90,20,2,1,100,100,90,90,20,40,30,30,90,100,90,60,100,90,90,60,90,90
p00283,control,Male,1999,White / Caucasian,Some college or Associate's degree,"$56,000 to $99,999",Republican,75,75,75,50,50,75,75,50,75,100,75,50,50,50,75,50,50,0,75,50,50,50,75,25,2,2,50,50,50,75,0,25,0,0,50,25,50,25,25,75,75,25,50,75
p00284,Corporate reliance,Female,2003,Hispanic / Latino,High school diploma / GED,"$30,000 to $55,999",Democrat,50,65,70,70,35,70,60,65,55,45,10,55,35,40,35,65,65,55,70,55,70,65,50,15,5,1,20,75,45,65,60,75,40,60,65,10,45,40,75,70,60,25,65,50
p00285,Measurement & modeling (2),Male,1966,Hispanic / Latino,Master's degree / Professional degree,"$56,000 to $99,999",Democrat,65,42,57,88,67,95,64,28,49,74,78,78,23,48,83,76,81,75,77,84,72,77,72,13,8,2,61,97,91,71,33,40,30,78,97,66,94,62,97,84,88,13,99,66
p00286,Interview Prof. Maraun,Male,1951,White / Caucasian,Bachelor's degree,"$100,000 to $167,999",Republican,90,100,100,80,100,90,100,100,100,70,90,80,10,30,70,90,70,50,60,0,10,40,100,80,4,2,10,90,10,0,70,70,20,0,50,0,0,10,70,10,0,0,0,60
p00287,Consensus,Female,1992,Black / African American,High school diploma / GED,"Less than $30,000",Democrat,50,50,25,75,75,75,75,75,75,50,50,50,25,100,75,75,100,50,100,75,100,75,100,75,7,2,75,75,75,100,75,75,50,75,75,75,75,75,75,75,75,75,75,75
p00288,Scientist community helpers,Female,1996,White / Caucasian,Bachelor's degree,"$100,000 to $167,999",Republican,30,25,15,40,25,25,30,25,25,55,40,40,30,40,55,40,25,20,25,50,50,65,30,30,5,2,30,10,35,30,65,70,30,40,35,45,35,20,45,70,50,25,15,25
p00289,Portrait Prof. Cherry,Female,1962,Other,Master's degree / Professional degree,"$100,000 to $167,999",Republican,60,75,50,80,55,70,75,80,45,100,15,70,0,20,65,80,60,50,80,80,50,30,30,0,2,2,50,30,30,15,0,60,10,10,100,5,55,5,30,25,30,0,5,10
p00290,High public trust,Male,1957,White / Caucasian,High school diploma / GED,"$56,000 to $99,999",Republican,60,70,60,70,60,50,50,70,40,50,30,70,70,40,70,40,70,60,70,10,90,60,90,30,4,1,50,30,30,40,30,70,40,30,20,10,30,20,50,50,70,10,30,80
p00291,Consensus,Male,1977,White / Caucasian,Bachelor's degree,"$100,000 to $167,999",Republican,75,90,100,100,95,35,95,85,80,100,15,65,100,10,25,55,90,60,60,0,95,25,100,100,1,2,0,0,0,45,0,0,55,35,35,0,65,50,30,55,60,5,75,35
p00292,Consensus,Male,1987,White / Caucasian,Some college or Associate's degree,"$100,000 to $167,999",Republican,60,55,50,55,85,25,55,30,50,55,55,20,85,20,75,40,35,85,45,45,45,70,30,75,0,1,10,15,55,25,15,25,40,50,25,10,35,15,40,60,40,35,65,90
p00293,High public trust,Female,1999,Hispanic / Latino,High school diploma / GED,"Less than $30,000",Republican,50,40,30,40,50,60,20,50,30,30,30,20,70,20,20,10,30,50,60,50,30,40,30,60,0,2,30,70,20,20,20,20,20,40,30,60,50,20,30,30,50,30,30,50
p00294,control,Male,1969,White / Caucasian,High school diploma / GED,"$30,000 to $55,999",Republican,19,9,13,40,18,14,22,32,12,37,0,6,61,68,35,10,4,57,58,34,4,39,64,90,1,2,9,15,12,18,10,24,13,2,17,9,3,53,22,33,89,6,38,20
p00295,Measurement & modeling (2),Female,1955,White / Caucasian,High school diploma / GED,"$100,000 to $167,999",Republican,30,45,50,50,60,75,85,50,20,20,45,55,45,10,90,45,30,35,35,40,55,50,55,45,4,1,60,40,25,20,65,45,30,20,35,10,10,50,35,55,85,40,25,35
p00296,Model accuracy,Male,1959,White / Caucasian,Bachelor's degree,"$100,000 to $167,999",Republican,35,25,20,15,50,60,15,30,45,80,0,50,100,0,45,25,5,40,25,5,55,5,15,85,0,2,40,80,5,0,5,25,55,5,10,60,15,5,80,15,25,30,15,50
p00297,control,Female,2007,White / Caucasian,High school diploma / GED,"$30,000 to $55,999",Independent,80,45,75,75,45,70,50,35,55,50,65,35,15,65,85,60,50,50,80,80,85,15,75,40,5,1,70,90,30,75,50,45,5,15,60,50,70,15,60,85,85,30,10,65
p00298,Portrait Prof. Cherry,Female,1982,White / Caucasian,High school diploma / GED,"$56,000 to $99,999",Independent,60,90,65,40,25,60,60,70,45,60,55,30,15,20,75,50,75,10,50,50,65,50,75,55,6,1,35,45,45,50,35,45,20,65,55,10,60,55,70,75,65,50,50,45
p00299,Oil industry misinformation,Female,1992,White / Caucasian,High school diploma / GED,"$56,000 to $99,999",Republican,79,56,18,6,0,6,26,0,78,0,36,9,27,68,41,0,61,9,5,46,10,3,21,82,5,1,0,0,0,1,0,13,22,26,30,50,14,23,28,3,0,7,13,4
p00300,Oil industry misinformation,Male,1977,White / Caucasian,Some college or Associate's degree,"$100,000 to $167,999",Republican,90,70,20,20,0,50,40,60,40,0,0,40,10,0,20,10,0,30,60,0,20,20,0,60,1,2,0,10,10,10,0,10,10,20,0,10,0,20,20,40,50,30,30,40
p00301,Interview Prof. Sebille,Female,1971,White / Caucasian,Some college or Associate's degree,"$56,000 to $99,999",Republican,0,50,25,21,10,11,7,4,0,13,24,0,96,3,11,6,7,4,37,6,4,28,38,100,2,2,36,9,38,0,1,19,6,0,0,62,1,9,7,18,43,12,61,4
p00302,Former skeptics,Male,1950,White / Caucasian,Bachelor's degree,"$56,000 to $99,999",Republican,50,30,50,50,30,50,30,30,40,50,50,40,70,30,40,30,30,60,50,40,20,30,30,70,1,2,30,40,30,30,30,60,50,20,20,20,20,20,30,10,40,20,30,40
p00303,control,Female,1969,White / Caucasian,Some college or Associate's degree,"Less than $30,000",Republican,0,45,50,25,80,0,35,5,0,0,0,40,20,10,15,25,0,5,45,65,30,70,70,80,1,2,70,25,0,10,0,25,40,5,25,15,5,25,25,0,0,30,45,65
p00304,Measurement & modeling (1),Female,1965,Hispanic / Latino,Bachelor's degree,"$100,000 to $167,999",Democrat,90,80,90,80,60,60,80,60,70,80,90,70,100,70,100,70,60,90,60,70,80,90,70,40,6,2,100,100,90,80,80,90,90,90,60,90,70,60,90,60,80,50,90,70
p00305,High public trust,Female,1960,White / Caucasian,High school diploma / GED,"Less than $30,000",Republican,25,50,40,10,45,40,10,30,25,15,60,25,55,20,60,20,25,50,45,10,45,35,40,65,3,2,65,25,40,25,10,30,20,10,45,20,50,20,50,30,75,20,10,60
p00306,Interview Prof. Sebille,Female,1947,White / Caucasian,Some college or Associate's degree,"$100,000 to $167,999",Republican,35,15,25,25,20,25,15,20,20,25,15,20,40,10,15,20,25,10,20,20,50,40,80,45,3,2,30,15,25,20,20,15,15,10,15,10,10,20,15,10,10,10,20,45
p00307,control,Male,2003,White / Caucasian,High school diploma / GED,"$168,000 or more",Democrat,50,60,60,30,80,60,70,70,40,60,60,60,80,50,10,80,50,80,60,30,50,40,70,30,4,2,60,50,60,70,40,70,40,30,30,20,70,50,70,20,60,60,70,60
p00308,Oil industry misinformation,Male,1984,White / Caucasian,Less than high school,"$56,000 to $99,999",Democrat,86,73,62,80,65,45,30,73,69,68,77,55,70,61,68,75,86,10,94,98,85,66,99,12,5,2,91,87,25,76,78,79,84,76,96,70,63,74,93,90,90,78,88,89
p00309,Former skeptics,Female,1997,White / Caucasian,High school diploma / GED,"$100,000 to $167,999",Democrat,100,89,100,97,87,100,86,100,98,90,91,82,5,56,67,63,64,57,77,100,70,90,100,0,9,2,93,100,99,93,100,82,69,100,98,43,91,89,100,100,100,66,98,100
p00310,Social justice,Female,1946,Hispanic / Latino,High school diploma / GED,"$30,000 to $55,999",Democrat,90,20,70,70,85,70,40,55,50,45,40,60,10,50,85,45,70,60,80,65,90,90,45,65,0,2,75,70,70,60,40,40,10,20,35,15,85,25,60,75,50,60,90,90
p00311,Scientist community helpers,Male,1997,White / Caucasian,High school diploma / GED,"$56,000 to $99,999",Democrat,80,65,75,60,70,30,50,90,75,65,60,60,20,60,60,30,60,75,50,35,60,65,50,30,8,2,85,55,80,50,80,70,40,50,75,60,60,60,65,65,70,35,65,65
p00312,control,Male,1993,Black / African American,Bachelor's degree,"$56,000 to $99,999",Democrat,75,30,60,65,70,60,65,70,65,75,80,70,10,65,85,90,60,65,70,55,70,75,85,55,4,2,65,90,45,25,70,75,70,35,65,70,90,90,45,75,45,75,75,85
p00313,control,Female,1962,White / Caucasian,Less than high school,"Less than $30,000",Independent,55,35,65,35,90,40,45,5,35,60,75,55,55,90,75,20,40,50,75,45,85,60,20,80,4,2,35,75,60,50,55,50,20,60,60,10,85,40,75,75,100,30,75,75
p00314,Corporate reliance,Male,1990,White / Caucasian,Bachelor's degree,"$100,000 to $167,999",Democrat,90,100,80,90,100,80,60,90,20,90,90,90,0,80,100,90,90,100,80,70,90,90,90,0,9,2,90,90,90,90,100,50,0,20,30,70,60,80,90,70,100,100,70,90
p00315,Interview Prof. Sebille,Male,1966,White / Caucasian,Some college or Associate's degree,"$56,000 to $99,999",Republican,50,65,60,55,60,45,70,40,75,30,65,55,60,25,45,40,25,40,40,50,55,55,45,40,1,2,35,15,20,35,10,10,45,25,75,25,15,10,20,25,25,10,15,75
p00316,Social justice,Male,1985,White / Caucasian,High school diploma / GED,"$56,000 to $99,999",Democrat,60,85,65,50,80,45,90,65,65,60,40,55,15,45,95,95,75,60,40,80,80,100,100,25,0,2,100,70,55,40,35,40,30,45,80,5,85,5,60,65,90,85,65,90
p00317,Interview Prof. Sebille,Male,1997,White / Caucasian,High school diploma / GED,"Less than $30,000",Democrat,90,95,65,80,35,95,100,30,75,40,95,100,30,85,100,100,100,60,100,55,80,100,100,5,5,2,100,80,90,100,45,45,15,5,100,100,100,45,100,100,85,100,90,95
p00318,Oil industry misinformation,Male,1966,Hispanic / Latino,High school diploma / GED,"$56,000 to $99,999",Independent,80,20,10,20,20,0,10,20,90,10,40,10,20,10,0,10,20,40,60,80,50,80,10,10,0,2,60,40,70,30,40,40,20,50,40,0,40,50,70,80,90,40,40,80
p00319,Oil industry misinformation,Female,1980,Hispanic / Latino,Some college or Associate's degree,"$100,000 to $167,999",Democrat,100,90,100,60,100,70,100,80,40,90,90,60,0,90,90,100,100,90,70,100,90,90,60,10,4,2,90,100,30,100,30,70,30,10,70,40,100,50,100,100,100,80,100,100
p00320,Former skeptics,Male,1986,Hispanic / Latino,High school diploma / GED,"$30,000 to $55,999",Republican,10,60,60,30,40,40,60,20,30,20,70,30,80,20,10,10,10,30,20,30,30,10,20,70,1,2,50,20,10,20,10,50,30,20,40,10,20,10,10,10,10,30,20,10
p00321,High public trust,Female,1960,White / Caucasian,High school diploma / GED,"$30,000 to $55,999",Independent,50,30,50,10,10,20,0,0,10,10,10,10,20,0,70,10,60,90,100,60,90,60,80,90,1,2,80,100,100,60,20,0,60,90,20,10,40,20,80,100,70,20,100,80
p00322,Model accuracy,Female,1985,White / Caucasian,Bachelor's degree,"$100,000 to $167,999",Democrat,75,100,75,75,75,75,75,75,75,75,75,100,25,25,75,50,50,50,75,75,75,75,75,25,8,2,100,75,75,75,75,50,75,50,75,75,100,75,75,75,75,25,75,75
p00323,Portrait Prof. Cherry,Female,1979,White / Caucasian,Master's degree / Professional degree,"$168,000 or more",Republican,80,90,90,85,100,90,85,90,85,90,90,90,85,10,90,95,40,80,20,45,40,80,50,10,9,2,75,10,50,55,20,45,45,55,50,10,25,25,55,50,85,20,45,95
p00324,Corporate reliance,Female,1985,White / Caucasian,Bachelor's degree,"$56,000 to $99,999",Democrat,100,90,100,90,60,80,20,100,100,100,30,90,0,90,40,70,100,80,100,90,100,90,100,20,10,2,70,90,100,100,90,90,30,100,90,100,100,100,90,100,100,40,100,80
p00325,Corporate reliance,Female,1994,Black / African American,Some college or Associate's degree,"Less than $30,000",Republican,60,70,20,30,50,20,40,20,20,20,40,70,40,40,50,40,20,70,70,80,70,70,10,90,1,2,40,70,70,60,40,70,40,40,70,40,60,30,40,60,70,10,30,70
p00326,High public trust,Male,1992,Other,Master's degree / Professional degree,"$100,000 to $167,999",Democrat,90,40,55,75,75,65,80,80,85,85,80,85,70,60,65,70,70,85,60,85,70,65,75,45,7,2,70,80,75,70,65,70,30,50,65,15,70,35,90,85,80,65,25,85
p00327,Interview Prof. Sebille,Female,1983,White / Caucasian,Some college or Associate's degree,"$56,000 to $99,999",Independent,60,80,70,50,90,80,90,70,100,90,100,50,30,40,90,30,10,100,80,80,90,40,70,10,0,1,90,60,30,10,70,40,40,40,70,90,30,90,100,90,60,60,40,90
p00328,Measurement & modeling (2),Female,1969,White / Caucasian,Bachelor's degree,"Less than $30,000",Republican,30,20,10,30,60,40,0,30,10,30,10,0,70,30,80,10,40,10,10,0,20,70,80,60,4,2,0,10,0,10,10,10,0,20,30,10,10,10,0,0,20,0,20,30
p00329,Former skeptics,Female,1995,White / Caucasian,High school diploma / GED,"$168,000 or more",Republican,40,30,10,20,10,10,10,10,10,10,10,20,80,10,10,0,20,10,10,10,20,10,10,90,1,2,20,0,40,30,40,40,10,0,20,0,30,20,20,50,0,50,20,10
p00330,Portrait Prof. Cherry,Male,1961,White / Caucasian,Bachelor's degree,"Less than $30,000",Republican,45,45,55,65,35,40,45,55,10,30,25,45,35,55,25,15,25,10,20,70,35,25,40,20,8,2,15,10,20,15,20,35,25,25,70,15,15,25,10,35,45,10,10,20
p00331,Measurement & modeling (2),Female,2004,White / Caucasian,High school diploma / GED,"Less than $30,000",Republican,40,40,30,40,30,70,30,40,30,10,40,20,60,30,20,20,60,40,60,10,80,40,30,70,2,2,20,30,30,20,10,40,30,40,20,20,40,20,40,30,50,20,30,50
p00332,Extreme weather predictions,Male,1994,White / Caucasian,Bachelor's degree,"$100,000 to $167,999",Democrat,91,69,55,45,52,55,68,83,50,53,48,55,13,53,68,39,70,15,84,54,79,87,85,29,0,2,92,81,77,89,80,51,48,54,51,61,78,91,76,83,47,45,83,85
p00333,Oil industry misinformation,Male,1997,Hispanic / Latino,Some college or Associate's degree,"$100,000 to $167,999",Democrat,80,100,50,70,90,90,90,90,90,100,60,80,20,70,100,80,60,70,100,90,100,60,90,10,0,2,50,70,70,90,20,0,0,0,80,50,60,50,100,80,90,70,90,100
p00334,Social justice,Female,2000,Hispanic / Latino,Bachelor's degree,"$30,000 to $55,999",Independent,50,70,70,60,50,40,90,50,40,60,60,50,20,0,70,70,10,20,100,60,80,100,30,50,8,2,90,60,90,60,30,60,60,20,20,20,80,60,90,100,70,0,80,60
p00335,Extreme weather predictions,Female,1966,White / Caucasian,Master's degree / Professional degree,"$56,000 to $99,999",Democrat,60,75,80,80,60,85,75,70,90,75,85,85,15,80,85,95,50,20,100,95,85,85,65,15,6,2,100,60,95,85,80,70,25,50,80,80,80,55,45,85,90,75,90,70
p00336,Portrait Prof. Cherry,Male,1966,Hispanic / Latino,High school diploma / GED,"Less than $30,000",Democrat,75,65,80,95,75,80,80,100,45,90,20,70,10,45,100,70,95,65,90,100,65,80,60,10,2,2,100,80,100,70,10,0,35,60,50,10,70,0,45,80,90,0,70,85
p00337,Peer-review,Male,1946,Other,Bachelor's degree,"$30,000 to $55,999",Republican,75,50,60,45,35,30,20,55,65,55,75,20,45,10,60,55,35,10,45,45,55,30,55,50,0,2,10,70,20,55,10,15,15,15,20,15,15,50,30,20,55,15,20,10
p00338,Funding,Male,1979,White / Caucasian,Bachelor's degree,"$56,000 to $99,999",Republican,100,50,100,50,50,25,50,50,25,50,50,50,100,50,100,100,100,25,50,50,75,100,100,0,1,2,100,100,50,25,0,25,25,0,0,0,50,0,50,100,50,0,50,50
p00339,Corporate reliance,Female,1963,White / Caucasian,High school diploma / GED,"$56,000 to $99,999",Independent,45,35,45,70,55,75,50,60,70,25,50,20,10,30,35,50,85,30,45,45,50,70,75,25,0,2,85,80,50,55,10,60,15,90,10,45,50,40,55,70,70,50,85,35
p00340,Portrait Prof. Cherry,Male,1992,White / Caucasian,Bachelor's degree,"$30,000 to $55,999",Republican,10,50,70,60,50,50,40,40,40,50,40,80,50,50,60,0,10,30,30,10,60,80,60,30,7,2,50,20,20,0,0,50,70,70,40,40,30,20,10,50,40,0,40,50
p00341,Measurement & modeling (2),Female,1980,Black / African American,Some college or Associate's degree,"Less than $30,000",Democrat,65,75,75,65,65,70,75,70,60,65,80,45,75,70,50,65,75,60,90,80,90,55,50,10,5,2,90,75,90,80,30,90,40,75,60,10,75,65,90,90,85,70,85,85
p00342,Scientist community helpers,Male,1962,White / Caucasian,Some college or Associate's degree,"$100,000 to $167,999",Republican,70,75,75,75,75,70,70,80,0,75,65,60,40,10,100,70,95,35,80,15,75,70,55,5,0,2,45,25,0,30,5,10,20,50,35,15,30,95,35,55,65,55,45,95
p00343,Measurement & modeling (2),Male,1991,White / Caucasian,Master's degree / Professional degree,"$56,000 to $99,999",Democrat,90,95,90,80,80,70,100,55,85,95,85,75,90,50,80,85,95,80,100,90,100,90,75,20,3,2,90,40,85,100,75,75,55,45,70,70,100,85,85,95,100,75,75,60
p00344,Former skeptics,Female,1969,White / Caucasian,High school diploma / GED,"Less than $30,000",Republican,40,20,20,25,90,40,30,35,50,10,30,15,50,35,35,10,30,30,35,10,55,25,55,40,4,2,65,20,25,20,20,75,10,50,20,25,15,15,25,70,55,35,50,40
p00345,Former skeptics,Female,1965,White / Caucasian,High school diploma / GED,"$56,000 to $99,999",Democrat,64,86,60,57,73,62,34,67,55,65,48,63,13,68,92,46,49,29,71,58,82,40,42,89,3,2,42,46,43,73,44,28,56,66,57,26,44,62,74,64,75,53,71,48
p00346,Portrait Prof. Cherry,Male,1977,White / Caucasian,Less than high school,"$56,000 to $99,999",Republican,51,70,73,44,24,55,27,8,71,73,26,32,27,51,47,51,55,21,51,25,36,38,36,58,1,2,26,34,17,16,14,12,64,15,51,12,19,9,9,28,42,15,19,57
p00347,Peer-review,Male,1997,White / Caucasian,High school diploma / GED,"$100,000 to $167,999",Independent,95,100,90,90,80,80,45,70,50,90,85,80,5,80,90,65,30,80,95,60,90,65,85,5,5,2,95,45,75,80,45,15,95,35,85,75,55,15,90,50,95,5,90,70
p00348,Portrait Prof. Cherry,Male,1963,Black / African American,High school diploma / GED,"$56,000 to $99,999",Democrat,50,65,90,60,65,85,70,60,65,60,70,60,15,50,90,80,90,80,85,35,60,80,65,25,7,2,85,90,75,80,50,35,20,30,70,25,80,85,85,80,85,25,70,85
p00349,Social justice,Male,1984,White / Caucasian,Bachelor's degree,"$168,000 or more",Republican,50,40,70,10,40,10,60,50,50,10,50,50,80,30,60,50,10,40,50,50,50,10,40,40,2,2,40,20,20,10,60,10,30,20,20,20,10,10,60,50,80,20,50,50
p00350,control,Male,1983,White / Caucasian,Some college or Associate's degree,"$100,000 to $167,999",Independent,50,50,75,50,50,75,50,75,75,50,75,75,75,25,25,50,100,75,50,75,25,50,100,75,0,2,25,25,25,25,50,50,50,75,100,25,25,25,75,75,75,0,100,75
p00351,Interview Prof. Maraun,Female,1988,Other,Bachelor's degree,"$56,000 to $99,999",Republican,75,50,75,50,100,100,75,50,50,75,75,75,75,50,50,50,50,75,75,50,75,50,50,25,6,2,100,75,50,50,25,50,50,100,25,50,75,50,75,75,75,50,75,75
p00352,Funding,Male,1973,Black / African American,Some college or Associate's degree,"Less than $30,000",Democrat,70,50,50,30,100,40,70,80,90,80,60,30,0,90,90,80,70,50,50,80,90,90,80,0,1,1,90,50,80,70,10,20,10,20,60,0,90,30,80,90,50,10,60,100
p00353,Former skeptics,Female,1979,White / Caucasian,Bachelor's degree,"$168,000 or more",Democrat,70,75,75,75,60,80,85,65,85,85,75,90,15,85,65,75,70,65,90,70,80,75,65,10,7,2,70,80,85,65,35,20,90,45,40,35,80,80,70,80,85,80,75,90
p00354,Measurement & modeling (2),Male,1963,White / Caucasian,High school diploma / GED,"Less than $30,000",Democrat,80,85,90,70,85,95,50,65,55,25,55,100,10,65,95,40,85,70,80,75,90,90,75,10,3,2,90,90,75,95,20,90,90,70,70,55,90,60,90,95,100,45,85,90
p00356,Scientist community helpers,Female,1963,White / Caucasian,High school diploma / GED,"Less than $30,000",Independent,10,20,10,20,0,10,10,0,0,60,20,0,20,10,20,20,30,0,10,30,20,0,0,90,6,1,50,60,70,0,40,50,0,80,30,0,60,60,80,60,30,10,60,80
p00357,Scientist community helpers,Female,1973,Black / African American,Bachelor's degree,"$168,000 or more",Democrat,70,90,60,60,50,70,70,80,60,40,80,50,30,40,70,80,90,70,70,60,90,80,70,20,8,2,80,80,90,30,20,70,70,20,50,70,80,50,60,70,90,40,80,90
p00358,Funding,Female,1955,Asian / Asian American,Master's degree / Professional degree,"$56,000 to $99,999",Democrat,70,100,95,90,55,85,90,55,95,40,65,75,95,100,90,90,100,45,60,90,85,100,65,15,5,1,95,100,90,90,85,70,40,65,40,85,95,45,100,100,75,35,95,60
p00359,Interview Prof. Sebille,Female,1977,Black / African American,Some college or Associate's degree,"$168,000 or more",Democrat,80,30,80,70,70,20,60,80,90,80,50,70,70,70,80,30,70,10,90,90,90,90,40,40,7,2,100,90,90,100,50,80,60,10,90,60,90,50,90,100,90,80,90,90
p00360,Extreme weather predictions,Female,1984,Black / African American,Less than high school,"Less than $30,000",Democrat,0,10,50,10,0,10,10,10,10,0,10,0,60,50,50,10,90,10,90,80,90,50,0,90,2,2,80,100,90,80,100,40,30,50,80,0,100,40,90,100,100,40,90,100
p00361,Funding,Female,1985,Black / African American,High school diploma / GED,"$56,000 to $99,999",Democrat,68,47,97,76,61,69,80,66,100,61,77,43,72,70,77,74,74,98,67,97,91,64,5,0,7,2,81,100,86,42,46,43,53,0,70,29,85,12,52,68,71,32,46,100
p00362,Interview Prof. Maraun,Female,1981,White / Caucasian,High school diploma / GED,"$56,000 to $99,999",Republican,30,40,30,50,30,40,50,40,40,20,50,30,50,10,30,30,10,40,50,30,60,20,20,30,1,2,40,30,20,40,30,40,30,30,20,40,10,40,40,40,40,30,30,60
p00363,Former skeptics,Male,1976,Black / African American,Master's degree / Professional degree,"$56,000 to $99,999",Republican,40,50,70,60,70,60,70,60,50,50,30,70,70,60,80,90,70,10,60,80,70,40,70,50,0,2,70,50,30,60,30,60,20,50,40,40,80,90,60,40,70,10,70,30
p00364,Scientist community helpers,Female,1946,White / Caucasian,High school diploma / GED,"$56,000 to $99,999",Republican,25,25,75,25,25,0,50,75,25,25,0,25,100,50,50,0,25,25,25,0,0,0,25,75,0,2,50,0,50,0,0,50,25,0,25,25,25,25,50,25,0,25,50,25
p00366,Measurement & modeling (2),Female,1985,White / Caucasian,Bachelor's degree,"$56,000 to $99,999",Republican,50,85,55,60,50,85,90,25,60,80,45,5,75,25,50,20,15,50,40,5,60,45,40,15,3,2,50,20,55,65,80,45,55,40,50,35,15,0,10,10,20,40,20,15
p00367,Portrait Prof. Cherry,Female,1974,White / Caucasian,Bachelor's degree,"Less than $30,000",Republican,90,75,90,65,55,75,55,50,45,70,25,75,55,90,80,85,45,50,60,35,45,50,80,10,6,2,35,35,10,20,30,20,15,15,55,10,40,15,60,70,55,20,35,85
p00368,High public trust,Female,1990,White / Caucasian,Less than high school,"Less than $30,000",Republican,6,8,11,41,8,16,5,38,37,29,7,34,81,27,23,3,6,7,52,8,1,29,27,81,1,2,40,1,54,81,0,13,16,10,47,14,2,17,16,28,34,17,17,42
p00369,Interview Prof. Maraun,Female,1968,White / Caucasian,High school diploma / GED,"$56,000 to $99,999",Republican,40,8,55,38,35,37,4,0,5,32,19,35,25,29,60,4,19,29,63,8,42,45,58,41,1,2,22,47,32,31,2,2,20,26,39,76,40,35,28,80,33,42,69,56
p00370,High public trust,Male,1989,Other,Some college or Associate's degree,"$100,000 to $167,999",Democrat,95,60,75,80,95,95,65,75,85,40,85,70,10,45,100,55,100,0,80,85,100,30,15,0,2,2,100,85,95,50,15,100,20,40,50,0,80,75,55,65,65,75,70,65
p00371,Former skeptics,Male,1973,Other,High school diploma / GED,"$56,000 to $99,999",Independent,50,70,60,100,30,50,95,65,60,80,10,50,10,55,95,50,90,70,70,65,90,80,85,35,4,1,80,90,85,95,15,40,35,60,40,80,75,75,95,100,100,40,65,95
p00372,Interview Prof. Maraun,Female,1966,Other,Some college or Associate's degree,"$56,000 to $99,999",Democrat,40,75,50,45,75,50,60,55,40,55,50,65,65,35,60,75,50,70,60,55,75,35,35,65,6,2,35,20,65,30,65,65,85,35,60,40,65,45,55,65,60,15,50,25
p00373,Peer-review,Female,1962,White / Caucasian,High school diploma / GED,"$56,000 to $99,999",Democrat,100,40,90,95,90,75,80,80,50,90,40,65,10,80,80,100,75,40,100,100,75,100,95,0,1,2,100,100,100,90,95,100,5,60,75,80,100,95,100,100,85,50,90,100
p00374,Peer-review,Male,1997,White / Caucasian,High school diploma / GED,"$56,000 to $99,999",Democrat,20,55,25,10,70,95,30,95,5,85,45,80,5,55,100,75,65,70,55,45,0,95,75,60,1,2,95,100,60,55,25,60,35,65,60,80,60,70,70,70,80,65,50,80
p00375,Measurement & modeling (2),Male,2002,Hispanic / Latino,High school diploma / GED,"$30,000 to $55,999",Republican,20,25,25,45,25,25,20,20,15,40,15,20,35,50,10,40,15,20,55,35,40,10,10,55,0,2,25,50,20,30,15,10,20,20,20,45,20,30,30,30,30,15,20,55
p00376,Former skeptics,Male,1957,White / Caucasian,Master's degree / Professional degree,"$100,000 to $167,999",Democrat,100,70,100,100,80,90,80,60,100,40,100,60,0,90,90,90,60,40,100,90,70,80,100,10,3,2,10,40,20,10,40,40,40,50,100,0,80,60,90,90,80,60,90,100
p00377,Consensus,Male,2001,Other,Bachelor's degree,"$100,000 to $167,999",Republican,90,90,80,70,70,70,60,70,80,70,80,60,70,70,70,60,70,40,50,40,70,50,70,30,4,2,60,30,40,20,40,50,40,60,30,10,40,10,50,70,50,20,50,90
p00378,Interview Prof. Maraun,Male,1949,White / Caucasian,High school diploma / GED,"Less than $30,000",Republican,25,12,10,20,13,8,44,14,39,18,27,25,61,22,8,25,29,24,18,20,15,46,9,91,0,2,12,17,20,9,20,13,9,24,24,22,28,12,50,61,65,12,19,12
p00379,Portrait Prof. Cherry,Female,1973,White / Caucasian,High school diploma / GED,"$100,000 to $167,999",Independent,20,50,60,50,50,30,30,50,30,30,30,50,20,50,50,50,40,10,70,40,30,40,40,50,1,2,80,60,80,50,30,90,30,30,30,10,80,30,60,50,70,30,70,40
p00380,Peer-review,Female,1984,White / Caucasian,Master's degree / Professional degree,"$100,000 to $167,999",Republican,70,85,85,40,75,65,50,70,55,85,100,50,55,45,55,55,45,20,45,60,5,5,50,10,5,2,50,0,10,50,80,100,85,55,45,35,20,5,15,35,65,20,100,70
p00381,Portrait Prof. Cherry,Female,1969,Hispanic / Latino,Some college or Associate's degree,"$30,000 to $55,999",Democrat,80,100,70,100,60,90,70,70,60,70,80,70,10,90,100,90,100,70,100,80,100,100,90,0,7,2,90,90,90,100,90,100,70,80,80,100,100,100,100,100,90,20,100,70
p00382,Measurement & modeling (2),Female,1978,Asian / Asian American,Bachelor's degree,"$100,000 to $167,999",Independent,40,100,50,80,40,65,45,50,65,55,75,85,70,75,95,70,35,20,40,65,90,100,95,0,1,2,90,65,100,70,10,75,0,75,45,10,20,45,80,90,75,75,45,100
p00383,Oil industry misinformation,Male,1970,Asian / Asian American,Bachelor's degree,"$30,000 to $55,999",Independent,53,65,34,47,39,17,38,11,23,13,62,21,30,48,47,27,12,23,59,78,44,51,41,66,9,2,79,57,65,55,17,84,22,35,21,30,52,56,64,30,69,29,26,75
p00384,Model accuracy,Female,1965,White / Caucasian,High school diploma / GED,"$56,000 to $99,999",Republican,35,65,35,45,25,45,30,10,85,40,25,10,65,10,55,15,50,25,25,35,20,40,10,45,1,2,55,15,40,10,55,40,10,25,60,10,25,15,35,50,65,15,45,70
p00385,Measurement & modeling (1),Male,1958,Hispanic / Latino,Doctorate degree / Ph.D.,"Less than $30,000",Democrat,65,60,65,50,60,75,75,65,70,55,60,30,50,50,70,85,75,65,75,90,80,80,65,10,1,2,45,80,25,85,50,30,40,35,45,35,80,50,80,30,65,25,65,80
p00386,Interview Prof. Maraun,Male,1968,White / Caucasian,Some college or Associate's degree,"$100,000 to $167,999",Republican,70,40,80,20,40,60,70,50,60,50,0,50,60,30,90,20,50,60,60,70,20,40,40,0,5,2,20,20,10,10,20,70,90,10,0,30,10,30,30,10,90,20,10,0
p00387,Measurement & modeling (2),Female,1966,Other,Bachelor's degree,"$56,000 to $99,999",Democrat,60,90,70,60,60,50,70,70,60,40,50,50,10,80,30,70,80,10,60,30,80,50,40,10,6,1,80,90,70,90,70,70,40,70,70,60,90,70,70,80,80,10,80,80
p00388,Corporate reliance,Male,1968,White / Caucasian,High school diploma / GED,"$30,000 to $55,999",Democrat,40,80,60,30,70,60,80,80,60,70,10,70,80,50,70,40,50,20,60,70,100,30,70,20,7,2,70,70,50,60,10,50,20,50,10,20,10,20,50,70,70,30,90,70
p00389,Measurement & modeling (1),Male,1984,Other,Less than high school,"Less than $30,000",Republican,70,35,30,15,45,25,50,45,35,35,25,35,60,10,40,15,20,50,40,25,50,75,35,60,0,2,20,25,15,25,25,10,10,35,10,10,20,10,45,45,35,15,15,45
p00390,Former skeptics,Male,1975,Asian / Asian American,Bachelor's degree,"$30,000 to $55,999",Democrat,95,90,90,80,65,95,80,95,50,90,85,85,10,50,85,95,90,75,80,80,90,90,95,5,5,1,85,70,90,80,70,95,20,25,90,55,90,70,60,95,95,20,90,95
p00391,Scientist community helpers,Male,2006,White / Caucasian,High school diploma / GED,"$100,000 to $167,999",Democrat,66,73,59,55,75,88,83,84,67,68,81,61,72,69,73,42,79,68,54,51,78,70,61,27,8,2,86,67,49,55,28,55,45,70,86,36,63,63,43,84,77,74,88,53
p00392,Scientist community helpers,Male,1953,White / Caucasian,Master's degree / Professional degree,"$168,000 or more",Democrat,90,75,75,65,85,80,65,70,80,65,65,45,15,65,90,90,80,55,60,60,65,60,90,15,1,2,75,80,80,70,35,30,40,20,65,10,70,70,75,75,75,60,85,80
p00393,Interview Prof. Sebille,Female,2004,White / Caucasian,Bachelor's degree,"Less than $30,000",Democrat,90,70,50,90,40,60,80,70,80,60,70,80,10,70,60,80,90,90,60,80,80,80,60,10,6,1,90,80,50,60,60,70,20,80,70,50,90,50,80,80,80,10,80,80
p00394,Funding,Male,1946,White / Caucasian,Bachelor's degree,"$56,000 to $99,999",Democrat,90,90,60,70,80,70,80,60,70,70,70,80,40,30,40,70,40,60,70,60,60,40,100,10,1,1,40,60,50,40,90,40,40,10,80,10,10,70,90,80,50,10,90,90
p00395,Measurement & modeling (2),Female,2007,Asian / Asian American,Some college or Associate's degree,"$100,000 to $167,999",Republican,60,60,40,50,50,60,50,20,40,60,40,60,10,10,50,40,40,20,60,50,90,30,10,40,1,2,40,50,50,50,40,40,10,50,30,40,40,70,80,10,50,10,50,50
p00396,Former skeptics,Female,1995,White / Caucasian,Some college or Associate's degree,"$168,000 or more",Republican,14,21,12,11,9,9,10,10,34,12,33,27,55,16,37,40,8,17,27,20,23,58,14,52,0,2,28,44,10,15,45,38,54,24,73,44,24,37,10,27,54,38,8,32
p00397,Measurement & modeling (1),Female,1989,White / Caucasian,Master's degree / Professional degree,"$100,000 to $167,999",Democrat,80,55,85,80,90,75,90,90,45,60,80,75,20,75,85,80,80,55,75,90,60,70,85,10,3,2,75,50,65,90,45,70,50,80,75,60,70,60,75,75,85,85,70,65
p00398,Interview Prof. Maraun,Female,2008,White / Caucasian,Some college or Associate's degree,"$56,000 to $99,999",Democrat,70,80,80,60,50,70,60,60,60,30,70,70,10,90,90,70,90,60,80,70,80,90,80,10,9,1,50,90,70,90,60,30,20,50,70,80,60,10,90,80,70,40,80,80
p00399,Portrait Prof. Cherry,Male,1970,Other,Master's degree / Professional degree,"$100,000 to $167,999",Republican,80,70,20,45,25,55,40,50,30,5,45,10,5,25,70,70,0,35,50,75,55,70,45,25,0,2,65,20,45,75,10,15,35,10,100,15,50,10,15,50,100,25,60,70
p00400,Consensus,Male,2003,Hispanic / Latino,High school diploma / GED,"$30,000 to $55,999",Republican,10,5,55,10,30,20,45,5,25,80,0,5,80,75,40,10,5,10,25,35,30,5,65,30,0,2,70,15,10,45,20,5,30,15,0,35,15,5,5,25,35,55,40,25
p00401,Measurement & modeling (2),Female,1970,White / Caucasian,High school diploma / GED,"$100,000 to $167,999",Republican,95,50,40,45,15,30,25,20,55,30,60,90,50,5,15,75,15,20,90,15,55,45,10,60,4,2,30,15,10,35,35,35,85,20,50,30,25,10,45,100,60,35,65,90
p00402,Portrait Prof. Cherry,Female,1970,White / Caucasian,High school diploma / GED,"$56,000 to $99,999",Independent,40,20,50,20,30,20,80,60,30,40,50,30,30,30,70,70,80,10,60,60,80,60,80,50,0,1,70,70,50,40,40,20,10,20,50,70,70,70,80,50,60,30,70,50
p00404,Extreme weather predictions,Male,1964,White / Caucasian,Bachelor's degree,"$168,000 or more",Republican,75,55,65,65,90,30,35,45,55,50,75,60,25,50,80,30,45,30,65,10,55,55,30,60,1,2,35,30,15,10,50,40,55,35,35,10,60,20,35,35,75,10,25,65
p00405,High public trust,Male,1994,White / Caucasian,High school diploma / GED,"$100,000 to $167,999",Republican,85,60,60,50,20,40,55,60,45,25,30,20,0,60,0,50,75,0,60,15,55,10,85,0,4,2,0,20,35,0,0,45,5,40,70,10,0,15,45,60,55,15,10,10
p00406,High public trust,Male,2005,White / Caucasian,Less than high school,"$30,000 to $55,999",Democrat,70,30,10,100,50,40,40,50,40,0,50,90,40,80,70,10,20,60,70,70,70,70,10,60,0,2,30,30,60,70,60,0,10,20,50,10,20,30,40,20,70,50,70,50
p00407,Model accuracy,Female,1973,White / Caucasian,High school diploma / GED,"$30,000 to $55,999",Independent,40,80,30,50,30,20,40,60,60,60,30,30,10,50,60,40,50,40,40,20,20,40,30,50,2,2,20,50,50,70,30,40,20,20,30,20,40,40,30,70,50,60,70,50
p00408,Model accuracy,Female,1985,Black / African American,High school diploma / GED,"$30,000 to $55,999",Democrat,10,10,0,0,10,30,40,30,40,20,20,30,70,0,40,30,30,20,20,30,60,80,50,70,8,1,90,20,80,60,30,30,10,60,80,10,50,80,100,20,80,0,80,80
p00409,Model accuracy,Female,2000,Black / African American,Some college or Associate's degree,"$100,000 to $167,999",Democrat,90,70,70,70,65,65,50,60,70,80,75,85,10,70,65,60,70,45,65,75,65,60,90,55,5,2,60,65,85,60,65,25,60,35,60,60,75,40,70,65,65,55,65,70
p00410,Portrait Prof. Cherry,Male,1964,Other,Less than high school,"$30,000 to $55,999",Republican,20,15,20,25,25,25,15,10,10,10,25,20,40,20,35,20,15,35,30,15,35,20,45,50,0,2,30,10,20,20,15,25,10,20,25,20,70,50,20,20,20,15,25,30
p00411,Social justice,Female,1974,White / Caucasian,High school diploma / GED,"$100,000 to $167,999",Independent,50,60,60,60,20,90,50,70,20,20,60,30,10,80,90,60,60,50,90,50,90,100,60,70,3,2,80,90,90,60,80,40,30,10,70,60,80,100,70,90,50,50,90,60
p00412,Oil industry misinformation,Female,1964,White / Caucasian,Master's degree / Professional degree,"$168,000 or more",Republican,45,40,55,90,70,35,65,80,25,70,65,70,60,55,35,75,55,50,30,25,50,30,85,55,0,2,50,15,15,10,10,15,25,15,20,25,15,35,35,10,45,15,15,50
p00414,Consensus,Female,1970,White / Caucasian,High school diploma / GED,"$56,000 to $99,999",Democrat,70,70,80,50,50,60,80,100,80,70,60,70,40,70,90,80,90,60,60,70,70,80,90,40,2,2,70,100,60,60,60,10,80,30,60,50,90,80,60,70,90,50,50,100
p00415,Measurement & modeling (1),Female,1948,White / Caucasian,Some college or Associate's degree,"$56,000 to $99,999",Independent,60,60,40,40,30,30,40,50,70,60,70,90,50,50,100,50,20,90,10,10,60,40,70,20,0,2,70,20,20,10,40,20,10,10,0,10,50,80,60,50,20,0,40,10
p00416,Measurement & modeling (1),Female,1955,White / Caucasian,Bachelor's degree,"$56,000 to $99,999",Independent,75,85,85,75,100,70,75,25,85,40,65,50,75,20,55,45,75,75,55,55,65,65,100,50,2,2,15,30,80,80,40,25,15,15,0,30,45,40,45,100,85,30,45,45
p00417,Model accuracy,Female,1954,Hispanic / Latino,High school diploma / GED,"$100,000 to $167,999",Democrat,65,55,40,70,25,45,55,35,90,5,10,5,20,50,85,90,65,35,90,60,45,90,45,55,2,2,90,100,65,85,50,5,75,5,65,25,85,70,75,60,85,80,65,100
p00418,Scientist community helpers,Male,1972,White / Caucasian,Bachelor's degree,"$168,000 or more",Republican,50,55,85,75,60,70,65,75,50,20,65,55,60,40,65,70,30,50,65,30,65,70,75,30,0,2,60,60,50,45,20,20,25,15,65,10,45,45,70,70,60,25,55,20
p00419,High public trust,Male,2003,White / Caucasian,Bachelor's degree,"$30,000 to $55,999",Republican,35,50,60,20,40,10,35,20,40,40,40,10,30,20,30,15,20,40,20,55,45,25,55,50,4,1,65,40,30,45,55,40,15,60,10,10,55,15,60,10,60,20,25,30
p00420,Former skeptics,Male,1946,White / Caucasian,Bachelor's degree,"$56,000 to $99,999",Democrat,50,80,80,70,70,60,60,90,70,50,70,60,20,60,60,80,70,70,80,50,80,70,70,40,2,2,80,70,70,80,20,40,10,20,40,10,80,70,80,90,80,10,80,90
p00421,Portrait Prof. Cherry,Male,2005,Hispanic / Latino,Some college or Associate's degree,"$100,000 to $167,999",Democrat,55,70,50,45,50,65,50,60,35,55,45,80,30,50,80,50,90,90,85,60,60,80,60,30,7,2,85,75,65,80,75,45,35,45,45,90,85,75,75,55,60,10,65,85
p00422,Corporate reliance,Female,1955,White / Caucasian,Some college or Associate's degree,"Less than $30,000",Democrat,25,25,25,25,40,50,45,45,15,25,30,40,40,45,55,20,90,15,25,75,65,85,35,35,1,2,85,50,85,80,35,15,40,40,50,30,65,40,20,65,60,20,70,70
p00423,Social justice,Male,1977,White / Caucasian,Bachelor's degree,"$56,000 to $99,999",Republican,50,60,50,60,60,70,60,70,50,40,50,60,10,20,80,60,40,60,50,50,70,40,50,70,1,2,60,20,10,20,60,40,20,40,40,30,20,20,60,50,80,40,20,60
p00425,Portrait Prof. Cherry,Female,2002,White / Caucasian,High school diploma / GED,"$168,000 or more",Democrat,80,70,60,60,60,60,80,70,80,80,60,80,20,80,40,90,70,90,70,50,70,60,80,70,7,2,60,70,100,20,90,70,70,40,60,50,70,80,80,70,100,90,90,90
p00427,Scientist community helpers,Male,1950,White / Caucasian,Some college or Associate's degree,"$30,000 to $55,999",Republican,35,70,40,30,15,40,25,30,50,25,25,25,55,40,25,15,55,40,40,45,15,30,35,30,1,2,35,15,35,35,15,20,20,15,15,10,20,25,15,20,10,20,25,55
p00429,High public trust,Male,1992,White / Caucasian,Bachelor's degree,"$100,000 to $167,999",Republican,70,100,20,40,50,80,60,30,50,70,30,100,90,10,0,40,20,70,20,10,80,30,60,60,4,2,30,0,20,10,50,80,30,40,30,20,40,0,20,30,50,10,20,10
p00430,Portrait Prof. Cherry,Female,1987,White / Caucasian,High school diploma / GED,"$56,000 to $99,999",Republican,15,55,55,30,80,10,35,75,45,40,60,15,40,45,45,50,35,45,30,60,70,75,45,60,3,2,85,70,20,30,25,70,25,10,20,20,50,25,50,40,40,20,30,90
p00431,Funding,Female,1991,Black / African American,Less than high school,"Less than $30,000",Republican,45,55,40,30,55,40,15,15,20,70,65,30,40,50,60,60,10,15,55,30,20,10,45,55,1,2,70,50,45,50,20,35,30,40,20,25,10,10,40,25,75,45,45,55
p00432,Measurement & modeling (1),Male,1961,White / Caucasian,Some college or Associate's degree,"$56,000 to $99,999",Republican,100,65,35,75,50,55,0,60,55,0,25,50,15,10,40,55,25,5,50,30,75,80,55,40,1,2,100,35,0,25,0,10,0,10,25,15,20,20,0,65,5,10,65,25
p00433,Interview Prof. Maraun,Male,1998,Asian / Asian American,Bachelor's degree,"$168,000 or more",Democrat,45,70,85,70,85,75,80,75,85,70,65,40,35,80,85,80,85,70,65,55,25,70,70,15,8,2,65,80,50,75,65,60,75,40,75,40,85,70,60,80,85,45,75,85
p00434,Portrait Prof. Cherry,Male,1978,Black / African American,High school diploma / GED,"$56,000 to $99,999",Democrat,85,100,65,70,30,80,80,95,40,45,70,30,20,100,30,75,65,75,95,60,50,55,60,15,2,2,80,30,85,90,40,30,10,10,45,25,40,60,50,35,65,55,75,70
p00435,Peer-review,Male,1992,Other,Less than high school,"$30,000 to $55,999",Republican,30,20,10,20,70,50,10,30,20,50,20,20,10,20,10,20,30,20,50,10,50,60,10,90,0,2,30,30,30,30,30,30,10,10,30,20,30,50,20,30,60,20,20,50
p00436,Peer-review,Female,1985,White / Caucasian,High school diploma / GED,"$30,000 to $55,999",Independent,25,40,70,45,60,20,60,80,15,70,85,60,15,95,95,45,45,70,50,55,45,25,55,25,4,2,60,90,55,55,50,50,5,60,100,5,100,20,65,75,50,0,65,25
p00437,Measurement & modeling (1),Female,2008,White / Caucasian,High school diploma / GED,"$30,000 to $55,999",Democrat,90,80,50,90,80,60,80,70,90,60,60,50,20,70,90,60,60,50,60,50,50,60,60,40,4,2,80,60,50,70,70,40,30,30,90,20,80,60,70,70,60,50,70,90
p00438,Interview Prof. Sebille,Male,1989,Black / African American,High school diploma / GED,"$100,000 to $167,999",Republican,40,30,40,35,40,30,40,55,60,30,25,35,10,25,30,30,35,10,40,10,60,40,55,60,6,2,10,10,40,75,40,20,60,25,25,10,10,70,25,45,45,15,40,35
p00439,Measurement & modeling (2),Male,1988,White / Caucasian,Bachelor's degree,"$100,000 to $167,999",Democrat,83,96,85,89,90,95,89,91,80,89,77,53,12,86,98,95,86,93,78,35,87,77,95,19,2,2,80,100,41,66,87,59,44,32,66,9,88,92,84,81,83,46,62,94
p00440,Measurement & modeling (1),Male,1990,Black / African American,High school diploma / GED,"$30,000 to $55,999",Democrat,65,80,75,80,65,90,100,65,80,70,85,45,5,25,85,95,100,0,75,60,65,90,80,0,4,2,85,85,75,100,60,70,85,20,100,40,100,85,0,60,85,40,100,95
p00442,Funding,Female,1984,Black / African American,High school diploma / GED,"$100,000 to $167,999",Democrat,90,100,85,100,35,85,90,95,85,85,65,75,5,100,100,65,20,55,100,100,90,100,100,35,6,2,95,100,90,75,5,100,100,90,100,95,85,80,90,100,90,15,75,100
p00444,Former skeptics,Female,1984,White / Caucasian,High school diploma / GED,"$30,000 to $55,999",Democrat,90,70,40,60,40,50,70,30,40,50,70,90,50,70,70,100,90,100,60,30,90,70,80,0,2,1,80,80,70,70,70,80,100,20,50,60,100,60,50,90,60,40,60,60
p00446,Measurement & modeling (2),Male,1958,White / Caucasian,Doctorate degree / Ph.D.,"$100,000 to $167,999",Republican,90,75,60,85,90,85,80,80,80,85,75,90,65,50,75,65,50,40,50,15,90,45,90,15,3,1,50,25,40,10,25,30,30,10,15,30,50,30,35,70,70,55,40,70
p00447,Extreme weather predictions,Female,1963,White / Caucasian,Master's degree / Professional degree,"$56,000 to $99,999",Republican,35,40,15,0,5,65,5,10,15,10,5,5,5,35,20,0,0,0,35,25,30,10,50,70,1,2,25,30,20,15,10,10,5,50,0,5,15,10,85,5,75,45,30,60
p00448,Funding,Male,1968,Black / African American,Some college or Associate's degree,"$56,000 to $99,999",Republican,100,45,70,5,60,95,60,70,50,70,35,80,70,20,70,50,80,80,50,75,75,60,65,65,2,2,60,60,45,55,15,20,5,10,10,75,50,5,95,75,80,5,10,65
p00449,Social justice,Female,2003,Hispanic / Latino,High school diploma / GED,"$56,000 to $99,999",Democrat,85,65,85,50,80,85,100,100,95,85,80,80,10,20,45,70,70,25,80,65,75,100,20,15,4,2,70,100,0,65,70,85,30,100,85,10,75,40,85,100,75,35,60,100
p00450,Interview Prof. Maraun,Male,1970,White / Caucasian,High school diploma / GED,"$56,000 to $99,999",Republican,84,72,34,50,29,61,43,85,32,29,44,60,73,25,56,13,45,24,33,45,28,57,15,58,4,2,36,11,21,18,20,13,54,8,26,20,32,36,62,36,38,23,16,42
p00451,Consensus,Female,1962,White / Caucasian,High school diploma / GED,"$56,000 to $99,999",Republican,60,60,10,75,15,5,70,10,20,20,35,25,95,15,70,20,60,45,5,15,10,25,55,80,1,2,20,20,15,0,5,25,45,30,10,10,10,10,20,45,10,20,15,90
p00452,Interview Prof. Sebille,Male,1993,Hispanic / Latino,High school diploma / GED,"$56,000 to $99,999",Republican,50,30,25,25,25,50,10,10,10,45,10,30,35,15,45,50,10,20,20,40,65,20,25,90,0,2,35,10,45,20,15,35,10,30,25,10,10,40,25,75,35,35,35,50
p00453,Measurement & modeling (1),Male,1972,White / Caucasian,High school diploma / GED,"$30,000 to $55,999",Republican,25,0,30,5,15,35,75,30,50,35,0,35,5,15,55,25,35,55,70,10,60,35,20,25,5,2,90,40,55,25,25,10,20,40,45,15,5,10,25,35,70,40,20,40
p00454,Peer-review,Male,1986,White / Caucasian,Bachelor's degree,"$56,000 to $99,999",Democrat,92,77,85,100,49,36,92,71,94,78,82,85,10,83,86,76,72,92,96,71,76,87,36,4,8,1,99,99,98,82,89,70,53,91,83,28,89,63,100,91,97,22,99,85
p00455,Portrait Prof. Cherry,Male,1980,Hispanic / Latino,High school diploma / GED,"$100,000 to $167,999",Democrat,100,100,80,70,40,50,90,100,100,80,100,70,0,100,70,60,70,70,100,70,90,100,80,0,5,2,100,90,60,50,70,90,100,60,90,90,100,90,100,90,100,100,70,80
p00456,Peer-review,Female,1946,White / Caucasian,Some college or Associate's degree,"$30,000 to $55,999",Republican,42,61,43,26,9,58,55,51,42,38,67,47,15,26,57,28,55,34,38,32,64,75,60,39,1,2,46,38,50,38,33,55,12,32,29,41,33,28,67,75,78,25,58,62
p00457,Portrait Prof. Cherry,Male,1964,White / Caucasian,Bachelor's degree,"$100,000 to $167,999",Republican,80,30,60,70,50,60,50,30,70,80,50,70,70,30,50,90,40,40,60,50,50,50,50,10,1,2,20,30,20,20,60,20,30,30,10,10,60,20,40,50,10,10,20,40
p00458,Portrait Prof. Cherry,Male,1941,White / Caucasian,Bachelor's degree,"$100,000 to $167,999",Republican,80,60,50,50,50,30,30,40,30,60,40,30,30,40,60,60,30,30,50,40,30,50,30,50,0,2,20,10,50,10,10,10,20,70,20,10,10,40,20,40,90,60,50,90
p00459,Measurement & modeling (1),Female,1993,White / Caucasian,Some college or Associate's degree,"$56,000 to $99,999",Republican,50,75,25,50,75,0,25,0,0,100,50,50,25,25,75,25,0,50,50,50,50,50,25,50,6,2,100,50,25,25,50,50,25,50,0,50,0,50,0,75,75,0,75,50
p00460,Interview Prof. Sebille,Female,1964,Black / African American,High school diploma / GED,"$100,000 to $167,999",Democrat,100,80,85,90,10,80,95,85,80,70,70,75,20,60,65,75,100,75,85,50,75,70,95,5,4,1,90,65,85,95,80,35,85,55,85,75,100,20,70,85,90,35,65,80
p00461,Extreme weather predictions,Female,2005,Hispanic / Latino,Less than high school,"$100,000 to $167,999",Democrat,14,43,41,38,25,20,48,61,49,25,57,30,84,15,53,56,37,43,60,16,59,31,37,54,4,2,73,46,75,73,55,52,64,50,36,51,58,54,42,51,78,23,44,72
p00462,Oil industry misinformation,Female,1973,Black / African American,Some college or Associate's degree,"Less than $30,000",Democrat,100,86,100,91,63,32,100,100,45,83,69,67,0,60,91,87,54,33,100,87,62,95,100,57,6,2,95,100,78,93,91,74,79,26,72,21,96,82,98,93,100,2,95,87
p00463,Measurement & modeling (2),Female,1994,Hispanic / Latino,High school diploma / GED,"$100,000 to $167,999",Democrat,95,100,85,90,95,85,75,95,85,95,85,55,50,40,80,95,70,75,60,85,50,50,80,15,0,1,55,65,80,65,70,45,90,55,95,15,60,40,45,75,95,40,65,65
p00464,High public trust,Male,1999,White / Caucasian,Master's degree / Professional degree,"$56,000 to $99,999",Democrat,90,80,70,60,95,90,80,60,75,95,65,80,10,90,80,80,90,75,90,45,80,80,95,5,6,2,85,85,100,100,70,90,70,80,65,45,90,85,80,80,85,95,65,95
p00465,Interview Prof. Sebille,Male,1948,White / Caucasian,Bachelor's degree,"$100,000 to $167,999",Republican,80,70,65,45,45,45,50,35,40,60,20,60,50,40,70,55,45,15,55,25,85,100,90,10,0,2,0,70,20,25,10,50,15,15,15,20,55,45,25,65,75,20,50,30
p00466,Measurement & modeling (1),Male,1974,Hispanic / Latino,High school diploma / GED,"$30,000 to $55,999",Republican,28,55,34,52,19,29,39,29,19,44,20,24,60,44,68,28,63,78,26,38,63,57,44,56,1,2,9,16,35,47,28,22,74,11,39,15,35,21,19,42,50,18,22,90
p00467,Interview Prof. Sebille,Male,1981,White / Caucasian,High school diploma / GED,"$100,000 to $167,999",Independent,30,40,35,55,50,50,30,75,30,25,25,30,60,25,20,25,25,35,75,75,30,40,25,15,10,2,10,35,15,30,50,55,60,35,85,85,15,30,30,35,90,40,35,25
p00468,Social justice,Male,1974,Asian / Asian American,Master's degree / Professional degree,"$168,000 or more",Republican,50,55,30,35,35,90,35,30,35,25,50,25,40,10,25,60,30,35,45,55,25,50,50,30,4,1,55,25,60,25,20,35,20,70,15,25,20,45,40,85,35,25,60,40
p00469,Extreme weather predictions,Male,2007,White / Caucasian,Some college or Associate's degree,"$100,000 to $167,999",Democrat,100,78,100,88,100,82,97,100,75,100,100,97,15,80,96,56,65,97,65,89,83,75,98,12,9,2,100,100,77,82,92,100,74,95,92,73,65,77,74,94,50,91,97,88
p00470,Extreme weather predictions,Male,1981,White / Caucasian,Master's degree / Professional degree,"$100,000 to $167,999",Republican,74,46,16,51,33,94,62,47,20,54,40,21,6,18,37,52,39,13,73,32,79,53,69,53,2,2,58,27,3,51,22,88,35,4,18,20,9,8,11,54,16,2,68,86
p00471,Interview Prof. Sebille,Female,1993,White / Caucasian,Bachelor's degree,"$100,000 to $167,999",Democrat,90,100,95,95,95,25,95,85,85,95,85,95,20,80,90,80,80,50,75,90,90,85,85,15,0,2,80,100,65,80,100,80,60,75,95,90,80,85,85,90,80,50,100,95
p00472,Interview Prof. Maraun,Male,1958,White / Caucasian,Bachelor's degree,"$56,000 to $99,999",Democrat,90,50,70,90,100,80,80,60,40,50,100,100,10,100,70,70,90,70,70,80,70,80,90,30,2,2,80,60,60,60,30,0,10,0,20,20,90,60,100,70,80,60,70,50
p00473,Peer-review,Male,1966,White / Caucasian,High school diploma / GED,"$100,000 to $167,999",Democrat,60,80,80,60,70,90,90,90,80,70,50,20,40,40,80,90,40,20,60,90,60,80,100,20,6,1,60,60,30,50,90,40,100,30,90,80,60,70,90,50,100,90,70,90
p00474,Extreme weather predictions,Female,1969,Black / African American,High school diploma / GED,"$56,000 to $99,999",Democrat,70,70,60,90,50,100,60,80,60,80,80,20,0,70,70,70,40,60,80,70,80,90,70,30,4,2,80,50,30,40,50,90,30,80,90,100,40,50,70,90,60,0,70,60
p00475,Measurement & modeling (2),Male,1980,Black / African American,Some college or Associate's degree,"$100,000 to $167,999",Democrat,95,95,100,90,100,85,90,95,100,80,100,100,60,70,90,70,100,20,85,85,90,60,75,20,1,2,85,100,70,95,45,45,55,75,100,5,85,75,85,100,100,40,90,90
p00477,Social justice,Female,2004,White / Caucasian,Some college or Associate's degree,"$100,000 to $167,999",Republican,60,60,60,30,60,10,60,50,60,30,30,20,40,10,50,60,50,60,60,10,60,50,40,60,4,2,60,30,40,10,50,30,20,30,50,40,20,20,10,40,60,20,60,40
p00478,Peer-review,Male,1960,White / Caucasian,High school diploma / GED,"$100,000 to $167,999",Republican,10,20,30,10,30,20,50,10,40,50,80,20,70,10,40,40,30,20,60,30,30,40,30,60,1,2,10,20,20,10,50,30,10,30,10,20,20,30,20,30,40,20,20,50
p00480,Corporate reliance,Male,1988,White / Caucasian,Less than high school,"$30,000 to $55,999",Republican,0,5,10,20,10,20,15,75,5,30,10,15,0,5,5,30,15,0,30,15,35,55,5,90,2,2,50,20,10,15,20,15,35,5,5,40,10,10,50,40,25,15,95,80
p00481,Consensus,Female,1969,Black / African American,Bachelor's degree,"$56,000 to $99,999",Democrat,95,100,90,90,95,95,90,90,100,95,95,95,5,80,100,95,70,95,95,85,95,95,100,0,7,2,100,100,85,100,100,0,60,75,100,45,70,100,95,95,100,55,85,85
p00482,Measurement & modeling (1),Male,1979,White / Caucasian,High school diploma / GED,"$168,000 or more",Republican,75,65,75,50,70,95,65,75,60,70,85,25,60,25,85,45,25,30,60,45,85,60,55,15,1,2,70,100,45,85,10,20,0,0,5,15,55,25,70,70,80,30,75,50
p00483,Consensus,Male,2001,White / Caucasian,Bachelor's degree,"$56,000 to $99,999",Democrat,100,90,90,100,100,80,90,80,70,50,10,100,30,70,70,80,90,70,80,100,100,70,60,20,7,2,80,100,90,70,0,40,60,40,90,30,80,80,90,90,60,60,70,90
p00484,Extreme weather predictions,Female,1955,White / Caucasian,Master's degree / Professional degree,"$100,000 to $167,999",Democrat,75,85,80,90,90,75,80,90,85,90,65,85,15,65,90,75,65,50,75,85,85,80,80,30,1,2,80,80,90,75,30,90,45,35,75,15,75,65,85,90,80,60,80,80
p00485,Interview Prof. Sebille,Female,1972,White / Caucasian,Bachelor's degree,"$56,000 to $99,999",Democrat,70,90,50,60,90,60,60,70,60,40,70,50,20,50,70,70,60,50,70,70,90,30,90,10,10,2,90,50,60,50,60,40,30,40,70,30,60,80,60,50,60,30,60,80
p00486,Consensus,Male,1994,White / Caucasian,Doctorate degree / Ph.D.,"$168,000 or more",Republican,80,80,70,50,20,40,70,90,60,80,70,70,90,50,70,60,70,50,60,80,90,60,90,30,8,1,60,20,70,50,70,20,20,50,90,40,40,60,60,80,90,50,50,70
p00487,Peer-review,Male,2001,White / Caucasian,Some college or Associate's degree,"$100,000 to $167,999",Independent,20,25,50,35,25,75,65,20,25,35,95,30,55,35,55,40,25,5,70,60,65,25,40,55,3,2,100,85,55,30,45,45,50,25,45,60,90,60,65,100,70,10,70,40
p00488,Former skeptics,Male,1944,White / Caucasian,High school diploma / GED,"$30,000 to $55,999",Republican,30,20,40,50,30,40,30,50,30,20,30,30,10,10,30,0,0,0,60,10,30,40,30,70,4,2,40,10,40,10,20,20,10,30,20,20,0,40,20,20,40,10,30,30
p00489,Former skeptics,Female,1996,White / Caucasian,High school diploma / GED,"$100,000 to $167,999",Republican,45,25,60,15,60,50,35,30,50,40,55,55,45,10,45,75,55,40,55,35,40,75,45,80,7,2,60,40,65,10,10,40,40,70,40,25,10,15,30,75,45,15,35,50
p00490,Measurement & modeling (1),Male,1980,White / Caucasian,Some college or Associate's degree,"$56,000 to $99,999",Republican,30,10,30,10,70,40,30,20,20,40,20,40,40,10,10,30,20,0,30,10,10,70,50,90,4,2,40,20,40,20,30,30,40,20,30,40,20,40,50,0,80,20,30,60
p00491,Funding,Female,1996,Asian / Asian American,Master's degree / Professional degree,"$100,000 to $167,999",Republican,0,50,75,100,75,50,50,50,50,75,25,50,25,75,75,100,75,25,75,75,75,75,50,0,4,2,100,75,75,50,50,50,50,50,75,25,75,75,100,75,100,0,50,75
p00492,Social justice,Male,1974,White / Caucasian,High school diploma / GED,"$100,000 to $167,999",Independent,55,0,60,55,40,10,45,35,60,5,40,25,85,5,60,25,35,10,90,80,100,65,40,35,2,2,65,50,75,40,45,35,30,35,15,45,85,50,40,80,100,30,75,80
p00493,Measurement & modeling (2),Female,1956,White / Caucasian,High school diploma / GED,"Less than $30,000",Democrat,90,90,90,80,70,40,80,90,80,60,80,80,10,80,90,90,80,60,80,70,100,100,100,20,7,2,100,60,90,80,20,0,30,90,40,60,80,80,100,90,90,40,100,90
p00494,Peer-review,Female,1962,White / Caucasian,High school diploma / GED,"$30,000 to $55,999",Republican,10,0,80,10,30,30,30,40,10,60,70,20,10,10,10,20,20,20,0,10,10,40,30,80,2,2,10,20,20,10,10,50,10,60,10,10,10,40,0,10,40,20,10,80
p00495,Interview Prof. Maraun,Female,1956,White / Caucasian,High school diploma / GED,"$56,000 to $99,999",Republican,40,40,90,40,50,10,30,30,30,10,30,10,30,30,40,10,40,10,20,20,30,30,20,70,1,2,40,10,40,40,20,20,30,20,10,20,10,10,40,20,40,30,40,50
p00496,Peer-review,Male,2001,Black / African American,High school diploma / GED,"Less than $30,000",Republican,65,90,50,30,55,90,55,35,15,45,35,45,60,25,85,75,45,50,35,10,60,25,90,45,2,2,10,10,20,30,15,45,40,55,50,10,15,15,20,10,35,20,20,40
p00498,Scientist community helpers,Female,2000,White / Caucasian,Some college or Associate's degree,"$30,000 to $55,999",Republican,20,10,0,10,20,0,0,0,0,10,10,0,20,0,60,10,50,10,40,30,60,100,20,100,1,1,100,70,60,20,80,10,10,10,30,0,60,30,90,80,30,10,0,70
p00499,Extreme weather predictions,Male,1993,White / Caucasian,Some college or Associate's degree,"$100,000 to $167,999",Democrat,100,93,88,100,100,93,96,91,94,73,65,100,31,60,83,77,86,74,63,96,89,89,100,0,2,2,98,100,100,92,62,88,65,98,100,8,100,90,85,93,91,22,91,96
p00500,Corporate reliance,Female,1990,White / Caucasian,Some college or Associate's degree,"$30,000 to $55,999",Independent,75,25,50,25,50,25,50,50,50,50,25,100,25,50,50,50,75,50,50,50,50,75,25,50,5,2,75,50,50,25,25,25,25,25,25,50,50,50,75,75,75,25,50,50
p00502,Measurement & modeling (1),Male,1968,White / Caucasian,High school diploma / GED,"$30,000 to $55,999",Republican,56,86,49,69,52,38,45,7,21,13,65,16,51,44,54,38,15,14,53,14,56,29,98,36,2,2,62,24,0,31,51,4,41,15,38,18,16,12,8,20,34,50,57,69
p00503,Measurement & modeling (2),Male,2000,White / Caucasian,Bachelor's degree,"$56,000 to $99,999",Democrat,100,60,60,100,100,80,50,50,90,40,100,70,0,50,100,80,90,30,100,50,100,100,100,10,4,2,100,100,90,100,90,90,70,100,80,10,100,100,90,90,100,50,100,50
p00504,Funding,Female,2002,White / Caucasian,Some college or Associate's degree,"Less than $30,000",Democrat,45,45,55,85,45,80,45,60,50,20,70,25,35,45,40,65,55,55,90,65,80,80,55,40,0,1,85,80,75,55,70,85,35,30,55,30,85,65,70,80,70,45,85,80
p00505,Extreme weather predictions,Female,1996,Asian / Asian American,Bachelor's degree,"Less than $30,000",Republican,80,100,80,100,90,80,80,90,70,100,90,100,0,10,70,70,40,40,80,90,80,100,80,20,6,2,60,100,70,50,80,50,20,70,70,10,20,20,30,90,60,10,60,100
p00506,Corporate reliance,Female,1986,White / Caucasian,Some college or Associate's degree,"$100,000 to $167,999",Republican,55,60,45,65,30,65,50,5,0,0,25,25,25,15,60,50,20,60,5,15,0,20,40,45,1,2,40,20,45,10,55,35,10,50,0,0,10,40,15,5,20,25,75,75
p00507,Social justice,Female,1999,Asian / Asian American,Bachelor's degree,"$56,000 to $99,999",Republican,51,26,19,19,47,53,52,59,28,16,32,31,62,25,42,38,28,37,84,50,8,55,75,35,2,2,21,31,48,15,58,30,20,39,9,27,34,37,34,45,39,36,51,20
p00509,Model accuracy,Male,1952,Hispanic / Latino,Master's degree / Professional degree,"$56,000 to $99,999",Democrat,80,85,95,65,80,100,60,85,100,45,100,65,5,90,100,70,35,25,85,25,80,85,95,5,6,2,65,80,60,95,55,65,85,70,85,65,85,90,80,90,85,45,85,100
p00510,Interview Prof. Maraun,Female,1973,White / Caucasian,Doctorate degree / Ph.D.,"$100,000 to $167,999",Democrat,80,90,100,70,100,100,80,80,90,80,90,90,20,90,90,90,60,60,100,100,100,60,50,20,3,2,80,70,100,90,70,60,80,40,100,90,100,100,80,90,60,40,90,90
p00512,Measurement & modeling (1),Female,1950,White / Caucasian,High school diploma / GED,"$30,000 to $55,999",Democrat,50,40,40,50,50,30,40,30,50,50,40,40,20,10,50,30,50,30,50,40,60,40,60,30,2,2,70,60,30,40,20,70,10,40,20,20,50,60,50,60,80,20,60,70
p00513,Model accuracy,Male,2002,Black / African American,Bachelor's degree,"$56,000 to $99,999",Republican,53,43,54,25,27,50,36,46,31,40,41,66,34,23,53,32,51,18,56,49,54,30,46,58,0,2,16,44,12,29,32,27,34,34,68,19,19,74,57,40,51,14,57,28
p00515,Social justice,Male,2008,White / Caucasian,Less than high school,"$100,000 to $167,999",Independent,40,60,40,30,40,10,30,30,60,40,40,30,40,20,50,90,30,40,20,40,50,30,60,70,2,2,10,50,40,40,60,60,70,60,10,60,30,40,10,70,50,10,70,40
p00518,Scientist community helpers,Male,1965,White / Caucasian,Bachelor's degree,"$56,000 to $99,999",Republican,60,80,90,65,55,10,95,50,65,5,60,55,35,20,85,45,55,10,30,5,80,30,95,80,1,2,30,0,5,10,25,50,30,35,20,25,25,5,25,5,45,5,5,15
p00520,Portrait Prof. Cherry,Male,1965,White / Caucasian,Bachelor's degree,"$168,000 or more",Democrat,78,63,51,43,68,59,56,38,82,23,45,52,99,52,53,80,21,12,4,76,3,11,70,4,1,2,92,3,32,6,5,6,4,4,59,42,19,77,26,68,75,56,59,46
p00521,Former skeptics,Female,1951,Hispanic / Latino,Doctorate degree / Ph.D.,"$56,000 to $99,999",Democrat,95,90,85,90,65,90,90,85,85,65,90,40,15,95,65,55,45,95,100,80,90,90,90,15,9,2,90,95,85,80,75,75,25,65,60,35,45,65,85,85,100,70,65,90
p00522,Portrait Prof. Cherry,Female,1967,White / Caucasian,Master's degree / Professional degree,"Less than $30,000",Democrat,80,55,80,60,90,55,35,70,65,50,80,30,30,10,60,75,85,60,60,80,85,75,50,20,2,2,65,85,60,65,80,45,35,30,50,55,85,70,90,70,80,50,45,90
p00523,Interview Prof. Sebille,Male,1968,Black / African American,Some college or Associate's degree,"$56,000 to $99,999",Republican,0,30,30,0,20,20,50,20,10,20,10,10,10,20,40,20,10,10,20,40,60,20,50,90,0,2,0,30,10,10,10,10,20,10,10,20,20,40,50,30,40,10,0,30
p00526,Former skeptics,Male,1997,White / Caucasian,Master's degree / Professional degree,"$100,000 to $167,999",Republican,85,95,60,60,35,100,90,30,75,45,55,40,5,55,0,75,80,45,50,95,95,5,60,60,4,2,80,45,45,10,20,55,5,35,20,20,60,95,10,40,95,55,30,65
p00527,Measurement & modeling (1),Female,1971,Hispanic / Latino,High school diploma / GED,"$30,000 to $55,999",Democrat,40,40,50,40,30,30,20,40,10,50,30,30,50,50,40,40,30,80,10,60,50,50,10,90,5,2,80,50,70,60,10,50,70,50,40,90,80,60,50,60,40,10,80,10
p00528,Interview Prof. Sebille,Male,1996,White / Caucasian,High school diploma / GED,"$56,000 to $99,999",Democrat,89,96,69,86,95,92,67,89,99,14,100,90,15,38,75,100,48,77,100,97,86,63,90,10,5,1,89,96,64,70,45,27,31,0,97,22,76,94,88,87,100,68,100,100
p00529,Peer-review,Female,1987,Asian / Asian American,Master's degree / Professional degree,"$100,000 to $167,999",Democrat,90,60,50,85,90,45,85,70,90,40,65,50,40,65,60,80,85,70,65,90,65,90,70,15,5,2,85,70,65,75,75,65,55,90,75,25,80,80,90,85,75,75,75,30
p00530,Extreme weather predictions,Female,1991,Hispanic / Latino,Master's degree / Professional degree,"$100,000 to $167,999",Democrat,70,60,65,50,80,90,70,80,80,85,90,55,15,90,65,85,90,60,50,75,65,70,55,25,9,1,80,80,80,75,45,60,45,55,75,75,85,85,50,65,45,65,70,70
p00531,Consensus,Male,1996,Black / African American,High school diploma / GED,"$30,000 to $55,999",Democrat,80,80,100,60,70,50,80,90,80,90,80,90,90,80,60,50,100,100,90,100,80,80,80,10,3,2,80,90,90,100,80,100,40,10,90,70,40,50,80,90,80,50,100,90
p00532,Peer-review,Female,1976,White / Caucasian,Master's degree / Professional degree,"$168,000 or more",Republican,95,85,90,95,80,20,80,65,100,90,45,100,5,65,5,45,10,15,45,20,70,65,85,10,7,1,55,25,0,45,30,55,75,0,45,0,75,15,100,25,80,0,65,25
p00533,Corporate reliance,Male,1980,Black / African American,Less than high school,"Less than $30,000",Democrat,55,40,85,40,55,45,80,55,60,50,45,60,30,55,85,90,55,35,60,70,55,50,10,90,2,2,70,45,85,55,55,25,10,85,40,40,70,30,65,85,60,60,60,70
p00535,Corporate reliance,Female,1994,White / Caucasian,Bachelor's degree,"$100,000 to $167,999",Democrat,60,80,90,60,80,80,90,80,80,60,80,60,30,90,50,60,80,50,80,50,90,80,90,40,1,1,90,80,80,40,40,70,40,60,80,70,70,90,80,90,80,90,90,80
p00536,High public trust,Male,1989,White / Caucasian,Some college or Associate's degree,"$56,000 to $99,999",Democrat,60,70,70,70,60,80,70,70,90,70,60,60,60,40,70,70,50,30,70,60,90,40,60,60,2,2,60,50,70,40,30,70,40,10,50,20,50,50,60,70,50,50,60,70
p00537,High public trust,Male,1994,White / Caucasian,Doctorate degree / Ph.D.,"$100,000 to $167,999",Republican,85,85,90,75,70,55,65,45,80,45,95,45,70,65,80,95,90,50,100,0,80,25,95,10,4,2,70,0,35,0,20,75,0,0,95,30,10,0,80,30,65,5,55,75
p00538,High public trust,Female,1983,White / Caucasian,Some college or Associate's degree,"$56,000 to $99,999",Republican,20,20,0,60,20,0,20,30,40,40,30,100,40,50,20,20,40,40,70,50,80,50,20,40,9,2,60,10,20,40,80,30,30,40,50,20,20,20,20,60,20,30,30,100
p00539,Model accuracy,Male,1962,White / Caucasian,Bachelor's degree,"$56,000 to $99,999",Democrat,50,50,80,40,50,40,50,90,50,50,30,50,50,30,70,90,70,40,90,70,100,50,70,30,8,1,60,70,100,30,10,30,40,20,70,40,60,70,20,40,80,80,90,80
p00541,Corporate reliance,Male,1970,White / Caucasian,Some college or Associate's degree,"$100,000 to $167,999",Democrat,80,60,70,90,70,70,80,50,30,70,70,80,0,70,80,90,90,60,30,40,90,80,90,10,5,1,90,70,70,50,80,70,40,80,90,30,90,60,100,70,100,10,100,100
p00542,Corporate reliance,Female,1991,White / Caucasian,Some college or Associate's degree,"Less than $30,000",Republican,50,10,40,50,60,10,30,20,10,50,10,30,60,30,50,60,30,10,50,30,30,40,10,40,1,2,80,70,40,60,70,30,70,20,20,40,80,60,40,40,50,30,30,10
p00543,Interview Prof. Sebille,Female,1950,Black / African American,Some college or Associate's degree,"$30,000 to $55,999",Democrat,50,75,100,75,100,75,75,100,50,50,25,50,0,0,100,25,50,25,75,75,50,75,100,100,3,2,100,75,50,75,50,75,75,50,100,75,100,75,75,100,100,75,75,100
p00544,Consensus,Female,2006,White / Caucasian,High school diploma / GED,"$168,000 or more",Republican,60,30,55,40,45,25,50,55,15,10,30,55,15,20,75,40,40,30,60,50,45,30,65,10,0,1,10,35,35,15,15,30,25,65,10,20,25,40,25,40,55,35,45,50
p00545,Oil industry misinformation,Female,1954,White / Caucasian,Some college or Associate's degree,"$100,000 to $167,999",Republican,50,70,60,30,70,50,30,70,40,50,30,30,90,10,30,40,40,50,60,50,70,10,20,30,0,2,30,60,40,10,40,20,10,20,40,10,50,20,10,30,70,30,40,80
p00546,Model accuracy,Male,1971,White / Caucasian,High school diploma / GED,"$56,000 to $99,999",Republican,50,90,90,20,30,45,20,30,5,35,50,45,40,5,65,30,25,20,45,70,70,80,20,50,1,2,20,20,20,0,35,5,40,35,20,5,50,20,5,10,45,15,30,45
p00547,Oil industry misinformation,Male,2002,White / Caucasian,Less than high school,"Less than $30,000",Independent,65,54,51,26,48,36,29,32,69,51,41,34,51,54,56,12,50,53,42,75,51,36,63,27,8,2,73,42,12,56,70,48,25,42,35,25,72,54,85,76,57,70,42,64
p00549,Portrait Prof. Cherry,Female,1968,White / Caucasian,Bachelor's degree,"$56,000 to $99,999",Republican,65,80,80,80,75,95,0,65,95,5,60,5,95,40,65,85,45,30,55,55,70,75,65,20,2,2,50,70,45,30,50,0,10,40,50,15,45,80,60,100,45,60,45,80
p00550,Extreme weather predictions,Male,1977,White / Caucasian,Some college or Associate's degree,"$100,000 to $167,999",Republican,65,60,50,50,40,50,55,55,65,55,25,35,45,25,65,30,50,20,55,75,70,25,70,15,1,1,50,60,35,30,35,10,10,40,65,10,40,35,30,30,70,25,75,75
p00551,Funding,Male,1962,White / Caucasian,Some college or Associate's degree,"$100,000 to $167,999",Republican,29,50,37,30,25,32,53,49,54,22,38,40,75,19,48,58,62,10,28,16,63,41,41,63,1,2,35,21,14,20,18,31,11,66,13,56,24,21,28,11,43,22,23,53
p00552,Interview Prof. Sebille,Female,1957,White / Caucasian,Some college or Associate's degree,"Less than $30,000",Republican,40,70,30,50,40,30,60,30,30,40,80,60,80,20,40,20,50,60,60,40,60,60,90,60,0,2,40,30,20,30,30,40,20,20,20,10,40,30,40,60,60,30,20,30
p00553,Extreme weather predictions,Female,1994,Black / African American,Some college or Associate's degree,"$100,000 to $167,999",Independent,80,80,80,90,70,100,90,60,90,90,100,80,10,90,80,90,90,40,90,80,80,80,90,20,5,2,80,100,90,80,50,10,10,60,80,50,100,70,80,60,80,70,100,90
p00554,Measurement & modeling (1),Male,1954,Black / African American,High school diploma / GED,"$56,000 to $99,999",Democrat,50,70,60,55,45,70,70,40,70,60,75,85,20,65,55,80,75,55,65,65,90,90,60,70,1,2,65,30,60,80,10,50,30,10,25,20,65,60,45,65,70,65,75,55
p00555,Model accuracy,Male,1961,White / Caucasian,High school diploma / GED,"$56,000 to $99,999",Democrat,40,25,30,35,15,45,45,55,75,20,55,40,40,40,35,30,35,55,80,25,50,35,55,55,2,1,55,25,40,45,40,40,25,50,40,10,45,25,75,55,45,40,55,30
p00556,Measurement & modeling (1),Female,1978,White / Caucasian,Some college or Associate's degree,"$30,000 to $55,999",Republican,100,85,95,50,70,60,35,35,35,30,15,5,95,45,40,0,35,30,85,65,100,80,90,40,3,1,90,5,0,35,0,40,60,80,0,10,45,5,95,55,30,15,0,75
p00558,High public trust,Female,1946,White / Caucasian,High school diploma / GED,"$56,000 to $99,999",Democrat,70,70,50,55,45,25,10,45,40,45,5,55,5,60,35,50,35,50,85,50,90,85,70,55,4,2,100,95,55,75,25,25,20,85,5,20,95,45,90,70,90,80,60,55
p00559,Scientist community helpers,Male,1959,White / Caucasian,Master's degree / Professional degree,"$100,000 to $167,999",Republican,60,80,60,70,50,90,20,80,30,80,50,40,30,60,90,60,80,30,10,70,80,100,20,20,10,2,80,10,20,10,40,60,90,40,40,10,80,30,50,60,80,30,10,80
p00560,Extreme weather predictions,Male,1993,Hispanic / Latino,High school diploma / GED,"$56,000 to $99,999",Republican,70,90,70,80,100,90,70,80,60,100,90,100,0,90,70,70,100,50,100,10,90,60,100,30,4,2,70,60,90,90,30,30,0,30,100,40,90,10,80,20,90,40,80,100
p00561,Interview Prof. Sebille,Female,1993,White / Caucasian,Some college or Associate's degree,"$30,000 to $55,999",Democrat,100,100,66,88,88,87,100,97,86,89,100,55,55,94,97,76,75,0,98,92,100,92,95,10,9,2,100,77,93,100,69,72,56,35,93,29,96,50,93,73,96,60,97,100
p00562,Measurement & modeling (1),Female,1993,Black / African American,Some college or Associate's degree,"$30,000 to $55,999",Democrat,80,90,85,40,5,50,55,95,95,70,60,80,0,85,95,70,70,10,85,100,95,100,55,45,2,2,100,95,95,90,85,95,15,80,50,70,95,100,100,90,70,65,100,95
p00563,Interview Prof. Maraun,Female,2000,White / Caucasian,Some college or Associate's degree,"$30,000 to $55,999",Republican,25,50,25,25,50,25,50,50,25,25,25,25,0,25,50,25,25,25,75,50,50,50,25,75,2,2,75,50,50,25,25,50,0,50,25,25,50,50,25,50,25,0,50,50
p00565,Social justice,Male,1966,White / Caucasian,Master's degree / Professional degree,"$56,000 to $99,999",Democrat,90,100,100,90,60,100,80,60,100,80,90,100,50,80,100,100,70,60,100,80,100,100,100,10,2,2,90,60,90,80,100,70,20,10,80,70,80,90,100,100,70,70,80,90
p00567,Corporate reliance,Male,1998,Hispanic / Latino,Less than high school,"$56,000 to $99,999",Democrat,85,85,90,95,75,70,65,65,85,85,90,65,80,15,40,80,85,5,65,55,80,65,50,55,9,2,65,85,80,45,95,85,45,35,65,75,50,65,70,80,70,95,100,90
p00568,Interview Prof. Maraun,Male,1954,White / Caucasian,High school diploma / GED,"$168,000 or more",Independent,90,78,46,47,85,43,30,32,66,69,52,64,29,55,71,82,66,49,30,51,57,29,73,14,4,2,68,16,28,19,53,42,43,26,30,21,15,73,69,65,66,11,46,47
p00569,Corporate reliance,Female,1999,Hispanic / Latino,Bachelor's degree,"$168,000 or more",Democrat,85,100,100,100,90,100,90,70,90,75,100,85,0,95,90,100,65,40,85,85,65,100,100,0,10,2,95,80,100,85,90,100,90,85,100,100,100,90,45,100,65,20,95,100
p00570,Measurement & modeling (1),Female,1951,White / Caucasian,High school diploma / GED,"$100,000 to $167,999",Independent,100,80,60,30,20,45,55,40,55,20,40,45,70,55,35,50,45,50,60,55,80,25,60,25,0,1,25,80,75,75,25,65,60,55,40,30,25,90,50,85,70,10,45,60
p00571,Extreme weather predictions,Female,1988,White / Caucasian,Bachelor's degree,"$56,000 to $99,999",Democrat,90,100,85,65,75,85,80,85,100,95,75,60,20,80,65,65,75,90,80,75,85,100,80,15,5,2,70,75,95,90,90,90,35,80,80,65,80,90,95,85,90,85,80,95
p00572,Extreme weather predictions,Female,1952,White / Caucasian,High school diploma / GED,"$100,000 to $167,999",Democrat,55,25,35,30,55,35,45,40,50,90,55,25,60,75,45,45,50,70,50,70,55,65,50,15,6,2,50,45,65,45,40,75,10,70,60,30,65,60,65,45,75,10,75,70
p00574,Interview Prof. Sebille,Male,2004,Hispanic / Latino,High school diploma / GED,"Less than $30,000",Republican,75,30,25,40,30,55,60,60,55,40,35,30,55,15,65,30,10,35,35,40,55,35,45,35,1,2,25,20,15,15,25,20,35,10,10,25,10,40,30,25,65,15,30,30
p00575,Consensus,Male,1968,White / Caucasian,Doctorate degree / Ph.D.,"$56,000 to $99,999",Democrat,90,80,100,50,90,80,90,90,70,60,100,50,20,50,100,80,80,40,80,70,90,90,90,10,6,2,90,80,90,90,70,0,50,60,60,70,80,90,100,90,90,80,80,90
p00576,Measurement & modeling (1),Female,1989,Hispanic / Latino,Bachelor's degree,"$100,000 to $167,999",Democrat,90,95,65,90,90,70,90,95,50,65,70,45,20,85,100,75,100,65,80,80,80,85,60,10,5,2,85,80,85,90,45,75,85,70,65,45,85,85,95,80,70,40,60,85
p00577,Oil industry misinformation,Male,1976,White / Caucasian,Some college or Associate's degree,"$56,000 to $99,999",Democrat,85,75,85,60,90,95,95,70,90,60,70,95,25,75,80,95,95,85,75,100,60,100,100,0,2,2,85,90,90,90,20,30,15,35,60,10,85,65,80,65,75,70,65,65
p00578,Scientist community helpers,Female,1950,White / Caucasian,High school diploma / GED,"$56,000 to $99,999",Republican,70,60,80,70,50,80,70,70,80,90,70,80,90,10,90,20,50,40,100,30,60,20,80,20,3,2,40,50,40,100,60,40,60,40,10,20,30,20,0,70,90,30,70,70
p00579,Social justice,Male,1961,White / Caucasian,High school diploma / GED,"$30,000 to $55,999",Republican,100,70,100,20,40,50,100,0,0,50,60,60,60,60,70,0,0,20,0,30,80,10,100,50,3,2,0,10,10,70,0,10,0,40,10,10,10,0,0,60,100,0,70,80
p00580,Former skeptics,Male,1991,Hispanic / Latino,Master's degree / Professional degree,"$56,000 to $99,999",Democrat,75,70,60,50,70,70,65,90,70,85,45,50,10,90,55,65,85,50,65,65,65,55,90,25,9,2,70,85,90,75,60,85,45,70,75,65,55,75,30,65,75,50,65,60
p00581,Social justice,Male,2007,White / Caucasian,High school diploma / GED,"$100,000 to $167,999",Democrat,20,90,70,40,40,80,80,70,50,60,50,20,0,70,90,60,50,40,90,100,90,50,80,80,2,1,80,100,40,30,80,70,0,70,50,80,70,70,80,80,90,30,80,60
p00582,Funding,Female,1946,White / Caucasian,Some college or Associate's degree,"$30,000 to $55,999",Republican,11,12,11,20,14,16,21,21,16,28,12,13,17,84,15,27,23,9,16,39,19,54,12,64,1,2,37,51,11,23,16,21,20,21,11,9,24,11,14,19,30,15,13,13
p00583,Measurement & modeling (1),Male,2001,White / Caucasian,High school diploma / GED,"$30,000 to $55,999",Republican,30,50,30,60,40,50,10,60,50,40,40,20,30,10,40,20,40,30,50,40,60,40,70,60,0,1,30,40,30,40,20,10,80,10,10,20,50,10,60,60,70,20,40,60
p00584,Oil industry misinformation,Female,1975,White / Caucasian,High school diploma / GED,"$30,000 to $55,999",Independent,60,80,81,67,20,83,76,22,100,82,0,46,0,43,69,77,49,0,20,100,100,95,20,11,4,2,48,42,15,30,20,31,6,68,0,21,73,80,57,100,72,0,90,87
p00585,Peer-review,Female,1991,White / Caucasian,High school diploma / GED,"$30,000 to $55,999",Republican,0,5,5,5,5,5,5,5,45,5,10,15,80,5,30,90,15,0,55,15,35,25,10,95,6,2,35,20,5,10,5,25,30,5,5,15,50,20,25,35,65,5,45,50
p00586,Measurement & modeling (1),Male,1954,White / Caucasian,Bachelor's degree,"$100,000 to $167,999",Republican,25,25,50,75,25,50,0,0,25,100,25,25,25,0,25,50,25,0,50,0,25,25,50,25,2,2,25,25,25,25,25,0,25,25,0,25,50,25,25,0,50,0,25,50
p00588,Scientist community helpers,Male,1958,White / Caucasian,Master's degree / Professional degree,"$168,000 or more",Democrat,80,100,95,95,95,80,40,90,90,75,60,80,5,90,85,80,70,95,80,70,90,95,90,50,0,2,75,75,85,65,85,25,75,80,85,75,100,65,65,85,85,35,95,95
p00589,Corporate reliance,Female,1962,White / Caucasian,Some college or Associate's degree,"$56,000 to $99,999",Republican,68,81,64,96,54,68,71,6,61,92,66,88,26,49,93,13,87,6,94,60,78,74,35,23,7,2,63,86,67,72,23,60,42,89,20,63,47,39,66,73,91,30,29,37
p00590,Former skeptics,Female,2002,Hispanic / Latino,Some college or Associate's degree,"$30,000 to $55,999",Democrat,70,90,15,50,30,40,65,65,80,45,60,45,15,85,65,65,80,75,85,80,85,85,85,40,10,2,90,80,85,80,75,30,25,40,65,85,85,90,60,65,60,80,45,65
p00591,Scientist community helpers,Male,2004,Black / African American,High school diploma / GED,"$100,000 to $167,999",Democrat,75,50,75,50,75,50,75,50,50,25,75,50,0,50,50,75,50,100,75,75,75,75,75,25,8,1,75,75,75,50,100,75,75,75,75,75,75,75,50,50,50,75,50,75
p00592,Peer-review,Male,1993,White / Caucasian,High school diploma / GED,"$56,000 to $99,999",Republican,30,30,30,40,20,10,20,40,20,30,20,30,70,50,50,20,60,20,20,10,30,10,30,40,0,2,40,20,30,20,10,40,20,20,10,20,30,70,20,30,40,30,20,50
p00593,Corporate reliance,Male,1999,Hispanic / Latino,High school diploma / GED,"$30,000 to $55,999",Independent,19,58,54,29,49,24,83,53,70,48,40,74,85,15,77,31,46,37,55,50,40,63,44,42,7,2,81,87,53,33,84,57,76,59,100,99,23,48,95,61,63,23,35,83
p00594,Corporate reliance,Male,1964,White / Caucasian,High school diploma / GED,"$56,000 to $99,999",Republican,15,15,45,5,10,20,10,35,15,55,35,30,5,25,45,10,25,40,20,15,25,20,20,5,0,2,15,15,35,20,15,5,65,5,70,5,50,15,15,45,50,70,25,25
p00595,Consensus,Female,1965,White / Caucasian,High school diploma / GED,"$30,000 to $55,999",Republican,30,50,40,30,40,30,30,40,30,20,30,30,50,40,30,40,60,10,60,30,30,50,30,70,3,2,30,10,10,30,20,20,20,40,40,20,50,40,70,30,30,20,40,40
p00596,Model accuracy,Male,1997,Other,Some college or Associate's degree,"Less than $30,000",Democrat,70,70,70,60,40,100,70,60,50,20,50,60,0,80,60,80,30,50,90,60,80,60,70,20,4,1,70,60,60,90,30,80,30,30,70,90,70,100,60,80,80,0,0,100
p00597,Peer-review,Female,1985,White / Caucasian,Master's degree / Professional degree,"$100,000 to $167,999",Democrat,60,90,80,70,80,70,80,60,80,40,50,90,0,80,100,60,80,100,80,90,70,100,70,40,2,2,100,100,90,90,70,70,50,70,80,90,60,80,90,90,80,50,90,90
p00598,High public trust,Male,2008,White / Caucasian,High school diploma / GED,"$56,000 to $99,999",Republican,0,60,20,0,10,30,50,55,15,95,100,5,100,5,10,20,50,25,80,20,70,20,50,35,2,2,35,35,10,0,5,0,0,20,20,15,15,10,5,30,20,10,25,15
p00599,Scientist community helpers,Male,1983,Hispanic / Latino,Master's degree / Professional degree,"$100,000 to $167,999",Democrat,90,70,60,60,70,50,80,90,60,70,70,70,30,70,80,80,70,80,60,70,80,60,90,20,5,1,60,60,50,60,50,50,80,50,50,20,60,60,80,70,70,50,60,70
p00600,Extreme weather predictions,Female,1984,Black / African American,High school diploma / GED,"$56,000 to $99,999",Democrat,95,90,95,95,100,90,95,100,100,95,95,85,65,100,100,95,85,100,100,65,100,100,100,0,10,1,100,95,85,95,65,100,90,90,85,95,85,85,90,90,100,90,90,90
p00601,Funding,Female,1972,White / Caucasian,High school diploma / GED,"$100,000 to $167,999",Democrat,45,85,90,50,90,55,50,60,60,25,65,70,20,70,65,60,75,55,65,75,60,65,90,35,3,2,65,55,50,50,65,70,35,30,55,70,50,70,80,70,80,65,75,90
p00602,Portrait Prof. Cherry,Female,1970,White / Caucasian,Master's degree / Professional degree,"$100,000 to $167,999",Republican,90,90,90,30,50,50,50,40,60,70,90,40,40,90,90,50,50,0,80,100,80,50,100,80,2,1,60,100,50,90,20,20,20,10,50,30,50,0,80,70,90,10,60,50
p00603,High public trust,Female,2004,White / Caucasian,High school diploma / GED,"$100,000 to $167,999",Democrat,10,30,45,25,0,30,40,10,50,0,0,90,0,30,80,45,45,40,65,60,90,45,65,80,9,1,95,85,100,100,100,90,0,65,65,90,90,65,95,85,85,90,70,90
p00604,Measurement & modeling (2),Female,1953,White / Caucasian,Bachelor's degree,"$30,000 to $55,999",Democrat,40,50,90,60,70,90,80,40,80,70,60,50,100,80,80,90,90,80,80,60,70,70,80,0,0,2,100,40,90,60,30,60,20,20,10,70,50,60,90,70,70,50,80,90
p00605,Measurement & modeling (1),Female,1958,Hispanic / Latino,Bachelor's degree,"$30,000 to $55,999",Republican,10,50,50,40,30,30,0,30,50,20,40,40,40,90,70,30,60,30,30,40,70,10,40,100,0,2,50,10,30,10,20,80,10,10,20,40,20,40,60,40,70,30,40,70
p00606,Former skeptics,Male,1953,White / Caucasian,Master's degree / Professional degree,"$100,000 to $167,999",Democrat,20,90,60,50,100,70,90,20,90,10,40,30,20,80,50,80,40,60,30,10,70,60,40,30,1,2,90,80,80,70,40,0,30,10,70,40,80,40,100,80,90,30,50,80
p00607,Measurement & modeling (1),Male,1985,White / Caucasian,Bachelor's degree,"$168,000 or more",Independent,80,60,90,80,60,70,80,60,80,60,90,80,60,40,50,70,80,70,80,30,70,80,90,20,6,1,80,70,40,90,80,70,50,70,90,90,30,60,70,60,90,30,30,80
p00608,Peer-review,Female,1972,White / Caucasian,High school diploma / GED,"Less than $30,000",Democrat,36,86,79,61,66,68,76,79,70,70,84,90,60,72,84,83,61,81,84,60,84,70,59,30,8,1,68,86,76,68,43,50,19,34,88,74,72,82,89,84,50,44,82,70
p00609,Interview Prof. Sebille,Male,1971,White / Caucasian,High school diploma / GED,"$30,000 to $55,999",Democrat,0,0,50,30,80,30,30,40,0,0,0,50,20,0,50,60,60,30,80,50,10,40,0,70,0,2,40,40,60,20,0,0,0,0,60,70,30,0,0,70,30,0,40,90
p00611,Portrait Prof. Cherry,Female,1988,Black / African American,Bachelor's degree,"$100,000 to $167,999",Democrat,60,80,85,80,90,80,90,75,85,80,70,85,10,75,85,85,85,40,80,80,80,60,75,15,5,2,80,85,85,80,70,80,75,65,80,65,85,75,75,80,80,15,90,90
p00612,Interview Prof. Maraun,Male,1960,White / Caucasian,Bachelor's degree,"$100,000 to $167,999",Democrat,75,25,75,75,75,75,50,75,50,25,100,75,25,50,50,50,100,25,75,50,75,75,75,0,0,1,75,75,100,75,25,25,0,100,50,50,100,100,100,100,75,75,75,75
p00613,Former skeptics,Male,1966,Hispanic / Latino,Master's degree / Professional degree,"$56,000 to $99,999",Democrat,90,86,91,53,88,78,67,66,76,83,67,63,14,59,91,79,80,73,87,81,75,87,84,25,1,2,43,69,72,55,80,42,43,57,76,52,43,62,87,60,72,78,77,90
p00615,Interview Prof. Maraun,Female,1996,Hispanic / Latino,Bachelor's degree,"$30,000 to $55,999",Democrat,70,90,100,60,100,90,100,80,70,70,80,90,0,80,80,70,80,50,100,70,60,90,100,10,8,2,90,90,60,50,90,100,40,60,60,90,90,100,100,90,80,40,60,90
p00616,Model accuracy,Male,1986,White / Caucasian,Bachelor's degree,"$100,000 to $167,999",Democrat,73,26,75,55,38,69,69,86,59,57,71,70,12,47,89,46,53,10,54,65,85,62,88,23,1,2,64,66,63,49,26,8,23,35,48,18,62,68,88,60,73,38,65,60
p00617,Former skeptics,Male,1990,Black / African American,Some college or Associate's degree,"$56,000 to $99,999",Democrat,35,80,60,80,35,55,65,50,60,45,55,60,35,20,50,90,40,70,15,25,50,70,60,85,4,2,45,50,55,70,40,60,20,30,65,55,65,50,70,90,55,50,80,90
p00620,High public trust,Female,1989,White / Caucasian,Some college or Associate's degree,"$56,000 to $99,999",Republican,61,56,68,33,22,16,30,31,8,0,16,0,69,15,51,26,0,35,92,52,0,52,38,66,2,2,54,30,32,33,35,32,22,18,25,8,39,0,61,40,50,29,59,44
p00621,Extreme weather predictions,Female,1946,White / Caucasian,Some college or Associate's degree,"$56,000 to $99,999",Republican,46,35,74,16,61,32,33,1,45,64,39,21,56,30,73,89,44,64,41,8,12,20,49,88,4,2,20,7,3,18,18,31,9,30,44,20,9,81,1,19,81,2,11,88
p00622,High public trust,Female,1994,White / Caucasian,Some college or Associate's degree,"$100,000 to $167,999",Independent,80,60,60,60,80,70,80,80,60,40,50,60,20,70,80,60,80,30,70,60,90,80,80,30,4,2,90,80,80,80,40,60,20,40,80,60,80,80,80,80,80,50,90,70
p00623,Oil industry misinformation,Female,1973,Black / African American,Some college or Associate's degree,"$30,000 to $55,999",Democrat,65,92,96,92,100,90,100,86,95,95,65,100,0,73,100,43,90,49,100,72,76,100,91,1,0,1,98,93,77,89,82,42,56,19,96,51,78,47,93,93,91,66,66,89
p00624,Oil industry misinformation,Female,1961,White / Caucasian,High school diploma / GED,"$56,000 to $99,999",Republican,10,40,50,70,60,20,40,50,10,50,70,30,70,20,40,50,20,20,70,70,70,30,50,40,5,2,90,50,40,20,30,60,20,40,60,20,20,20,40,50,80,10,10,70
p00625,Measurement & modeling (1),Female,1953,Hispanic / Latino,Some college or Associate's degree,"$56,000 to $99,999",Republican,25,20,50,40,15,10,35,30,75,40,45,15,10,25,50,25,50,70,85,45,45,40,10,90,4,2,10,30,25,40,30,10,20,55,10,15,55,50,40,40,90,15,40,55
p00627,Portrait Prof. Cherry,Male,1973,White / Caucasian,High school diploma / GED,"$100,000 to $167,999",Democrat,90,75,69,77,65,52,68,82,28,13,47,43,19,59,65,68,78,45,54,53,60,69,84,10,3,2,60,54,70,67,25,70,39,83,31,71,70,35,62,64,86,8,76,74
p00628,Measurement & modeling (1),Male,1992,White / Caucasian,Some college or Associate's degree,"Less than $30,000",Democrat,85,60,60,75,75,60,45,80,55,60,70,75,35,70,75,80,70,60,80,90,80,85,90,25,5,2,85,90,90,65,50,75,10,55,90,40,85,65,75,85,90,65,65,60
p00630,Model accuracy,Male,1946,White / Caucasian,Master's degree / Professional degree,"$56,000 to $99,999",Republican,55,55,45,25,45,50,45,60,70,80,90,85,65,35,65,30,45,30,70,85,80,70,35,20,3,2,90,80,50,85,15,25,25,45,20,55,80,90,70,70,75,20,70,85
p00631,Extreme weather predictions,Female,1978,White / Caucasian,Some college or Associate's degree,"$30,000 to $55,999",Independent,80,70,70,50,70,60,60,50,60,50,70,50,80,30,50,70,60,60,80,70,90,30,60,80,3,2,30,60,70,90,90,40,80,70,40,60,80,80,70,30,70,70,60,60
p00632,Social justice,Male,1996,White / Caucasian,Bachelor's degree,"$100,000 to $167,999",Democrat,90,90,90,75,85,85,95,90,85,25,95,55,85,95,90,85,100,35,85,80,80,85,85,35,1,2,95,90,90,60,70,45,95,50,95,70,90,95,95,90,85,35,80,65
p00633,Portrait Prof. Cherry,Female,1996,Hispanic / Latino,High school diploma / GED,"$56,000 to $99,999",Democrat,60,90,70,50,60,40,60,70,70,60,80,30,20,50,60,70,50,60,10,60,60,80,70,50,7,1,20,50,90,50,50,90,30,50,90,70,60,40,40,80,80,30,60,60
p00634,Oil industry misinformation,Female,1989,Black / African American,Less than high school,"Less than $30,000",Democrat,32,30,29,41,33,45,51,32,37,30,41,38,12,37,36,58,39,46,64,53,60,51,28,57,1,2,59,54,71,66,40,58,39,38,51,29,72,55,71,51,65,31,65,35
p00635,Interview Prof. Maraun,Male,2000,Hispanic / Latino,Some college or Associate's degree,"$100,000 to $167,999",Republican,50,50,65,60,75,85,90,70,55,55,55,65,85,30,65,50,45,70,45,35,55,25,40,30,0,2,15,10,15,15,55,45,10,50,40,55,40,30,40,40,60,30,45,25
p00636,Measurement & modeling (1),Male,1963,Other,Some college or Associate's degree,"$30,000 to $55,999",Democrat,64,81,84,43,74,94,66,80,74,89,44,7,26,45,77,9,95,42,94,86,92,74,61,52,1,2,55,69,40,63,2,17,4,51,77,13,75,29,78,99,60,35,79,93
p00637,Oil industry misinformation,Female,1972,Hispanic / Latino,High school diploma / GED,"$30,000 to $55,999",Democrat,65,85,70,65,55,60,75,70,50,65,50,50,20,50,80,70,65,70,80,45,85,70,45,15,8,2,85,85,55,90,45,85,10,90,50,85,80,60,90,70,70,90,75,65
p00638,Funding,Female,1946,Hispanic / Latino,Less than high school,"$30,000 to $55,999",Democrat,5,10,60,5,10,5,25,20,20,15,80,25,65,15,40,20,25,40,70,50,55,60,5,90,2,1,15,65,40,55,80,5,5,80,35,20,40,65,95,90,55,0,80,75
p00639,Consensus,Male,1974,Other,High school diploma / GED,"$100,000 to $167,999",Democrat,70,65,60,65,70,50,55,55,50,45,20,55,20,70,90,60,80,65,75,85,90,80,65,30,1,2,50,90,90,30,55,45,65,70,60,60,80,85,90,75,80,35,85,60
p00640,Social justice,Female,1946,White / Caucasian,High school diploma / GED,"$56,000 to $99,999",Republican,95,90,55,70,90,95,75,65,65,55,55,80,20,50,85,55,5,10,55,55,60,95,70,20,3,2,70,0,15,60,90,20,70,15,75,20,60,15,70,15,95,5,90,10
p00641,Corporate reliance,Female,1951,Black / African American,Some college or Associate's degree,"$168,000 or more",Democrat,80,80,80,80,80,80,80,80,90,90,90,50,10,90,80,70,50,60,90,80,80,90,80,30,9,2,90,90,80,90,80,50,60,80,80,90,70,60,80,80,80,50,90,80
p00642,Funding,Male,1982,White / Caucasian,Some college or Associate's degree,"$100,000 to $167,999",Republican,70,50,80,60,90,40,50,80,50,50,40,30,60,20,20,30,30,90,30,20,50,30,30,50,2,2,50,50,60,90,30,10,60,20,30,20,60,20,50,30,30,50,50,70
p00643,Peer-review,Female,2006,Hispanic / Latino,Some college or Associate's degree,"$56,000 to $99,999",Democrat,50,50,100,70,100,60,90,80,60,80,60,40,20,100,80,80,70,90,80,100,90,80,60,0,7,1,100,80,70,80,70,90,70,100,80,80,90,90,100,90,90,60,100,100
p00644,Corporate reliance,Female,2000,White / Caucasian,High school diploma / GED,"$100,000 to $167,999",Democrat,70,90,70,50,80,90,30,80,90,50,50,60,10,70,70,20,80,70,90,70,80,90,70,30,3,2,60,90,60,60,90,40,60,50,80,50,70,70,70,70,80,30,70,60
p00645,Oil industry misinformation,Female,1988,Black / African American,Master's degree / Professional degree,"$30,000 to $55,999",Democrat,100,90,100,100,100,95,100,100,85,100,100,70,5,95,95,95,85,80,100,90,80,80,85,0,0,2,100,100,85,100,15,55,5,10,100,60,65,95,75,85,100,0,95,65
p00646,Peer-review,Male,1998,Asian / Asian American,Bachelor's degree,"$168,000 or more",Republican,100,90,60,100,100,100,100,90,80,100,80,100,60,30,90,90,100,20,90,0,60,30,90,10,3,2,10,60,50,20,40,60,0,70,50,0,40,10,70,60,50,0,0,80
p00647,Extreme weather predictions,Male,1995,White / Caucasian,High school diploma / GED,"$56,000 to $99,999",Independent,50,75,50,25,75,0,75,50,25,50,75,75,50,25,75,75,75,0,50,50,50,75,50,25,1,2,25,50,50,50,25,25,25,25,25,25,50,50,75,75,75,75,50,50
p00648,Oil industry misinformation,Male,1996,White / Caucasian,Some college or Associate's degree,"Less than $30,000",Independent,90,90,100,100,70,70,60,100,60,60,70,80,0,0,30,60,80,30,80,70,90,90,100,0,3,2,100,40,90,80,80,50,0,90,50,40,20,40,90,80,100,90,80,100
p00649,Former skeptics,Male,1948,White / Caucasian,Less than high school,"$56,000 to $99,999",Republican,75,35,45,50,45,45,40,55,20,90,60,25,50,25,40,55,55,40,30,20,45,10,50,50,4,2,15,20,15,55,50,35,35,40,10,15,30,65,65,25,55,15,30,80
p00650,Interview Prof. Sebille,Male,1996,White / Caucasian,Some college or Associate's degree,"$100,000 to $167,999",Republican,50,40,20,0,70,10,30,20,40,20,30,60,50,20,90,30,50,20,60,30,50,60,20,50,2,2,30,30,30,0,20,20,30,0,100,10,10,10,40,60,70,10,30,40
p00651,Model accuracy,Male,1994,Black / African American,Some college or Associate's degree,"$56,000 to $99,999",Democrat,70,65,65,65,75,80,25,45,75,65,60,55,15,45,70,85,80,85,50,50,65,80,70,20,3,1,70,50,60,50,40,35,35,40,80,10,65,55,60,55,60,55,75,70
p00652,Peer-review,Male,1983,Hispanic / Latino,High school diploma / GED,"$30,000 to $55,999",Democrat,60,60,65,80,60,85,70,60,70,80,65,90,10,75,75,75,90,60,70,75,85,85,85,10,8,2,60,75,90,90,75,50,40,80,90,40,80,25,65,90,80,80,75,90
p00653,Funding,Male,1979,White / Caucasian,Doctorate degree / Ph.D.,"$100,000 to $167,999",Republican,95,85,85,75,85,100,90,100,70,100,100,45,95,0,90,100,45,10,25,50,60,60,100,0,2,2,30,85,0,0,5,0,15,45,15,0,0,25,60,40,95,30,0,55
p00654,Interview Prof. Sebille,Female,1965,Hispanic / Latino,Less than high school,"Less than $30,000",Republican,10,30,10,10,0,20,50,10,10,10,10,0,40,40,20,80,20,0,40,10,20,0,10,100,0,2,0,10,10,10,10,20,10,10,60,10,30,10,10,50,20,0,10,10
p00655,Interview Prof. Maraun,Male,1976,Hispanic / Latino,Bachelor's degree,"$168,000 or more",Republican,80,45,45,45,80,25,60,65,80,65,65,85,95,5,65,50,80,10,25,15,40,20,100,20,3,2,65,5,5,0,50,0,20,20,55,0,0,5,75,35,70,15,15,75
p00656,Portrait Prof. Cherry,Male,1959,White / Caucasian,Master's degree / Professional degree,"$30,000 to $55,999",Republican,30,60,25,40,25,40,20,20,35,25,60,25,90,35,25,30,55,40,35,30,25,25,40,60,0,1,65,40,30,30,65,45,20,20,15,15,40,20,25,35,35,15,20,70
p00657,High public trust,Female,1998,White / Caucasian,Bachelor's degree,"Less than $30,000",Republican,50,10,20,30,30,10,10,10,40,70,70,30,40,20,10,40,10,30,60,30,50,60,20,60,2,1,60,50,40,30,50,40,10,40,20,40,60,20,80,50,80,70,30,40
p00658,Interview Prof. Sebille,Female,1986,Black / African American,Less than high school,"$30,000 to $55,999",Republican,5,0,30,100,25,0,20,0,25,10,10,35,45,35,15,20,5,25,0,35,100,95,20,50,0,2,25,35,0,35,10,0,0,45,5,35,0,15,70,55,80,70,20,65
p00659,Peer-review,Female,1971,Black / African American,High school diploma / GED,"Less than $30,000",Democrat,70,80,80,0,80,50,90,0,50,40,50,30,0,100,80,100,70,70,90,50,50,70,70,50,1,2,100,70,70,80,0,30,10,20,60,30,80,50,80,70,80,30,70,80
p00660,Former skeptics,Male,1974,White / Caucasian,Bachelor's degree,"$30,000 to $55,999",Republican,89,85,58,79,80,72,74,78,66,71,64,23,21,34,100,21,26,32,56,27,55,0,45,2,2,2,3,57,0,0,38,56,5,50,58,1,6,6,24,2,71,4,8,100
p00661,Oil industry misinformation,Female,1961,Black / African American,Some college or Associate's degree,"$30,000 to $55,999",Democrat,80,65,65,80,75,80,60,90,90,85,65,70,10,75,60,100,80,75,75,55,75,90,85,95,5,2,65,75,70,70,65,35,65,75,65,80,75,80,95,90,95,75,90,70
p00662,Corporate reliance,Female,1997,White / Caucasian,Some college or Associate's degree,"$56,000 to $99,999",Republican,0,40,45,15,20,45,20,35,55,40,0,20,50,20,0,5,15,10,5,5,70,0,75,100,1,2,5,0,10,20,15,25,0,95,0,25,15,85,0,20,10,0,5,5
p00665,Corporate reliance,Female,1959,White / Caucasian,Some college or Associate's degree,"$56,000 to $99,999",Democrat,60,60,80,70,70,50,60,50,50,50,80,60,20,60,30,0,70,50,60,70,70,90,30,10,3,2,80,90,80,20,80,80,50,80,70,20,70,60,100,70,50,10,90,40
p00666,Oil industry misinformation,Female,1979,White / Caucasian,Bachelor's degree,"$168,000 or more",Democrat,75,75,75,75,75,25,50,75,50,100,50,75,0,50,75,25,75,75,50,75,75,75,50,25,8,2,75,75,25,75,75,100,50,25,75,50,75,50,50,75,75,50,75,75
p00668,Corporate reliance,Female,1946,White / Caucasian,Less than high school,"Less than $30,000",Republican,20,40,20,15,25,25,25,35,15,10,40,65,15,20,25,20,10,25,25,75,50,40,10,50,0,1,10,15,40,20,15,10,20,20,20,15,25,30,10,60,20,30,35,50
p00669,Model accuracy,Female,1946,White / Caucasian,Bachelor's degree,"$168,000 or more",Democrat,64,82,90,65,53,50,68,69,72,53,50,51,69,81,87,75,85,72,85,84,86,81,62,22,6,1,92,80,46,90,61,57,70,9,75,8,63,73,92,87,67,86,89,88
p00671,Measurement & modeling (1),Male,2008,Black / African American,Some college or Associate's degree,"$100,000 to $167,999",Democrat,100,100,100,100,75,100,75,50,100,75,75,100,25,100,100,50,100,75,100,75,50,100,75,0,6,2,75,100,75,75,0,25,0,75,75,75,75,50,100,75,100,25,100,100
p00672,Extreme weather predictions,Female,1973,White / Caucasian,High school diploma / GED,"$168,000 or more",Democrat,76,61,91,71,91,63,100,86,95,80,82,97,2,87,85,89,68,61,63,99,87,84,30,42,10,1,100,96,47,82,93,94,26,70,93,98,92,92,83,86,94,56,96,81
p00675,Measurement & modeling (2),Female,1991,White / Caucasian,Some college or Associate's degree,"$100,000 to $167,999",Republican,50,25,20,45,30,20,30,40,35,40,35,60,30,30,40,15,25,15,50,20,40,20,35,45,1,2,70,20,45,10,25,85,20,10,25,35,25,20,15,55,20,25,30,65
p00676,Oil industry misinformation,Male,2003,White / Caucasian,High school diploma / GED,"Less than $30,000",Independent,48,75,55,36,68,73,57,64,59,51,30,44,16,44,73,72,62,31,57,59,61,39,25,27,5,2,59,69,68,57,46,57,43,74,29,58,72,71,66,26,70,33,34,81
p00677,Corporate reliance,Male,1969,White / Caucasian,Bachelor's degree,"$56,000 to $99,999",Republican,25,25,0,0,25,0,0,0,0,0,0,0,100,0,25,25,50,0,25,25,25,25,75,100,1,2,25,0,0,50,0,25,0,25,25,25,0,50,25,50,25,50,25,25
p00678,Funding,Female,2002,White / Caucasian,Less than high school,"Less than $30,000",Republican,25,45,25,30,65,35,0,50,45,40,80,40,50,35,25,100,60,0,20,0,25,0,0,25,2,2,20,100,30,100,15,0,55,0,55,15,55,60,35,30,70,40,0,60
p00679,Peer-review,Male,1962,White / Caucasian,Bachelor's degree,"$100,000 to $167,999",Independent,100,90,80,90,60,90,90,50,90,80,90,60,20,30,90,90,60,30,90,100,80,80,60,10,5,1,90,50,70,70,50,70,70,50,80,100,90,100,70,80,80,60,90,90
p00680,Model accuracy,Male,1968,White / Caucasian,Master's degree / Professional degree,"$100,000 to $167,999",Republican,75,50,100,75,75,50,75,50,100,75,50,50,50,50,75,50,0,0,50,25,25,100,75,50,5,2,25,25,25,25,0,0,75,25,25,50,25,25,50,50,25,50,25,50
p00681,Model accuracy,Female,1972,White / Caucasian,Master's degree / Professional degree,"$100,000 to $167,999",Democrat,60,90,35,50,55,60,75,65,65,90,90,60,35,70,80,75,70,70,80,65,75,60,40,15,0,2,90,60,80,70,55,65,30,40,65,60,75,90,80,70,60,15,65,70
p00682,High public trust,Female,1967,White / Caucasian,Less than high school,"$30,000 to $55,999",Democrat,100,90,90,100,90,90,100,90,70,90,70,70,0,30,50,70,70,70,70,60,70,90,60,0,5,2,100,100,80,100,30,50,60,50,30,60,90,90,90,70,80,50,80,100
p00683,High public trust,Male,1986,White / Caucasian,High school diploma / GED,"$56,000 to $99,999",Democrat,100,100,90,100,70,40,90,100,90,60,80,30,0,80,90,60,60,70,100,100,100,90,80,10,6,2,100,100,70,100,50,30,60,40,80,80,90,40,100,60,90,50,100,100
p00684,Extreme weather predictions,Male,1993,White / Caucasian,Doctorate degree / Ph.D.,"$56,000 to $99,999",Democrat,65,85,90,80,100,60,90,60,75,85,80,65,15,100,55,75,65,85,100,90,95,90,85,5,7,1,30,50,100,85,90,70,95,90,95,85,80,65,80,90,90,95,70,100
p00685,Interview Prof. Maraun,Female,1969,White / Caucasian,Doctorate degree / Ph.D.,"$100,000 to $167,999",Democrat,80,90,90,95,40,85,100,90,85,70,100,85,5,80,95,85,80,100,75,95,95,85,90,60,4,2,65,80,95,95,65,80,75,75,95,55,95,95,85,90,60,80,85,80
p00687,Measurement & modeling (2),Female,1976,White / Caucasian,High school diploma / GED,"$56,000 to $99,999",Republican,73,73,32,32,17,16,41,40,10,19,37,40,21,22,53,48,51,19,23,11,16,51,23,79,1,2,9,56,24,10,64,26,9,15,10,16,37,41,15,35,32,13,41,30
p00688,Interview Prof. Sebille,Female,1986,White / Caucasian,Bachelor's degree,"$168,000 or more",Democrat,79,68,47,80,89,64,79,73,46,80,52,53,11,69,77,80,62,88,27,65,71,40,59,35,5,2,66,83,57,85,52,47,19,74,54,54,46,60,52,59,53,62,79,69
p00689,Scientist community helpers,Female,1963,White / Caucasian,High school diploma / GED,"$56,000 to $99,999",Republican,42,10,26,8,12,11,40,12,25,68,5,74,81,18,11,6,8,17,13,12,7,16,12,94,0,2,51,23,10,8,5,25,24,7,40,8,17,52,54,25,50,18,27,77
p00690,Consensus,Female,2005,Other,Some college or Associate's degree,"$30,000 to $55,999",Democrat,80,69,100,87,100,68,100,39,73,89,100,99,0,95,91,85,89,93,67,20,100,89,91,34,5,2,91,100,93,89,94,87,80,39,88,89,100,91,100,75,85,78,94,100
p00691,Extreme weather predictions,Male,1971,White / Caucasian,Bachelor's degree,"$100,000 to $167,999",Democrat,63,80,73,77,49,33,90,84,71,62,80,80,11,68,85,74,63,63,38,82,65,85,19,11,7,2,86,70,78,86,81,55,56,37,72,88,81,86,92,75,61,31,60,80
p00693,Interview Prof. Maraun,Female,1985,White / Caucasian,Some college or Associate's degree,"$100,000 to $167,999",Republican,40,50,95,25,35,10,55,75,85,45,0,100,90,25,95,20,20,0,25,10,25,10,70,15,2,1,5,0,45,0,30,10,5,5,0,35,0,65,15,25,35,0,10,100
p00694,Former skeptics,Male,1972,White / Caucasian,Some college or Associate's degree,"$30,000 to $55,999",Democrat,60,70,70,30,70,60,80,70,60,60,80,50,90,30,70,30,90,90,80,70,60,90,60,30,6,1,90,60,80,60,50,60,50,50,60,10,90,80,70,80,70,80,80,80
p00695,Social justice,Female,2005,Black / African American,Less than high school,"$30,000 to $55,999",Independent,10,0,0,40,20,30,40,20,30,40,10,40,30,0,40,20,50,30,20,60,60,60,0,40,1,2,100,80,20,70,100,70,10,40,100,90,100,10,70,90,70,40,90,80
p00697,Former skeptics,Male,1938,White / Caucasian,High school diploma / GED,"Less than $30,000",Republican,20,50,40,20,30,30,40,30,60,40,40,20,20,20,20,20,30,10,30,30,30,10,10,10,4,2,20,10,10,20,40,30,10,80,20,20,10,40,40,30,40,20,30,40
p00698,Former skeptics,Male,1969,White / Caucasian,Bachelor's degree,"$56,000 to $99,999",Republican,60,60,80,45,55,50,90,70,65,45,50,45,90,30,35,75,35,45,75,20,25,45,75,20,3,1,55,45,50,25,90,70,10,20,90,15,15,25,35,65,65,20,35,70
p00699,Funding,Female,1946,White / Caucasian,Bachelor's degree,"$56,000 to $99,999",Republican,90,80,50,60,0,30,80,30,40,60,100,20,50,0,90,50,30,0,100,70,100,80,40,40,5,2,100,80,80,20,0,20,10,0,50,90,0,60,0,50,80,70,30,80
p00700,Social justice,Female,1990,White / Caucasian,High school diploma / GED,"$30,000 to $55,999",Independent,60,20,20,20,70,50,40,10,40,60,70,0,70,0,60,20,20,0,30,10,0,0,40,80,0,2,10,0,10,20,10,90,10,30,40,10,20,30,0,40,30,10,30,70
p00701,Interview Prof. Maraun,Female,1981,White / Caucasian,Bachelor's degree,"Less than $30,000",Republican,70,90,70,70,50,30,80,30,90,60,70,10,70,20,70,60,50,10,30,60,60,50,40,10,0,2,50,30,50,50,40,30,30,20,60,20,10,30,30,30,90,30,70,40
p00702,Interview Prof. Sebille,Male,1954,White / Caucasian,Bachelor's degree,"$56,000 to $99,999",Republican,85,96,98,97,99,91,93,83,100,62,60,94,91,52,92,92,78,15,24,62,94,53,90,9,2,2,41,15,25,91,15,17,2,55,7,16,8,15,46,52,92,68,26,85
p00703,Model accuracy,Female,1953,White / Caucasian,High school diploma / GED,"$56,000 to $99,999",Democrat,65,90,35,45,60,70,90,90,70,75,70,65,10,40,70,70,70,50,55,35,85,65,75,20,1,2,80,85,55,55,25,20,15,55,25,60,70,35,65,60,60,70,75,65
p00705,Social justice,Female,2002,White / Caucasian,Bachelor's degree,"$30,000 to $55,999",Democrat,90,60,60,70,70,60,70,60,70,80,80,90,10,70,70,80,60,40,80,60,90,70,70,40,10,2,90,90,60,80,30,90,70,50,90,50,70,50,60,60,30,70,80,60
p00706,Consensus,Female,1992,Hispanic / Latino,Doctorate degree / Ph.D.,"$100,000 to $167,999",Democrat,70,50,70,85,90,70,80,60,80,40,60,45,15,60,75,60,40,50,65,15,50,90,80,15,5,2,60,70,80,75,50,70,70,50,70,75,65,65,65,85,90,45,65,80
p00707,Funding,Female,2002,Other,High school diploma / GED,"Less than $30,000",Independent,40,10,10,35,15,30,15,40,25,55,15,35,35,15,10,60,40,20,80,75,60,65,50,45,1,2,85,65,85,70,30,40,10,20,30,15,60,65,85,80,85,30,50,90
p00708,Consensus,Female,1976,White / Caucasian,High school diploma / GED,"$56,000 to $99,999",Republican,0,0,10,0,10,10,10,20,0,10,10,20,90,10,80,10,0,10,30,50,10,0,10,100,2,2,20,50,20,70,20,60,50,10,0,60,20,10,10,0,30,40,10,30
p00709,Scientist community helpers,Male,1966,White / Caucasian,High school diploma / GED,"$56,000 to $99,999",Democrat,100,55,75,100,35,75,80,75,95,100,70,95,20,95,80,50,65,60,65,85,90,90,95,5,6,2,85,75,40,50,50,35,0,0,80,90,45,50,85,85,95,25,95,75
p00710,Consensus,Female,2005,White / Caucasian,Less than high school,"Less than $30,000",Republican,55,45,75,15,40,75,25,40,30,35,15,35,10,10,40,10,20,10,20,20,35,15,20,80,2,2,35,20,20,20,35,55,30,50,25,15,25,15,30,10,40,25,40,70
p00711,Peer-review,Female,1963,White / Caucasian,Bachelor's degree,"$56,000 to $99,999",Independent,59,39,47,71,46,64,45,61,49,59,74,34,90,49,74,75,45,10,63,29,42,61,60,89,2,2,68,53,21,70,19,17,62,77,38,8,30,88,85,73,68,37,79,69
p00713,Scientist community helpers,Female,1962,White / Caucasian,Bachelor's degree,"$168,000 or more",Democrat,100,100,100,75,100,100,100,75,100,100,100,100,0,75,100,75,75,100,50,100,75,100,100,0,4,2,100,100,50,75,75,75,0,75,25,25,75,100,75,75,100,0,100,100
p00714,Former skeptics,Female,1970,Black / African American,Master's degree / Professional degree,"$56,000 to $99,999",Democrat,60,90,90,70,60,50,60,90,80,80,90,40,20,70,70,90,80,80,70,60,80,80,50,40,7,1,80,80,90,90,40,80,50,20,70,80,70,80,90,80,90,50,70,70
p00715,Scientist community helpers,Female,1968,White / Caucasian,High school diploma / GED,"$168,000 or more",Republican,75,91,80,32,50,55,32,47,42,46,66,32,32,87,17,9,54,58,53,46,33,38,42,34,7,2,61,25,31,10,35,50,26,75,26,24,48,66,37,56,68,26,12,66
p00716,High public trust,Male,1999,Hispanic / Latino,Some college or Associate's degree,"Less than $30,000",Democrat,60,100,100,100,85,95,100,85,60,95,70,90,65,100,90,100,75,45,100,90,85,100,95,0,5,1,100,90,70,100,65,100,15,85,75,80,100,80,90,100,100,95,100,85
p00717,High public trust,Male,1989,Other,High school diploma / GED,"$100,000 to $167,999",Independent,50,40,70,40,30,50,40,40,70,30,70,40,50,30,60,20,40,90,60,50,70,50,60,40,1,2,70,50,90,40,20,40,10,40,30,60,80,10,70,70,20,60,70,80
p00718,Peer-review,Female,1945,Black / African American,High school diploma / GED,"$56,000 to $99,999",Democrat,65,70,55,70,100,25,60,55,20,100,20,10,0,60,95,95,35,95,70,100,100,100,100,5,4,1,100,95,70,80,10,65,35,5,80,70,90,10,65,100,70,80,95,95
p00719,Interview Prof. Sebille,Male,1971,White / Caucasian,Bachelor's degree,"$100,000 to $167,999",Democrat,100,90,95,100,100,95,85,100,65,90,70,90,0,25,65,95,95,60,55,85,90,85,80,35,5,2,100,100,85,60,100,90,75,80,90,100,75,95,95,90,95,20,95,100
p00720,Social justice,Male,1971,White / Caucasian,High school diploma / GED,"$30,000 to $55,999",Democrat,90,70,80,50,60,60,40,60,10,30,10,0,50,0,70,100,80,50,0,50,70,10,70,30,2,2,70,70,50,40,10,60,20,0,50,10,0,60,80,70,10,10,20,30
p00721,Measurement & modeling (2),Male,1978,White / Caucasian,Doctorate degree / Ph.D.,"$56,000 to $99,999",Republican,87,64,59,59,66,67,84,47,55,62,74,91,32,14,86,38,27,39,85,63,64,65,65,31,6,1,34,58,77,41,29,41,11,85,69,35,33,22,48,85,83,56,54,48
p00722,Interview Prof. Sebille,Female,1960,White / Caucasian,Master's degree / Professional degree,"$100,000 to $167,999",Democrat,70,65,75,70,40,25,85,75,70,75,70,85,65,90,70,60,60,25,70,65,75,70,65,10,6,1,60,70,90,70,40,55,70,25,65,65,75,65,80,75,75,45,75,70
p00723,Oil industry misinformation,Female,1953,White / Caucasian,Less than high school,"Less than $30,000",Independent,35,25,10,45,40,10,30,45,10,20,10,35,50,30,35,40,15,15,35,15,15,15,30,65,0,2,30,35,35,15,40,45,30,10,15,50,40,30,40,25,40,55,30,55
p00724,Former skeptics,Female,1967,White / Caucasian,Some college or Associate's degree,"$100,000 to $167,999",Democrat,100,88,63,79,87,74,64,89,73,81,70,44,52,99,85,100,100,20,100,100,90,99,68,26,3,2,67,80,86,100,54,71,94,50,77,73,95,43,62,100,94,83,90,89
p00725,Measurement & modeling (2),Male,1950,White / Caucasian,Doctorate degree / Ph.D.,"$30,000 to $55,999",Republican,100,95,75,90,100,40,45,75,95,75,45,95,85,0,75,60,50,20,55,15,35,50,95,30,0,2,60,20,5,10,10,35,20,35,20,10,5,20,5,75,100,30,40,70
p00726,Extreme weather predictions,Male,2002,White / Caucasian,Bachelor's degree,"Less than $30,000",Democrat,75,95,100,65,70,90,85,70,40,40,85,65,5,90,65,80,90,70,70,75,75,50,100,5,10,1,95,80,90,40,70,60,50,50,40,30,70,85,95,85,20,45,85,95
p00727,High public trust,Female,1986,White / Caucasian,High school diploma / GED,"$30,000 to $55,999",Republican,25,45,15,80,40,25,60,55,20,25,15,20,25,15,30,15,20,10,20,25,15,15,10,15,0,2,30,40,10,45,30,25,20,40,25,20,20,30,25,10,45,45,15,15
p00728,Model accuracy,Male,1959,White / Caucasian,High school diploma / GED,"$30,000 to $55,999",Republican,15,0,35,10,20,5,40,55,35,5,15,15,35,40,0,15,5,30,85,55,45,20,55,90,4,2,45,10,10,10,10,5,10,10,35,15,20,10,10,45,40,0,15,40
p00729,Measurement & modeling (2),Male,1944,White / Caucasian,High school diploma / GED,"$56,000 to $99,999",Independent,50,45,50,80,75,65,60,15,80,50,15,25,55,25,55,60,30,55,90,15,85,80,60,40,3,2,80,10,40,70,60,0,5,30,95,20,90,25,45,65,100,10,35,45
p00732,Interview Prof. Sebille,Male,1948,White / Caucasian,Doctorate degree / Ph.D.,"$100,000 to $167,999",Democrat,70,80,80,80,75,70,60,40,85,75,55,75,55,60,45,75,65,25,75,45,75,45,75,25,7,2,80,70,65,80,45,85,65,70,55,45,75,60,75,75,60,70,65,45
p00733,Oil industry misinformation,Female,1990,Black / African American,Less than high school,"Less than $30,000",Independent,46,55,46,68,43,55,61,61,71,50,42,47,20,41,57,66,64,53,76,13,89,44,64,88,7,2,76,83,90,60,60,60,51,65,67,50,89,31,78,76,42,39,91,88
p00734,Model accuracy,Female,1991,Asian / Asian American,Bachelor's degree,"$168,000 or more",Independent,70,55,80,45,45,50,80,60,15,40,50,50,30,35,70,70,60,20,60,75,90,15,75,15,5,2,70,70,40,70,70,70,20,60,75,55,75,75,25,65,85,55,55,65
p00735,Peer-review,Male,1975,Other,High school diploma / GED,"$56,000 to $99,999",Independent,30,70,10,40,40,40,20,30,60,30,40,40,50,20,40,30,60,40,90,50,70,50,40,70,2,1,70,40,40,30,50,60,40,10,60,60,60,20,60,90,70,20,40,40
p00736,Oil industry misinformation,Female,1974,Hispanic / Latino,Some college or Associate's degree,"Less than $30,000",Democrat,60,100,70,30,80,70,80,80,90,60,70,60,20,70,60,80,90,100,80,90,70,70,80,30,3,2,90,90,40,100,70,90,10,30,100,50,100,80,100,70,90,50,60,100
p00737,Model accuracy,Female,1995,White / Caucasian,Bachelor's degree,"$100,000 to $167,999",Democrat,33,62,90,50,84,81,90,84,85,66,88,79,35,80,74,72,99,65,43,80,79,42,83,13,7,2,83,78,63,62,66,100,23,73,72,94,76,91,94,95,80,41,92,85
p00738,Extreme weather predictions,Female,1952,White / Caucasian,Master's degree / Professional degree,"$100,000 to $167,999",Democrat,90,90,100,65,85,85,80,80,95,80,70,100,5,70,85,95,90,10,85,80,95,100,45,90,0,2,80,85,95,45,100,5,95,45,45,10,85,95,90,80,75,20,95,65
p00740,High public trust,Male,1989,Hispanic / Latino,Some college or Associate's degree,"$30,000 to $55,999",Democrat,50,60,60,70,60,60,70,70,70,80,80,50,60,40,80,70,60,60,90,60,80,60,40,10,0,1,60,90,60,90,40,40,10,60,20,40,90,60,90,80,70,20,70,90
p00741,Social justice,Female,1948,White / Caucasian,Less than high school,"Less than $30,000",Republican,0,5,85,15,10,65,25,10,0,50,5,40,15,0,0,10,35,10,0,5,75,0,30,100,0,2,0,0,5,15,15,5,5,30,15,10,100,0,30,30,15,0,0,35
p00742,Interview Prof. Sebille,Female,1969,White / Caucasian,Some college or Associate's degree,"Less than $30,000",Republican,5,20,35,20,0,15,50,10,5,55,0,25,40,15,30,10,55,0,30,25,25,25,30,90,0,2,40,30,20,20,10,30,10,15,10,40,0,15,50,35,5,80,25,85
p00743,Extreme weather predictions,Male,1952,White / Caucasian,High school diploma / GED,"$30,000 to $55,999",Republican,55,40,10,25,35,75,35,70,55,40,30,35,30,40,50,30,35,15,45,20,35,25,45,55,5,2,40,20,20,15,55,20,15,15,10,25,15,25,10,50,10,65,35,25
p00745,Peer-review,Female,2006,Hispanic / Latino,High school diploma / GED,"Less than $30,000",Democrat,65,95,85,80,65,40,10,20,30,75,100,60,5,60,95,55,95,75,100,80,75,75,65,15,8,1,95,65,100,90,15,75,5,40,50,0,100,95,90,75,75,45,85,85
p00746,Corporate reliance,Male,1946,White / Caucasian,Bachelor's degree,"$100,000 to $167,999",Democrat,90,90,80,50,90,85,80,60,75,95,100,100,5,80,70,75,60,55,95,60,100,90,90,20,6,2,95,90,50,70,75,35,20,35,75,55,75,40,70,35,65,80,65,20
p00747,Measurement & modeling (2),Male,1969,Other,Less than high school,"$56,000 to $99,999",Democrat,74,45,54,30,56,27,25,50,57,55,33,34,44,52,46,86,72,16,82,67,62,92,30,47,0,2,56,51,68,61,59,38,47,67,83,47,75,72,71,75,77,29,58,92
p00748,Consensus,Male,2002,White / Caucasian,Bachelor's degree,"$100,000 to $167,999",Republican,50,40,60,20,30,30,50,30,40,10,40,20,20,0,10,20,30,40,20,30,70,30,50,10,1,2,60,50,10,30,30,0,10,0,10,20,0,70,40,80,80,10,50,50
p00749,Social justice,Male,1988,White / Caucasian,Some college or Associate's degree,"$56,000 to $99,999",Republican,60,60,90,90,60,70,70,40,40,60,70,60,20,70,60,10,50,10,70,50,70,10,60,10,6,2,40,10,10,40,40,10,70,40,60,20,20,20,70,40,60,40,40,60
p00750,Oil industry misinformation,Female,1987,White / Caucasian,Bachelor's degree,"$30,000 to $55,999",Democrat,60,70,60,60,50,70,80,80,50,50,40,50,90,60,60,70,80,80,70,70,70,70,40,60,3,2,40,90,60,50,40,70,40,60,60,50,70,60,70,90,70,20,50,70
p00751,Interview Prof. Maraun,Female,1990,White / Caucasian,Master's degree / Professional degree,"$100,000 to $167,999",Republican,70,70,75,65,60,60,45,75,65,60,50,10,10,10,65,50,40,20,65,30,70,80,70,15,8,2,65,60,70,90,10,55,30,25,10,25,70,45,50,75,65,35,50,35
p00753,Corporate reliance,Female,1953,White / Caucasian,Less than high school,"Less than $30,000",Independent,25,19,47,47,40,23,44,9,50,52,36,24,37,37,42,42,21,16,73,39,54,54,8,69,2,1,75,37,26,39,48,51,37,18,13,34,56,35,43,48,53,12,81,38
p00754,Funding,Male,2003,Asian / Asian American,Bachelor's degree,"$100,000 to $167,999",Independent,94,98,88,98,76,95,84,95,93,89,90,81,6,80,66,95,90,76,36,25,98,71,80,85,3,1,91,82,32,70,72,88,65,2,53,39,71,62,73,78,92,8,98,74
p00755,Funding,Male,1966,White / Caucasian,Master's degree / Professional degree,"$30,000 to $55,999",Republican,80,90,60,100,80,80,50,60,20,30,50,30,50,0,80,80,60,60,40,50,80,0,100,30,1,2,0,30,20,10,20,20,0,40,10,0,0,10,60,70,90,20,50,20
p00756,Scientist community helpers,Female,1957,White / Caucasian,Some college or Associate's degree,"Less than $30,000",Democrat,50,90,20,10,40,20,50,40,90,60,30,60,10,20,40,40,30,20,80,90,90,80,0,80,0,2,90,100,70,10,40,0,10,40,60,10,70,70,90,100,80,30,80,100
p00758,Model accuracy,Female,1952,White / Caucasian,Master's degree / Professional degree,"$100,000 to $167,999",Democrat,70,85,85,75,70,100,70,90,100,95,90,65,25,90,70,100,95,100,70,90,100,100,100,0,8,2,100,100,90,100,95,95,60,90,100,85,100,100,65,90,100,95,100,95
p00759,Funding,Male,1967,Asian / Asian American,Bachelor's degree,"$100,000 to $167,999",Republican,58,51,74,44,50,53,39,49,48,15,30,16,48,20,50,37,75,18,54,21,14,27,43,81,0,2,47,21,35,26,39,8,19,41,17,36,12,54,25,47,69,32,32,50
p00761,Measurement & modeling (2),Female,1969,White / Caucasian,Some college or Associate's degree,"$168,000 or more",Republican,25,50,50,50,50,50,50,50,75,25,50,50,50,25,75,25,25,25,75,50,50,50,50,75,9,2,50,50,25,25,50,50,25,25,0,75,0,0,50,50,50,50,50,25
p00762,Social justice,Female,1985,White / Caucasian,Some college or Associate's degree,"Less than $30,000",Independent,19,21,26,66,76,81,23,34,32,46,21,17,75,23,48,32,14,36,23,48,40,33,10,75,2,2,29,45,34,36,39,48,71,54,39,9,33,63,75,40,42,13,16,36
p00763,Peer-review,Female,1984,White / Caucasian,Some college or Associate's degree,"$30,000 to $55,999",Independent,90,80,80,100,90,95,40,65,100,90,65,55,0,60,70,90,90,15,90,80,90,25,70,0,6,2,90,45,80,75,55,100,20,50,80,65,80,0,80,85,75,15,80,95
p00765,Funding,Female,1999,White / Caucasian,High school diploma / GED,"$30,000 to $55,999",Republican,35,45,60,50,20,75,30,30,55,45,10,45,65,15,75,15,35,40,30,35,20,30,10,30,8,2,30,25,30,50,10,50,75,20,10,50,60,10,20,45,40,20,20,65
p00766,Oil industry misinformation,Female,1976,Hispanic / Latino,Bachelor's degree,"$56,000 to $99,999",Democrat,49,92,96,94,87,68,92,95,95,86,73,81,9,40,85,72,85,68,94,67,87,72,86,16,2,2,79,78,43,82,86,75,65,2,89,47,86,50,73,67,89,44,95,92
p00767,Oil industry misinformation,Female,1989,White / Caucasian,High school diploma / GED,"Less than $30,000",Independent,80,60,70,10,70,30,40,70,50,40,60,40,10,60,30,60,60,50,50,20,50,70,50,10,7,2,80,90,70,70,30,70,40,40,50,30,90,40,90,70,40,40,50,40
p00768,Corporate reliance,Female,1986,White / Caucasian,Master's degree / Professional degree,"$100,000 to $167,999",Independent,80,70,60,90,60,50,70,70,60,40,60,40,50,70,70,50,60,50,90,50,80,70,70,20,8,2,90,40,70,70,70,40,10,40,50,60,80,60,70,80,70,20,60,60
p00770,Scientist community helpers,Female,1978,White / Caucasian,Some college or Associate's degree,"$100,000 to $167,999",Republican,40,50,50,50,60,50,40,70,70,30,70,10,70,10,90,50,40,40,50,40,60,20,60,20,0,2,40,30,30,20,30,50,40,50,20,40,50,20,30,50,50,70,50,60
p00772,Measurement & modeling (2),Female,2006,Hispanic / Latino,High school diploma / GED,"$56,000 to $99,999",Democrat,100,40,20,45,60,75,100,20,60,30,60,15,75,40,60,40,55,25,85,90,75,100,35,40,3,2,100,90,100,100,90,40,0,5,85,65,100,85,100,100,95,55,100,100
p00775,Oil industry misinformation,Female,1965,White / Caucasian,High school diploma / GED,"$30,000 to $55,999",Republican,45,75,35,25,20,50,55,25,15,15,70,20,30,30,55,40,30,15,40,10,15,70,10,65,4,2,15,55,25,15,25,40,45,10,10,25,25,10,15,15,50,50,25,75
p00776,Oil industry misinformation,Female,1950,White / Caucasian,Bachelor's degree,"Less than $30,000",Republican,70,50,80,30,30,90,50,50,20,40,60,100,40,20,40,0,10,20,30,80,20,80,30,0,3,1,20,30,0,10,10,40,10,10,20,10,10,0,30,30,70,70,80,100
p00778,Oil industry misinformation,Female,1991,White / Caucasian,Bachelor's degree,"$100,000 to $167,999",Democrat,74,72,72,69,82,85,59,71,67,53,73,28,12,75,76,33,83,57,77,53,67,89,34,12,2,1,86,92,58,73,49,45,58,89,58,18,89,30,56,28,68,45,50,88
p00779,Interview Prof. Maraun,Female,1983,Black / African American,Less than high school,"Less than $30,000",Republican,11,39,13,24,17,37,20,28,23,14,8,53,40,16,50,20,10,92,53,36,55,22,12,71,0,2,23,25,50,46,18,50,23,67,13,73,28,67,30,41,41,13,22,28
p00780,High public trust,Male,1999,Hispanic / Latino,High school diploma / GED,"$30,000 to $55,999",Republican,20,5,40,35,15,10,55,5,20,55,30,15,60,20,40,25,60,5,40,30,35,0,25,95,1,1,20,80,25,40,15,20,15,20,25,20,15,10,35,5,30,15,45,85
p00782,Funding,Female,1998,White / Caucasian,High school diploma / GED,"$30,000 to $55,999",Democrat,57,49,58,47,68,36,85,28,35,75,57,27,30,55,95,37,96,60,65,88,74,66,5,9,6,2,93,88,93,60,96,100,48,92,93,90,82,81,85,97,81,61,72,77
p00783,Measurement & modeling (2),Female,1978,Hispanic / Latino,Bachelor's degree,"$56,000 to $99,999",Republican,30,60,70,35,65,75,60,65,45,75,70,40,35,70,60,90,60,30,80,25,70,90,75,25,2,2,70,45,80,45,90,25,35,80,65,50,75,25,90,60,90,40,70,75
p00784,Social justice,Male,1991,Hispanic / Latino,Bachelor's degree,"$100,000 to $167,999",Independent,100,80,70,50,50,100,80,60,40,80,60,80,0,70,40,70,90,40,100,100,70,40,0,0,3,2,50,50,60,80,60,90,100,0,100,100,80,70,90,70,90,60,90,70
p00785,Former skeptics,Female,1952,White / Caucasian,High school diploma / GED,"$56,000 to $99,999",Democrat,40,70,10,60,40,30,50,20,30,30,70,40,20,60,70,70,60,50,70,60,70,50,50,30,2,1,40,70,60,90,20,20,10,20,90,10,60,60,50,60,30,10,90,80
p00786,Interview Prof. Maraun,Male,1998,White / Caucasian,Some college or Associate's degree,"Less than $30,000",Republican,55,30,70,25,75,55,45,60,55,70,65,75,40,40,70,50,25,40,30,40,45,15,35,35,5,2,20,15,20,40,40,30,10,20,25,30,65,35,40,10,25,25,30,50
p00788,Consensus,Female,1949,White / Caucasian,Bachelor's degree,"$56,000 to $99,999",Democrat,70,75,85,65,65,80,90,85,45,90,75,75,40,90,85,65,75,60,70,60,50,90,75,40,10,1,85,75,70,65,80,65,35,30,90,70,90,60,85,65,80,70,70,85
p00790,Peer-review,Male,1981,White / Caucasian,High school diploma / GED,"$30,000 to $55,999",Republican,25,30,55,45,20,50,25,30,20,15,10,50,60,20,55,10,30,30,25,15,40,25,30,75,0,2,35,50,35,15,50,20,15,30,30,15,25,20,55,40,75,20,15,35
p00794,Corporate reliance,Female,2002,White / Caucasian,High school diploma / GED,"Less than $30,000",Independent,25,0,50,50,75,50,50,75,50,50,50,75,25,50,50,75,100,50,25,0,75,50,75,0,1,1,100,50,50,0,50,50,0,50,50,25,100,50,75,0,50,75,25,50
p00795,Consensus,Female,1976,White / Caucasian,Bachelor's degree,"$30,000 to $55,999",Republican,55,75,70,75,85,80,75,40,40,70,55,70,40,30,45,5,45,10,70,75,85,30,55,50,8,2,95,45,40,85,20,15,30,50,70,60,40,55,20,50,70,0,45,70
p00796,Corporate reliance,Female,1974,White / Caucasian,High school diploma / GED,"$100,000 to $167,999",Republican,25,25,0,25,25,25,25,25,50,25,25,25,50,25,50,0,25,25,25,25,25,50,50,25,2,1,25,0,0,0,50,25,25,25,25,0,25,50,50,25,25,25,50,25
p00797,Social justice,Male,2000,White / Caucasian,Some college or Associate's degree,"$30,000 to $55,999",Democrat,90,90,90,80,80,90,30,90,100,90,90,70,80,60,80,50,20,60,60,80,80,60,70,10,6,2,80,100,90,100,50,50,20,60,70,50,100,80,100,90,80,60,40,90
p00798,Peer-review,Female,1988,White / Caucasian,Master's degree / Professional degree,"$100,000 to $167,999",Independent,55,40,70,65,65,60,85,65,60,40,60,70,15,55,90,15,65,20,65,70,90,85,90,30,4,2,90,65,60,90,55,45,30,60,65,35,40,35,45,85,70,35,65,65
p00799,Social justice,Male,2008,White / Caucasian,High school diploma / GED,"Less than $30,000",Democrat,60,70,70,40,70,70,70,60,90,60,80,40,20,50,70,80,60,40,80,70,80,90,70,10,1,2,90,90,60,70,70,50,40,50,70,30,80,90,90,80,60,60,80,70
p00800,Measurement & modeling (2),Male,1958,White / Caucasian,Some college or Associate's degree,"$100,000 to $167,999",Democrat,94,75,74,96,88,80,97,97,92,91,97,96,7,91,86,62,70,84,82,24,80,60,85,0,5,1,99,52,24,47,17,17,38,32,89,54,86,63,64,84,81,30,96,85
p00801,Measurement & modeling (2),Male,1980,Black / African American,Some college or Associate's degree,"Less than $30,000",Democrat,60,40,80,90,80,80,70,30,50,70,80,50,90,70,80,100,90,60,80,90,90,100,20,80,4,2,80,90,90,80,10,90,60,30,50,30,100,100,90,80,90,60,100,70
p00802,Measurement & modeling (2),Female,1974,White / Caucasian,High school diploma / GED,"Less than $30,000",Republican,45,50,55,25,35,50,70,45,50,70,30,50,35,25,45,25,40,15,35,20,25,25,50,20,1,2,55,70,55,15,50,10,10,25,25,10,55,15,35,55,60,20,20,50
p00803,Peer-review,Male,2002,White / Caucasian,Bachelor's degree,"$100,000 to $167,999",Democrat,90,80,80,100,100,80,100,80,80,50,80,90,20,90,90,80,100,80,80,100,100,90,100,10,8,1,90,100,90,100,70,90,60,70,90,90,90,100,90,100,90,10,100,90
p00804,Extreme weather predictions,Female,2008,Hispanic / Latino,Less than high school,"Less than $30,000",Democrat,70,55,45,45,70,40,30,40,45,50,40,50,45,65,75,60,65,45,15,70,35,50,65,35,7,2,65,65,75,70,65,40,45,45,40,35,70,75,45,60,70,80,40,65
p00805,Interview Prof. Maraun,Male,1997,White / Caucasian,Bachelor's degree,"$168,000 or more",Democrat,60,70,70,30,70,30,60,60,40,50,60,70,30,60,70,80,60,70,70,60,60,40,60,20,4,2,90,70,60,70,70,50,10,30,30,60,50,50,60,50,50,70,60,60
p00806,Peer-review,Female,1988,White / Caucasian,Less than high school,"Less than $30,000",Democrat,50,40,80,80,40,70,70,50,90,0,100,0,10,50,70,80,80,100,70,80,60,90,60,30,2,2,80,70,100,70,90,70,40,10,90,80,80,90,50,90,90,90,90,80
p00808,Extreme weather predictions,Male,1980,Hispanic / Latino,Less than high school,"$168,000 or more",Democrat,60,70,40,70,60,90,70,40,70,60,30,60,50,50,20,80,50,60,70,70,60,60,80,50,4,1,80,40,90,80,10,60,30,50,60,30,90,90,60,80,50,60,50,80
p00809,Consensus,Female,1969,White / Caucasian,Some college or Associate's degree,"Less than $30,000",Republican,32,33,47,35,39,33,57,27,22,46,50,47,19,29,60,35,11,18,42,67,58,39,36,47,1,2,25,8,14,22,25,14,14,30,21,11,14,13,42,8,84,14,16,40
p00810,Peer-review,Male,1962,White / Caucasian,Bachelor's degree,"$56,000 to $99,999",Republican,55,35,75,25,75,35,15,30,45,35,30,25,25,30,40,50,15,55,40,55,55,55,75,90,0,2,55,25,30,20,35,85,10,25,15,15,15,20,45,10,75,20,40,50
p00811,Model accuracy,Male,2000,White / Caucasian,Bachelor's degree,"$56,000 to $99,999",Republican,40,70,20,50,0,80,80,80,70,60,0,80,50,10,60,10,40,10,70,70,90,30,70,60,1,2,50,20,20,80,50,70,10,50,10,40,10,10,0,50,70,60,30,70
p00812,Scientist community helpers,Female,1953,White / Caucasian,Some college or Associate's degree,"Less than $30,000",Republican,80,80,80,50,60,40,0,20,80,80,20,70,80,10,60,30,80,20,30,30,90,30,0,0,0,2,20,0,20,10,0,10,40,0,0,10,10,10,60,90,80,10,70,40
p00814,Extreme weather predictions,Male,1980,White / Caucasian,High school diploma / GED,"$56,000 to $99,999",Democrat,85,100,80,100,95,90,95,100,95,70,90,90,40,75,90,85,75,95,95,95,95,70,65,20,1,2,90,100,90,80,90,70,65,35,65,10,95,55,70,80,90,65,65,80
p00816,Extreme weather predictions,Male,2005,Other,Some college or Associate's degree,"$168,000 or more",Democrat,96,87,100,97,87,96,100,97,86,98,86,95,0,96,100,66,95,51,100,100,87,63,90,14,2,2,86,100,90,100,83,40,49,87,86,80,96,96,98,99,96,67,93,96
p00818,Corporate reliance,Female,1989,White / Caucasian,Master's degree / Professional degree,"$168,000 or more",Democrat,70,70,60,65,65,60,50,85,65,55,65,60,15,80,80,90,70,75,65,50,90,90,80,10,8,2,60,90,70,85,90,80,30,80,30,65,90,85,85,85,80,75,90,75
p00819,Scientist community helpers,Male,2007,Asian / Asian American,Some college or Associate's degree,"Less than $30,000",Republican,43,46,93,80,36,29,70,48,53,61,89,60,66,11,61,8,35,6,39,38,20,9,76,73,3,2,71,4,92,37,7,13,3,0,38,8,21,20,25,51,52,50,29,32
p00821,Consensus,Female,1954,White / Caucasian,Some college or Associate's degree,"$168,000 or more",Republican,0,10,60,60,70,70,100,80,60,50,40,50,10,10,70,10,100,40,0,0,80,50,100,30,0,2,30,0,10,10,0,20,50,100,20,20,0,10,30,20,50,0,30,40
p00822,Former skeptics,Female,2004,White / Caucasian,High school diploma / GED,"$56,000 to $99,999",Democrat,70,100,60,70,70,30,60,80,60,80,80,70,70,90,80,40,60,50,80,60,60,90,80,50,5,2,90,70,100,30,60,20,50,50,90,50,60,70,90,50,70,50,100,100
p00827,High public trust,Male,1984,Hispanic / Latino,Bachelor's degree,"$56,000 to $99,999",Republican,10,30,25,40,15,25,30,70,5,45,30,45,40,5,35,25,35,25,50,40,55,45,30,70,2,2,10,5,35,5,45,40,15,15,0,20,65,60,25,20,45,15,30,10
p00828,High public trust,Male,1989,White / Caucasian,Master's degree / Professional degree,"$100,000 to $167,999",Independent,100,89,100,64,100,100,100,85,54,62,100,87,0,9,80,91,54,71,63,64,100,94,100,3,0,2,92,100,94,10,8,24,50,18,27,3,21,62,62,88,100,6,100,92
p00829,Extreme weather predictions,Male,1990,White / Caucasian,Less than high school,"$56,000 to $99,999",Republican,30,20,10,20,20,20,10,40,10,20,10,50,50,20,20,10,10,10,60,10,10,40,30,70,0,2,10,20,10,40,30,60,10,40,20,20,20,10,20,40,20,50,30,20
p00832,Measurement & modeling (2),Female,1963,Hispanic / Latino,High school diploma / GED,"$56,000 to $99,999",Republican,30,25,20,15,5,5,20,10,0,55,10,15,95,15,35,0,35,5,25,10,40,15,10,30,2,2,25,30,25,45,10,20,35,0,5,0,50,20,15,25,35,30,5,50
p00833,Oil industry misinformation,Female,1950,White / Caucasian,Bachelor's degree,"$100,000 to $167,999",Democrat,72,33,66,70,56,71,73,67,76,71,67,79,22,46,87,67,70,65,64,73,81,62,59,49,2,2,60,80,85,61,10,38,44,14,14,42,85,62,67,53,68,39,77,73
p00835,Model accuracy,Female,1994,White / Caucasian,Master's degree / Professional degree,"$168,000 or more",Democrat,80,70,95,95,80,55,75,90,65,85,60,85,10,35,90,50,20,0,85,100,95,100,95,0,4,1,90,95,100,90,100,100,95,90,85,95,100,85,100,90,100,100,100,95
p00836,Measurement & modeling (2),Female,1975,White / Caucasian,Some college or Associate's degree,"$100,000 to $167,999",Independent,100,85,60,95,100,85,75,85,90,85,90,65,90,65,85,65,95,65,80,90,50,75,75,30,0,2,80,65,55,80,30,5,5,5,0,10,95,60,95,85,100,50,75,85
p00837,Scientist community helpers,Male,1993,Black / African American,High school diploma / GED,"$168,000 or more",Democrat,19,36,39,77,21,97,31,44,3,40,0,67,30,36,71,51,4,0,94,97,95,64,0,26,6,2,100,100,100,99,53,24,87,27,98,70,56,91,77,100,85,4,55,84
p00838,Former skeptics,Female,1973,White / Caucasian,Bachelor's degree,"$168,000 or more",Democrat,35,75,60,70,65,70,70,85,75,75,45,65,10,50,65,60,85,15,80,80,55,65,25,20,5,2,75,60,85,90,60,20,50,80,90,90,65,70,75,75,60,35,70,75
p00839,Interview Prof. Maraun,Female,1993,Black / African American,High school diploma / GED,"$56,000 to $99,999",Democrat,90,90,95,90,85,90,90,75,90,35,100,30,0,100,85,65,100,45,75,100,95,100,90,10,6,2,90,65,95,95,90,100,35,35,95,60,75,100,100,100,100,95,100,95
p00840,Consensus,Male,1964,White / Caucasian,Some college or Associate's degree,"$56,000 to $99,999",Republican,18,38,53,13,10,19,48,22,29,21,9,30,88,18,42,37,23,36,79,74,34,51,15,89,2,2,88,39,20,39,20,31,44,33,11,20,54,8,15,57,54,19,38,12
p00841,Measurement & modeling (2),Female,1950,White / Caucasian,Some college or Associate's degree,"$100,000 to $167,999",Democrat,94,100,89,76,75,88,98,100,92,96,41,100,10,79,100,99,91,53,19,66,63,97,88,24,10,2,100,85,83,8,79,51,93,89,48,71,72,77,88,100,99,5,54,100
p00845,High public trust,Male,2005,White / Caucasian,Less than high school,"$30,000 to $55,999",Democrat,50,50,55,65,70,40,50,55,65,50,30,70,35,50,65,60,25,85,85,65,75,80,45,25,3,2,80,85,70,90,40,30,40,55,65,30,80,70,85,70,85,35,90,90
p00846,Former skeptics,Male,1971,White / Caucasian,High school diploma / GED,"$100,000 to $167,999",Republican,50,30,80,60,50,10,40,70,50,40,30,40,60,50,30,30,40,20,60,20,10,20,90,40,0,2,30,20,20,20,20,40,10,20,30,40,10,20,20,30,40,20,30,40
p00848,Extreme weather predictions,Female,1979,White / Caucasian,Bachelor's degree,"$56,000 to $99,999",Republican,70,60,70,0,20,30,80,50,80,40,40,50,70,20,90,80,50,50,50,90,50,40,100,10,4,2,60,30,0,0,10,30,30,10,30,20,10,80,90,90,70,40,50,90
p00852,Model accuracy,Female,1961,Hispanic / Latino,Some college or Associate's degree,"$56,000 to $99,999",Democrat,100,75,75,75,75,75,50,50,75,75,75,50,25,100,75,75,75,75,100,50,75,75,75,25,7,1,75,75,75,75,50,25,75,50,50,50,100,25,75,75,75,50,75,75
p00853,Measurement & modeling (2),Male,1991,White / Caucasian,Bachelor's degree,"$56,000 to $99,999",Republican,33,75,81,16,32,38,69,71,61,48,75,73,66,29,27,30,53,49,65,39,48,45,71,23,3,2,52,40,15,57,23,12,15,18,36,40,33,59,40,64,64,62,29,73
p00854,High public trust,Female,2002,White / Caucasian,High school diploma / GED,"Less than $30,000",Democrat,40,60,70,90,40,50,80,30,50,30,50,30,0,90,80,50,60,30,60,50,50,60,30,90,4,2,90,90,90,60,90,70,30,60,70,10,100,80,90,90,90,40,50,100
p00855,Extreme weather predictions,Female,1976,Hispanic / Latino,Less than high school,"Less than $30,000",Republican,0,20,10,10,30,10,10,40,0,10,0,10,30,0,50,10,0,10,100,90,60,90,30,100,5,1,100,100,100,30,80,20,0,10,30,20,80,60,70,70,60,10,100,80
p00857,Interview Prof. Maraun,Male,1989,White / Caucasian,Master's degree / Professional degree,"$56,000 to $99,999",Democrat,90,60,80,70,30,80,60,90,70,60,90,90,20,70,80,90,80,70,90,90,80,70,90,10,4,1,80,70,70,60,90,40,30,60,60,50,80,90,90,90,90,80,60,70
p00858,Consensus,Female,1971,White / Caucasian,Master's degree / Professional degree,"$56,000 to $99,999",Republican,94,100,100,64,100,42,70,45,51,25,35,71,12,75,40,100,80,41,61,59,71,64,39,9,2,2,45,30,10,58,0,56,0,5,18,0,18,1,69,51,26,5,83,57
p00859,Corporate reliance,Female,1968,White / Caucasian,Some college or Associate's degree,"$100,000 to $167,999",Republican,72,63,89,67,73,72,87,48,70,76,69,87,23,49,69,80,51,9,33,67,59,31,78,22,4,1,59,28,19,45,50,33,19,33,59,78,27,41,44,51,84,14,62,68
p00860,Social justice,Female,2007,White / Caucasian,Some college or Associate's degree,"$30,000 to $55,999",Democrat,50,70,45,85,60,30,25,75,60,55,70,65,25,65,75,85,70,50,55,60,65,75,65,15,6,2,70,70,75,65,75,75,45,55,65,70,50,65,90,65,90,70,70,75
p00861,Extreme weather predictions,Female,2007,Hispanic / Latino,Some college or Associate's degree,"Less than $30,000",Democrat,80,75,85,70,50,80,90,80,75,60,60,75,15,65,90,50,85,50,65,80,65,75,90,20,4,2,80,85,65,70,70,30,40,90,80,15,60,75,70,90,75,65,90,85
p00863,High public trust,Male,1991,White / Caucasian,High school diploma / GED,"$30,000 to $55,999",Republican,25,35,40,40,25,60,30,40,35,30,15,20,35,20,50,35,45,15,70,10,15,55,35,45,4,2,45,25,30,25,25,35,70,55,40,85,65,30,55,35,55,90,50,30
p00865,Social justice,Male,2000,White / Caucasian,High school diploma / GED,"$56,000 to $99,999",Republican,20,70,20,10,20,10,20,20,60,30,20,40,70,30,40,20,40,50,30,10,60,30,10,80,4,2,40,10,20,20,80,20,10,30,60,10,10,10,60,20,40,40,40,40
p00866,Funding,Female,1969,Hispanic / Latino,High school diploma / GED,"$56,000 to $99,999",Republican,35,40,35,25,50,20,55,35,45,40,50,15,25,55,85,20,55,15,70,45,60,80,50,35,4,2,50,70,70,40,15,30,55,30,50,15,70,20,50,70,70,20,45,30
p00868,Scientist community helpers,Male,1999,White / Caucasian,Some college or Associate's degree,"Less than $30,000",Republican,75,30,85,45,45,70,60,80,50,50,25,50,20,65,80,35,15,65,40,30,40,30,30,35,3,2,80,35,40,80,40,60,15,65,30,40,20,55,55,20,70,35,55,65
p00869,Former skeptics,Male,1975,White / Caucasian,High school diploma / GED,"$168,000 or more",Democrat,60,80,70,60,60,80,70,60,90,40,70,40,30,80,90,90,100,50,70,90,80,70,90,40,1,2,50,50,80,70,80,70,10,0,80,80,90,90,20,100,90,80,90,60
p00870,Social justice,Female,1992,Other,Bachelor's degree,"$100,000 to $167,999",Democrat,50,90,90,90,90,90,80,90,80,80,80,80,0,90,70,90,50,60,90,80,90,80,80,20,6,2,100,90,80,80,80,70,80,100,100,40,90,90,80,90,90,80,90,90
p00871,Former skeptics,Female,1964,White / Caucasian,High school diploma / GED,"$168,000 or more",Democrat,85,90,80,75,85,80,75,70,85,80,55,70,25,90,95,65,95,90,70,70,80,70,80,15,1,2,95,75,75,65,25,50,50,55,70,30,60,65,100,95,95,80,70,65
p00873,Corporate reliance,Female,1999,White / Caucasian,Some college or Associate's degree,"$56,000 to $99,999",Republican,80,30,65,65,55,65,45,30,65,50,80,55,70,10,60,60,50,15,85,70,70,80,35,15,4,2,10,55,90,70,70,40,30,20,30,20,95,65,75,90,55,5,90,40
p00877,Consensus,Female,1981,Hispanic / Latino,Some college or Associate's degree,"$168,000 or more",Independent,35,30,45,60,35,45,30,65,15,45,40,40,45,45,50,70,75,45,40,35,55,60,65,45,9,1,45,50,50,25,35,30,40,35,20,35,60,30,45,60,65,55,55,45
p00879,Model accuracy,Female,1990,Hispanic / Latino,Master's degree / Professional degree,"$100,000 to $167,999",Republican,74,89,28,61,91,48,67,33,49,55,11,44,3,49,70,69,64,43,83,11,43,66,64,36,3,2,13,60,25,13,22,61,32,40,9,23,53,42,63,45,94,39,92,6
p00880,Funding,Male,1983,White / Caucasian,Some college or Associate's degree,"$56,000 to $99,999",Democrat,100,55,70,90,95,85,100,85,80,95,90,70,0,50,90,100,70,90,100,75,95,100,95,10,7,2,90,85,75,80,60,90,85,50,100,30,85,55,70,90,100,85,95,90
p00883,Social justice,Male,1986,Hispanic / Latino,Less than high school,"Less than $30,000",Independent,70,40,90,100,80,70,50,60,60,40,50,20,30,70,60,90,70,60,50,80,40,50,40,10,5,2,100,80,70,40,80,100,60,30,80,50,20,60,70,60,50,0,60,100
p00885,Funding,Male,2002,Hispanic / Latino,Bachelor's degree,"$56,000 to $99,999",Independent,50,60,60,70,70,70,80,70,40,40,50,50,50,60,50,80,50,50,30,50,60,60,40,40,4,2,50,50,40,60,50,50,40,50,40,40,50,40,80,40,40,40,80,70
p00887,Model accuracy,Female,1978,Hispanic / Latino,Bachelor's degree,"$56,000 to $99,999",Republican,75,60,75,60,85,65,65,80,50,70,60,80,20,55,60,55,70,45,70,65,80,70,85,30,0,2,70,10,30,85,65,20,70,20,20,30,50,50,65,60,70,25,90,70
p00889,Model accuracy,Male,2001,Hispanic / Latino,High school diploma / GED,"Less than $30,000",Independent,20,20,30,40,10,50,30,20,30,30,40,40,10,40,20,30,50,30,40,30,30,30,30,40,0,2,20,30,30,70,10,30,40,20,10,20,40,30,20,60,40,10,40,40
p00890,Oil industry misinformation,Female,1965,White / Caucasian,High school diploma / GED,"$56,000 to $99,999",Democrat,90,45,20,45,25,50,25,80,25,55,75,25,60,50,85,65,35,25,85,70,55,55,40,35,0,2,65,75,80,60,25,60,20,20,80,60,65,45,65,50,30,55,25,65
p00891,Corporate reliance,Female,1946,Black / African American,High school diploma / GED,"$30,000 to $55,999",Democrat,10,30,50,10,10,30,55,35,20,25,25,50,75,45,85,65,55,25,70,60,90,90,20,35,2,2,90,60,90,75,25,35,25,25,40,40,90,25,70,75,55,60,80,55
p00892,Interview Prof. Maraun,Female,2005,White / Caucasian,Some college or Associate's degree,"$100,000 to $167,999",Democrat,100,100,100,90,90,100,100,100,90,90,80,100,0,100,90,100,100,70,100,100,70,90,90,10,5,1,100,90,90,100,90,100,90,90,100,100,90,90,60,90,100,70,100,90
p00896,Interview Prof. Maraun,Female,1985,Black / African American,High school diploma / GED,"$56,000 to $99,999",Democrat,85,10,50,100,65,75,100,45,0,10,100,90,0,100,85,100,90,100,0,100,25,65,45,0,4,2,100,95,95,70,85,100,85,80,40,65,100,90,100,95,100,0,90,85
p00902,Funding,Female,1946,White / Caucasian,Some college or Associate's degree,"$56,000 to $99,999",Republican,10,0,10,20,10,20,0,10,0,30,20,10,10,10,10,10,80,40,0,20,60,0,10,80,1,2,10,10,0,10,0,30,40,0,30,0,10,10,30,60,40,10,0,40
p00903,Scientist community helpers,Male,1991,White / Caucasian,High school diploma / GED,"$30,000 to $55,999",Republican,40,15,25,15,55,40,15,5,60,75,55,25,50,0,70,95,0,5,60,20,55,45,50,60,1,2,30,15,20,5,10,10,5,20,40,20,20,5,15,85,40,20,10,95
p00904,Funding,Female,1984,Black / African American,Master's degree / Professional degree,"$100,000 to $167,999",Democrat,65,90,65,50,50,50,75,70,65,40,60,45,15,85,70,85,60,80,65,75,65,85,50,40,3,2,80,80,85,80,65,45,75,65,70,50,75,70,90,60,60,65,50,80
p00911,Oil industry misinformation,Female,1957,Black / African American,Some college or Associate's degree,"$30,000 to $55,999",Independent,80,60,40,80,90,10,70,40,20,40,40,0,10,10,80,100,70,70,60,50,60,60,70,50,2,2,50,90,70,60,30,90,10,70,30,0,100,100,70,90,100,40,80,100
p00912,High public trust,Male,1975,Hispanic / Latino,Some college or Associate's degree,"$56,000 to $99,999",Republican,40,20,30,45,20,35,30,45,25,20,10,5,35,20,75,55,25,35,40,20,70,60,35,20,3,2,65,75,15,45,25,35,0,25,90,10,5,5,50,15,90,15,25,55
p00914,Oil industry misinformation,Female,1991,Black / African American,Less than high school,"Less than $30,000",Democrat,0,30,30,5,0,100,25,25,35,60,20,15,20,50,70,10,20,60,65,20,40,10,10,100,1,2,100,75,70,65,55,45,5,30,75,30,60,55,95,90,65,25,85,65
p00915,High public trust,Female,2007,Hispanic / Latino,Some college or Associate's degree,"Less than $30,000",Democrat,42,14,54,91,9,23,54,72,48,68,36,34,66,49,63,58,65,32,44,91,74,72,53,17,7,2,72,66,58,81,37,59,41,55,88,25,79,60,83,61,84,54,68,66
p00916,Social justice,Female,1999,White / Caucasian,Some college or Associate's degree,"$56,000 to $99,999",Republican,100,100,70,90,90,100,100,100,40,100,50,30,0,40,90,50,40,30,100,100,100,100,90,20,3,2,90,50,100,40,0,90,40,60,40,50,60,0,20,90,100,30,80,100
p00918,Funding,Male,2001,Black / African American,Bachelor's degree,"Less than $30,000",Democrat,85,85,70,70,85,70,85,65,55,35,45,60,40,70,80,90,85,20,70,90,90,80,65,10,5,2,80,90,65,85,30,10,45,50,30,45,85,70,80,60,60,15,85,85
p00923,Interview Prof. Maraun,Male,1994,White / Caucasian,High school diploma / GED,"$100,000 to $167,999",Republican,50,15,50,30,30,20,10,90,30,60,25,25,40,0,65,30,0,0,0,0,15,10,0,5,2,2,10,10,20,35,0,10,25,20,15,0,15,10,5,10,55,0,35,100
p00926,High public trust,Female,1982,White / Caucasian,Some college or Associate's degree,"$30,000 to $55,999",Democrat,89,49,98,86,63,75,81,92,67,50,82,65,17,65,85,98,96,71,87,99,95,90,82,11,0,2,86,82,83,87,66,75,33,63,82,44,91,95,96,82,90,24,90,88
p00928,Former skeptics,Female,1946,White / Caucasian,High school diploma / GED,"$30,000 to $55,999",Democrat,90,80,80,70,90,80,40,90,80,80,90,80,10,40,50,90,90,70,80,60,80,70,80,20,0,2,80,90,90,80,50,60,70,20,60,10,90,70,60,70,90,60,70,90
p00931,Social justice,Male,2000,White / Caucasian,Bachelor's degree,"$56,000 to $99,999",Democrat,45,100,95,90,100,90,85,100,90,90,95,90,75,100,100,90,90,100,100,80,100,95,100,10,7,2,95,100,85,50,100,100,80,75,90,100,85,85,90,85,85,40,95,85
p00933,Oil industry misinformation,Male,1994,Black / African American,High school diploma / GED,"$100,000 to $167,999",Democrat,75,75,50,50,50,25,75,50,50,25,50,50,25,100,100,75,75,50,25,25,75,100,75,75,10,1,75,100,75,100,75,50,75,25,100,100,75,50,75,75,75,25,100,75
p00935,Oil industry misinformation,Female,1985,White / Caucasian,High school diploma / GED,"$30,000 to $55,999",Republican,20,35,80,0,0,30,10,5,45,0,0,5,100,10,15,35,30,10,30,0,5,50,0,85,0,2,15,10,20,10,10,75,5,15,35,0,20,15,85,0,95,0,10,55
p00936,Consensus,Female,2008,Asian / Asian American,High school diploma / GED,"$168,000 or more",Democrat,85,95,100,75,85,30,75,90,95,70,90,95,5,80,85,70,35,15,95,95,90,80,65,0,0,2,95,95,90,70,85,90,70,80,90,95,90,85,90,90,100,20,100,80
p00942,Model accuracy,Female,1976,Hispanic / Latino,Less than high school,"Less than $30,000",Republican,55,89,63,43,59,18,48,10,30,89,52,73,74,29,52,49,40,38,70,65,50,29,45,9,1,2,44,34,55,45,25,43,18,47,8,37,26,34,14,40,90,28,71,52
p00943,Model accuracy,Female,1964,White / Caucasian,High school diploma / GED,"$100,000 to $167,999",Republican,74,9,32,37,38,28,18,67,35,43,41,29,32,12,52,36,33,36,15,16,27,53,38,40,0,2,75,16,28,31,39,12,8,24,24,19,82,17,49,26,72,11,62,28
p00945,Scientist community helpers,Female,1962,White / Caucasian,High school diploma / GED,"$100,000 to $167,999",Republican,20,10,30,20,10,10,30,10,10,20,40,75,65,10,40,30,10,20,45,30,75,45,20,90,3,2,50,75,35,25,35,25,55,15,10,20,25,10,45,55,50,45,10,65
p00946,Consensus,Male,2006,White / Caucasian,High school diploma / GED,"Less than $30,000",Democrat,70,60,40,85,55,85,75,45,85,60,30,80,25,55,60,60,55,65,75,65,40,40,75,15,6,2,70,40,75,65,60,45,85,10,55,10,85,55,70,75,75,55,65,50
p00947,Former skeptics,Female,1986,White / Caucasian,High school diploma / GED,"$56,000 to $99,999",Republican,70,70,60,50,40,50,90,60,80,40,70,50,30,40,80,70,60,10,70,70,90,70,60,60,0,2,70,60,20,50,50,40,10,30,70,60,70,20,80,50,90,10,70,60
p00951,Former skeptics,Female,1960,White / Caucasian,Master's degree / Professional degree,"$100,000 to $167,999",Democrat,60,90,70,70,60,80,70,60,30,70,60,70,10,80,30,70,70,90,50,70,60,70,40,20,7,2,60,60,50,70,80,50,60,70,60,40,60,70,80,70,80,70,60,50
p00956,Oil industry misinformation,Female,1959,Black / African American,High school diploma / GED,"$100,000 to $167,999",Democrat,75,90,40,90,80,80,55,60,85,75,60,90,20,65,90,85,80,60,85,100,100,80,50,10,5,2,95,90,90,65,85,85,85,65,80,95,95,60,95,95,100,50,95,90
p00962,Funding,Male,2002,White / Caucasian,Bachelor's degree,"$168,000 or more",Democrat,75,65,65,0,25,55,100,40,5,65,70,35,65,50,55,70,50,35,95,95,85,90,65,0,3,2,80,95,90,95,60,95,5,75,65,15,100,90,65,85,100,75,100,90
p00967,Model accuracy,Male,1996,White / Caucasian,Master's degree / Professional degree,"$100,000 to $167,999",Democrat,100,87,83,56,91,84,85,90,66,100,56,69,67,48,63,85,85,100,62,100,89,93,85,0,4,2,90,99,100,95,67,68,36,100,95,10,86,91,100,93,98,56,80,100
p00973,Funding,Male,1980,Asian / Asian American,Some college or Associate's degree,"$56,000 to $99,999",Democrat,90,70,75,95,100,60,70,80,65,50,95,0,5,65,50,90,85,75,75,70,95,45,85,25,0,2,80,95,85,90,85,60,40,70,95,45,70,95,20,85,75,60,90,95
p00975,High public trust,Female,1992,White / Caucasian,Master's degree / Professional degree,"$100,000 to $167,999",Democrat,80,45,80,70,45,60,70,55,65,45,50,45,35,65,80,70,75,70,70,45,45,70,70,20,10,2,65,55,45,65,50,65,75,70,65,40,70,70,55,75,80,45,75,35
p00980,Oil industry misinformation,Male,1968,Asian / Asian American,Master's degree / Professional degree,"$168,000 or more",Democrat,66,97,86,87,91,90,77,83,80,69,67,81,34,77,85,91,60,76,92,46,98,95,79,21,0,2,82,78,71,79,74,69,8,98,62,14,89,95,93,94,100,65,76,91
p00981,Scientist community helpers,Male,1988,White / Caucasian,High school diploma / GED,"$100,000 to $167,999",Republican,85,90,55,25,85,75,30,40,35,45,55,50,75,25,30,40,60,20,20,25,45,45,65,5,2,2,15,0,50,15,30,15,30,85,85,0,35,15,5,15,65,100,85,20
p00984,Oil industry misinformation,Male,1972,White / Caucasian,Bachelor's degree,"$100,000 to $167,999",Republican,75,75,75,50,0,50,50,50,75,0,25,75,75,25,100,50,75,100,50,25,75,25,75,25,4,2,75,0,25,0,50,25,50,0,50,25,0,25,25,25,75,50,0,50
p00985,Oil industry misinformation,Female,1963,White / Caucasian,Bachelor's degree,"$56,000 to $99,999",Republican,50,70,100,75,70,70,65,80,25,40,30,60,70,25,70,35,35,5,55,20,60,65,95,5,1,2,20,20,85,5,5,80,25,20,65,55,20,10,70,95,90,10,15,55
p00986,Social justice,Male,1969,White / Caucasian,High school diploma / GED,"$56,000 to $99,999",Independent,15,30,45,35,15,55,40,50,40,50,45,55,70,30,50,55,75,35,25,35,60,75,65,30,2,2,35,40,30,55,60,10,15,20,10,10,25,45,50,60,50,65,50,55
p00988,High public trust,Female,1969,White / Caucasian,Master's degree / Professional degree,"$56,000 to $99,999",Democrat,70,60,100,60,60,60,70,50,50,80,20,30,10,50,80,50,90,40,80,60,100,60,80,80,3,2,90,90,90,80,30,0,60,90,30,0,100,90,90,80,90,50,90,80
p00990,Model accuracy,Male,1975,White / Caucasian,Some college or Associate's degree,"$56,000 to $99,999",Republican,40,30,10,20,15,15,20,25,5,30,10,10,90,10,40,55,15,25,20,30,5,15,40,10,1,2,30,10,0,0,55,45,25,15,15,0,5,10,5,10,85,5,95,60
p00991,Scientist community helpers,Male,1995,White / Caucasian,High school diploma / GED,"$56,000 to $99,999",Republican,70,40,5,60,0,15,0,0,5,10,5,0,90,5,20,5,5,10,50,5,55,35,0,80,0,2,20,65,30,20,30,0,0,0,0,30,35,55,50,35,65,0,75,70
p00993,Social justice,Male,1979,White / Caucasian,Less than high school,"$56,000 to $99,999",Republican,20,40,20,20,10,20,10,30,20,20,20,30,10,10,50,20,20,20,30,20,50,70,20,80,2,2,40,10,20,10,50,30,10,10,30,10,10,40,20,30,50,50,30,10
p00994,High public trust,Female,1992,Hispanic / Latino,Some college or Associate's degree,"Less than $30,000",Independent,53,50,65,73,73,3,62,13,39,9,30,39,8,53,94,72,44,9,79,31,71,55,94,29,4,2,93,66,95,56,62,73,19,46,91,56,59,30,34,64,64,35,52,93
p00999,High public trust,Male,1978,White / Caucasian,Bachelor's degree,"$56,000 to $99,999",Republican,30,50,30,50,40,20,30,50,30,50,30,50,70,10,50,30,40,20,30,20,10,50,50,70,0,2,20,20,10,20,30,40,20,10,50,10,20,50,10,50,60,10,10,50
p01000,Funding,Male,1949,White / Caucasian,Bachelor's degree,"$56,000 to $99,999",Republican,70,50,50,60,70,60,30,50,50,40,70,50,10,20,40,50,10,70,50,50,40,60,60,70,0,1,40,40,10,50,30,10,20,20,50,10,70,20,60,20,40,20,30,60
p01005,Corporate reliance,Female,1979,Hispanic / Latino,Some college or Associate's degree,"$56,000 to $99,999",Republican,9,39,24,16,10,4,43,11,31,16,32,88,58,8,75,36,62,4,73,20,97,25,12,76,0,1,20,12,47,37,23,50,13,2,72,18,59,22,55,44,97,7,26,70
p01006,Model accuracy,Female,2004,Hispanic / Latino,Some college or Associate's degree,"Less than $30,000",Democrat,50,10,40,30,50,30,10,40,30,30,30,10,60,50,70,20,50,30,80,90,60,70,40,70,4,2,70,50,60,70,70,80,40,80,50,90,10,70,30,70,80,60,80,60
p01014,Funding,Male,1972,White / Caucasian,High school diploma / GED,"Less than $30,000",Independent,75,40,40,70,45,20,35,35,35,20,20,20,30,40,65,40,30,0,40,20,10,30,50,95,1,2,60,0,0,15,35,10,15,15,40,35,20,60,25,35,40,40,45,45
p01016,Corporate reliance,Female,1995,Black / African American,Some college or Associate's degree,"$100,000 to $167,999",Republican,40,50,10,20,30,80,40,0,0,40,20,60,90,30,60,0,0,10,10,10,0,60,20,70,1,2,0,0,0,0,30,0,0,10,0,0,0,30,40,50,0,30,10,50
p01019,Model accuracy,Male,1964,White / Caucasian,Bachelor's degree,"$100,000 to $167,999",Republican,50,75,50,50,50,25,50,0,25,50,50,25,50,50,50,50,50,25,50,25,25,25,25,25,1,2,75,50,25,0,25,25,25,25,50,25,25,0,25,25,75,50,50,75
p01025,Model accuracy,Male,1977,White / Caucasian,High school diploma / GED,"$100,000 to $167,999",Republican,11,66,20,57,32,11,57,51,40,29,24,32,17,33,58,8,21,17,56,23,52,25,28,69,2,2,9,21,10,14,15,57,24,50,27,32,13,29,14,40,23,22,36,45
p01040,Funding,Male,1946,Hispanic / Latino,Master's degree / Professional degree,"$100,000 to $167,999",Democrat,50,65,50,85,85,40,50,65,85,75,40,90,35,70,55,70,90,45,80,60,40,90,40,45,10,2,70,60,20,90,90,25,30,70,80,30,75,60,75,80,45,25,85,60
p01041,Corporate reliance,Female,1963,Other,Bachelor's degree,"$168,000 or more",Democrat,50,90,80,90,10,70,50,70,90,50,80,80,50,70,70,40,90,70,70,30,70,50,80,40,4,2,60,40,90,80,30,60,30,50,10,40,70,50,60,90,70,30,80,80
p01044,Corporate reliance,Male,2003,White / Caucasian,High school diploma / GED,"$56,000 to $99,999",Republican,10,15,70,5,5,20,35,50,5,5,15,5,5,15,70,20,5,0,30,20,40,5,15,85,1,2,35,15,20,30,10,25,40,0,55,5,50,5,15,5,5,40,55,30
p01045,Funding,Female,1983,Asian / Asian American,Some college or Associate's degree,"$30,000 to $55,999",Republican,50,75,35,20,55,100,55,45,20,45,35,75,65,30,20,75,35,5,80,65,75,60,10,15,1,2,10,45,70,20,15,20,5,40,80,20,70,5,65,25,90,0,35,25
p01056,Scientist community helpers,Female,1991,White / Caucasian,Some college or Associate's degree,"$56,000 to $99,999",Republican,65,60,30,50,90,45,60,45,35,25,45,25,60,20,65,35,50,30,55,55,45,70,75,15,1,2,70,85,30,60,20,40,55,20,15,10,90,50,60,75,80,55,10,60
p01060,Scientist community helpers,Male,1990,White / Caucasian,Some college or Associate's degree,"$30,000 to $55,999",Democrat,69,70,76,90,77,30,62,69,87,72,54,38,8,51,25,79,61,51,83,48,68,74,67,19,1,1,59,83,53,32,51,55,17,15,70,79,59,46,52,74,91,55,61,59
p01173,Scientist community helpers,Male,1954,White / Caucasian,Master's degree / Professional degree,"$56,000 to $99,999",Democrat,65,98,85,82,90,22,90,78,56,59,90,28,35,80,89,52,92,78,63,68,51,88,89,17,1,2,97,91,40,72,26,46,7,19,78,22,83,74,97,79,88,62,60,92
p01175,Scientist community helpers,Female,1946,White / Caucasian,High school diploma / GED,"Less than $30,000",Democrat,75,100,100,100,75,0,75,75,100,75,100,100,0,100,100,100,100,50,75,75,100,25,50,75,2,2,75,75,75,75,50,100,0,75,75,25,75,100,100,75,75,75,75,100
p01176,Scientist community helpers,Female,2000,Asian / Asian American,High school diploma / GED,"Less than $30,000",Independent,10,50,10,10,70,40,40,30,10,40,20,30,70,40,40,10,40,10,20,10,60,30,40,60,1,1,30,40,20,20,30,10,10,70,10,10,40,20,20,40,30,10,50,50
p01212,Scientist community helpers,Female,1991,White / Caucasian,Bachelor's degree,"$56,000 to $99,999",Democrat,75,85,45,60,70,55,65,25,65,75,55,50,60,45,50,60,65,50,50,45,70,75,40,35,4,1,50,90,25,45,60,65,35,25,70,65,45,30,60,85,70,35,80,70
p01231,Scientist community helpers,Male,1981,Hispanic / Latino,High school diploma / GED,"$30,000 to $55,999",Democrat,73,54,71,25,74,30,70,15,66,91,46,33,55,38,84,60,64,47,8,21,61,42,34,15,0,2,60,84,68,44,49,60,49,18,40,32,88,87,74,46,66,50,59,80
