profile_id,condition,gender,year_birth,race,education,income,party,trust_competent_1,trust_intelligent_1,trust_qualified_1,trust_honest_1,trust_ethical_1,trust_sincere_1,trust_concerned_1,trust_improve_1,trust_considerate_1,trust_feedback_1,trust_transparent_1,trust_attention_1,funding_5,inst_trust_epa_1,inst_trust_nasa_1,inst_trust_noaa_1,inst_trust_uni_1,inst_trust_gov_1,policy_1_1,policy_2_1,policy_3_1,policy_4_1,trust_post_1,distrust_1,donation,newsletter,belief_post_1,concern_1_1,concern_2_1,concern_3_1,individual_meat_1,individual_transport_1,individual_solar_1,individual_fly_1,individual_talk_1,individual_donate_1,policy_general_1,policy_specific_1_1,policy_specific_2_1,policy_specific_3_1,policy_specific_4_1,policy_specific_5_1,policy_specific_6_1,policy_specific_7_1
p00001,Scientist community helpers,Male,1989,White / Caucasian,Some college or Associate's degree,"$30,000 to $55,999",Republican,17,72,14,20,31,9,36,21,58,19,23,23,36,21,30,42,18,8,18,33,33,47,27,21,0,2,17,60,10,11,44,12,37,64,27,60,60,75,35,28,32,47,43,38
p00002,Measurement & modeling (2),Male,1995,Black / African American,Some college or Associate's degree,"$56,000 to $99,999",Democrat,80,60,60,90,80,90,90,90,80,80,90,70,80,70,80,80,60,70,80,80,70,70,90,20,8,1,90,80,80,60,60,90,70,50,80,50,70,80,70,90,80,80,50,90
p00003,Interview Prof. Maraun,Male,1987,White / Caucasian,High school diploma / GED,"Less than $30,000",Republican,30,30,10,30,10,30,30,10,20,50,20,20,20,10,30,10,10,10,40,40,40,30,10,10,0,2,60,20,10,30,20,40,30,50,30,10,30,10,40,20,40,10,30,20
p00004,Scientist community helpers,Female,1981,White / Caucasian,High school diploma / GED,"$56,000 to $99,999",Republican,60,65,50,70,65,45,60,35,45,50,60,80,90,30,20,50,25,70,70,75,80,55,55,65,0,2,65,90,45,35,50,60,50,20,30,60,45,40,50,65,50,65,70,75
p00005,Measurement & modeling (2),Male,1993,White / Caucasian,Master's degree / Professional degree,"$168,000 or more",Republican,80,65,65,75,30,40,60,20,75,70,75,75,55,60,35,80,45,60,25,10,45,25,90,25,0,2,55,20,20,10,85,50,35,70,50,60,15,20,20,10,10,25,35,35
p00006,Model accuracy,Male,1970,White / Caucasian,Bachelor's degree,"$100,000 to $167,999",Republican,43,55,60,4,1,22,85,56,78,22,36,51,90,44,18,5,2,31,20,100,72,44,75,34,0,2,27,4,33,52,5,18,7,6,33,43,18,10,47,13,47,48,5,14
p00007,Extreme weather predictions,Male,1999,Hispanic / Latino,Some college or Associate's degree,"$30,000 to $55,999",Republican,70,65,75,75,50,60,80,70,75,50,70,65,85,90,80,45,75,45,60,80,75,85,75,45,2,2,55,85,90,30,55,50,35,30,65,40,90,75,55,45,45,80,55,90
p00008,Scientist community helpers,Male,2004,White / Caucasian,High school diploma / GED,"Less than $30,000",Democrat,65,45,90,60,25,65,85,75,50,55,50,65,65,55,55,90,60,65,90,80,90,90,60,40,1,2,80,90,85,85,60,25,55,55,25,35,80,75,80,85,75,80,85,80
p00009,High public trust,Female,1966,White / Caucasian,Some college or Associate's degree,"$30,000 to $55,999",Republican,75,25,0,50,25,50,50,50,50,50,50,25,50,25,50,75,25,25,50,25,50,50,25,0,6,2,75,0,25,25,50,0,0,0,25,0,75,75,75,25,25,75,50,50
p00010,High public trust,Male,2004,Black / African American,Less than high school,"Less than $30,000",Democrat,40,20,60,50,30,30,30,60,40,30,70,40,80,60,40,50,70,70,70,60,50,50,10,70,0,2,90,30,70,50,20,10,30,10,30,10,20,70,80,20,30,70,50,80
p00011,Funding,Female,1981,White / Caucasian,Master's degree / Professional degree,"$56,000 to $99,999",Democrat,70,70,70,60,100,70,90,60,70,60,70,70,80,60,60,70,50,80,90,100,80,90,50,20,5,2,60,100,90,90,20,50,80,70,30,0,90,90,100,80,100,90,100,80
p00012,Peer-review,Male,1992,White / Caucasian,Master's degree / Professional degree,"$56,000 to $99,999",Republican,80,90,90,80,55,80,90,90,85,90,80,65,85,85,90,55,85,20,40,50,75,60,75,15,0,2,70,30,15,55,60,85,10,50,85,15,25,50,35,50,25,45,40,70
p00013,High public trust,Female,1971,Black / African American,Some college or Associate's degree,"Less than $30,000",Democrat,95,75,50,85,90,90,85,90,65,55,90,30,40,100,75,65,55,70,85,50,90,100,90,65,8,2,65,95,95,95,90,95,5,95,35,80,80,65,95,95,95,35,75,70
p00014,Social justice,Male,1991,White / Caucasian,Bachelor's degree,"$56,000 to $99,999",Democrat,80,95,55,65,60,95,90,95,75,35,75,90,35,80,90,85,80,90,25,95,50,50,90,20,2,2,80,90,75,45,90,90,30,15,75,55,85,100,60,95,80,90,50,75
p00015,Scientist community helpers,Male,1951,White / Caucasian,High school diploma / GED,"$30,000 to $55,999",Independent,82,64,28,41,43,46,26,41,47,54,31,71,31,87,61,70,16,47,42,66,40,45,41,80,1,1,84,69,68,61,90,24,12,42,50,68,25,55,62,32,84,62,25,37
p00016,Former skeptics,Female,1946,White / Caucasian,Less than high school,"$30,000 to $55,999",Democrat,40,20,40,20,50,10,40,80,20,10,10,60,90,20,40,40,50,50,90,40,60,80,20,10,2,1,60,30,30,60,10,10,20,20,70,30,30,70,80,90,40,50,30,90
p00017,Model accuracy,Male,2003,Hispanic / Latino,High school diploma / GED,"$30,000 to $55,999",Republican,35,25,55,40,50,25,25,55,35,15,35,40,35,40,25,45,40,50,60,55,50,20,55,20,3,2,55,30,30,55,35,40,10,80,35,40,20,10,50,35,70,15,40,40
p00018,Consensus,Male,1953,White / Caucasian,Less than high school,"$30,000 to $55,999",Republican,85,15,35,40,60,50,80,35,85,40,90,80,10,25,10,40,65,25,20,75,40,50,35,0,0,2,75,20,10,10,10,10,10,15,5,15,10,85,25,35,15,15,20,30
p00019,control,Female,1976,Hispanic / Latino,Less than high school,"$30,000 to $55,999",Democrat,50,50,50,75,50,25,50,50,50,75,75,25,100,100,25,50,75,50,75,100,75,50,75,75,2,2,50,50,50,75,100,50,75,50,75,50,75,50,50,25,75,75,50,100
p00020,Corporate reliance,Female,1966,White / Caucasian,Master's degree / Professional degree,"$56,000 to $99,999",Democrat,90,65,90,85,100,85,90,100,85,100,25,15,85,70,20,100,95,85,100,85,90,65,100,0,2,1,90,85,100,95,100,55,0,100,0,25,95,100,90,100,90,100,90,95
p00021,Measurement & modeling (2),Male,1940,White / Caucasian,High school diploma / GED,"$30,000 to $55,999",Independent,25,35,40,35,35,25,40,30,35,45,30,50,55,40,40,40,45,40,40,45,75,30,90,50,0,2,65,40,60,40,30,10,10,10,25,20,65,30,85,45,25,90,50,75
p00022,High public trust,Female,1997,White / Caucasian,High school diploma / GED,"$30,000 to $55,999",Republican,60,30,15,20,20,10,45,50,55,25,40,55,80,15,55,10,30,10,50,45,55,10,30,15,1,2,20,25,10,40,25,10,55,20,40,20,15,45,15,50,75,50,20,75
p00023,control,Female,1973,White / Caucasian,Some college or Associate's degree,"$56,000 to $99,999",Republican,45,15,30,75,25,50,30,35,15,45,55,55,70,50,35,35,10,65,65,55,55,75,55,90,2,2,60,15,35,10,55,60,55,45,10,70,40,55,65,45,25,50,55,45
p00024,Measurement & modeling (2),Male,1997,Black / African American,High school diploma / GED,"$56,000 to $99,999",Democrat,55,0,25,55,100,90,80,85,75,75,60,75,95,45,45,40,100,25,65,100,70,65,100,0,1,2,80,75,100,70,85,60,30,55,5,0,70,0,65,95,55,55,70,20
p00025,control,Male,1960,Other,Less than high school,"Less than $30,000",Democrat,15,15,42,35,77,46,53,47,16,52,41,21,81,50,49,26,36,29,54,62,66,52,30,21,0,2,55,48,17,75,54,8,19,71,36,54,25,67,74,57,83,44,46,51
p00026,control,Male,1995,Hispanic / Latino,Some college or Associate's degree,"$168,000 or more",Democrat,73,80,82,83,89,87,89,78,69,85,86,89,81,84,59,77,59,81,79,72,85,62,79,9,2,1,80,83,84,80,66,75,42,88,75,25,81,76,90,91,92,61,83,76
p00027,Interview Prof. Maraun,Female,1988,Black / African American,Bachelor's degree,"$100,000 to $167,999",Democrat,75,70,40,50,5,65,100,85,100,100,95,100,100,100,100,70,45,60,90,90,90,95,75,20,3,2,95,90,85,85,95,70,100,65,95,100,100,100,100,100,100,100,95,95
p00028,Portrait Prof. Cherry,Male,1990,Hispanic / Latino,High school diploma / GED,"Less than $30,000",Democrat,80,100,80,90,80,80,90,70,70,40,70,90,90,10,70,60,90,70,70,90,70,40,90,30,2,2,50,40,70,60,50,100,80,90,40,80,90,50,80,40,90,80,30,40
p00029,Interview Prof. Maraun,Female,1955,White / Caucasian,High school diploma / GED,"$30,000 to $55,999",Democrat,50,40,30,50,100,60,50,40,80,70,60,50,50,60,20,60,40,80,10,50,40,80,70,10,6,2,10,100,30,30,10,30,10,0,10,10,70,60,30,20,40,40,80,30
p00030,Oil industry misinformation,Female,1979,Hispanic / Latino,Some college or Associate's degree,"Less than $30,000",Democrat,85,48,43,58,57,60,89,76,74,42,77,57,78,52,68,73,49,73,88,77,70,83,44,10,1,2,77,82,85,75,89,34,72,56,90,17,89,90,86,81,77,84,77,92
p00031,Interview Prof. Sebille,Male,1966,Hispanic / Latino,Bachelor's degree,"$56,000 to $99,999",Democrat,50,55,45,80,60,80,85,55,90,50,45,50,80,30,80,40,75,85,50,45,65,55,90,10,0,2,55,60,20,40,45,65,70,60,55,50,80,45,65,60,80,75,55,70
p00032,Measurement & modeling (2),Female,1991,Asian / Asian American,Master's degree / Professional degree,"$100,000 to $167,999",Democrat,90,90,100,100,90,100,100,100,90,80,100,100,100,100,100,100,90,90,90,80,90,100,90,0,10,2,100,100,90,90,100,100,100,90,90,100,100,100,80,100,90,100,100,100
p00033,control,Female,1950,Black / African American,Some college or Associate's degree,"$30,000 to $55,999",Democrat,100,80,0,60,30,30,50,20,80,70,70,70,60,100,70,80,100,70,60,20,90,50,100,10,5,2,90,80,90,60,50,40,50,50,80,60,100,50,50,100,100,90,90,80
p00034,Scientist community helpers,Male,1985,Black / African American,Some college or Associate's degree,"$100,000 to $167,999",Democrat,80,65,80,75,60,40,70,50,60,80,50,85,80,85,85,40,85,70,90,65,80,85,75,20,6,1,80,65,75,50,30,90,60,15,20,90,60,55,25,35,75,65,65,75
p00035,Consensus,Male,1980,Black / African American,Bachelor's degree,"$56,000 to $99,999",Democrat,45,50,90,70,70,70,60,45,85,70,25,75,70,45,65,70,90,60,85,65,80,75,25,45,9,2,80,75,90,55,15,85,55,55,65,45,30,45,90,70,65,85,85,65
p00036,Interview Prof. Maraun,Female,1997,White / Caucasian,High school diploma / GED,"Less than $30,000",Democrat,80,80,90,85,80,60,90,75,75,70,45,85,85,50,90,65,90,85,85,75,80,75,80,20,2,2,85,90,90,65,40,80,80,90,70,75,85,90,85,65,90,90,80,75
p00037,Oil industry misinformation,Female,1993,White / Caucasian,High school diploma / GED,"Less than $30,000",Republican,75,50,55,5,50,60,75,75,40,40,60,35,60,80,60,75,30,90,55,60,80,30,65,30,3,2,45,35,45,35,25,25,90,55,15,75,55,55,50,35,70,50,35,30
p00038,Extreme weather predictions,Male,1989,White / Caucasian,High school diploma / GED,"$100,000 to $167,999",Republican,35,10,30,40,65,35,35,40,35,25,25,10,20,20,15,20,25,30,35,55,35,75,30,20,1,2,25,40,40,25,55,25,15,10,20,45,80,45,35,55,35,50,75,65
p00039,Measurement & modeling (2),Male,1970,White / Caucasian,High school diploma / GED,"$56,000 to $99,999",Democrat,95,100,95,85,100,100,100,90,95,100,90,100,90,100,90,100,100,60,70,90,65,30,100,10,3,2,65,90,75,30,60,70,40,50,50,40,85,80,100,100,95,60,90,70
p00040,Interview Prof. Maraun,Female,1988,Other,Bachelor's degree,"$100,000 to $167,999",Republican,50,0,10,40,80,10,0,0,0,50,40,20,30,10,80,100,60,0,50,70,60,80,70,40,3,2,40,90,50,0,60,40,20,50,70,20,80,30,10,20,0,40,40,100
p00041,High public trust,Male,1949,White / Caucasian,Some college or Associate's degree,"$56,000 to $99,999",Independent,0,10,60,30,70,10,60,40,30,30,40,80,10,40,50,70,60,30,50,70,40,90,90,0,0,2,50,80,40,30,90,60,70,80,70,30,50,50,70,60,60,70,60,60
p00042,Portrait Prof. Cherry,Female,1969,Black / African American,High school diploma / GED,"Less than $30,000",Democrat,87,98,82,100,100,100,87,86,100,52,100,84,100,0,0,76,66,75,77,80,73,63,65,79,1,1,73,79,79,66,23,44,88,28,17,26,46,92,43,75,94,75,73,75
p00043,control,Female,1981,Hispanic / Latino,Bachelor's degree,"$168,000 or more",Democrat,20,55,40,55,40,65,75,70,70,45,65,35,25,80,65,35,65,45,25,60,60,75,65,10,2,2,60,45,70,60,45,85,90,70,85,40,25,60,50,50,45,65,90,45
p00044,Peer-review,Male,1957,White / Caucasian,Some college or Associate's degree,"$30,000 to $55,999",Republican,65,55,70,80,65,5,40,25,45,35,30,45,0,10,35,90,25,50,60,55,65,40,65,35,10,2,65,15,45,15,20,0,10,5,50,35,25,50,30,5,50,60,40,25
p00045,control,Male,1955,White / Caucasian,Master's degree / Professional degree,"Less than $30,000",Republican,30,10,50,50,40,40,40,20,60,10,30,60,20,60,40,20,50,50,30,70,20,20,90,20,0,2,20,10,60,10,10,50,10,10,30,20,20,20,20,50,10,80,10,10
p00046,Corporate reliance,Male,1998,White / Caucasian,Master's degree / Professional degree,"$100,000 to $167,999",Democrat,80,30,70,90,70,90,60,80,90,40,90,40,50,90,80,90,40,80,90,80,70,90,80,40,3,2,80,90,60,90,50,70,70,50,70,50,40,40,50,80,80,40,80,60
p00047,Interview Prof. Maraun,Female,1995,White / Caucasian,Some college or Associate's degree,"$30,000 to $55,999",Republican,10,20,30,20,30,20,50,60,40,20,20,30,30,60,20,30,50,30,70,30,70,60,50,10,3,2,40,70,60,40,80,40,40,40,50,80,70,60,40,70,60,70,70,70
p00048,Former skeptics,Male,2006,Asian / Asian American,High school diploma / GED,"$56,000 to $99,999",Republican,80,5,60,25,15,10,0,55,0,70,75,55,45,100,100,0,20,80,50,20,35,40,45,0,1,2,0,10,0,5,60,100,0,5,80,75,0,5,40,25,5,0,40,30
p00049,control,Male,1979,Black / African American,High school diploma / GED,"Less than $30,000",Republican,0,45,40,70,65,25,90,85,85,15,45,15,60,35,10,25,40,80,20,55,20,30,35,85,3,2,70,10,35,45,50,40,60,35,15,10,5,25,70,65,75,55,100,60
p00050,Former skeptics,Female,1961,White / Caucasian,High school diploma / GED,"$30,000 to $55,999",Democrat,50,75,75,75,25,50,25,100,25,50,75,50,75,50,50,25,75,50,75,50,50,75,75,50,0,2,50,75,75,50,25,50,0,25,50,50,50,50,75,75,25,50,25,50
p00051,Measurement & modeling (1),Male,1946,White / Caucasian,Master's degree / Professional degree,"$30,000 to $55,999",Independent,70,80,80,90,80,35,65,60,90,65,75,85,40,90,75,65,90,85,100,80,75,80,95,45,3,2,90,70,75,90,70,65,80,100,60,80,95,85,90,45,90,55,100,60
p00052,Scientist community helpers,Female,1987,White / Caucasian,Master's degree / Professional degree,"$56,000 to $99,999",Independent,65,90,40,90,70,70,60,65,80,80,75,75,85,45,75,65,75,35,75,65,60,90,60,10,0,1,25,35,45,40,50,80,55,50,75,65,45,20,50,85,35,65,35,70
p00053,Scientist community helpers,Female,1999,Other,High school diploma / GED,"$30,000 to $55,999",Democrat,0,30,50,50,40,40,40,40,30,50,30,70,80,40,40,80,60,50,100,100,100,80,60,50,5,2,90,100,70,60,60,60,70,60,70,40,90,90,90,100,100,90,90,90
p00054,Model accuracy,Female,1968,Black / African American,Bachelor's degree,"$56,000 to $99,999",Democrat,90,68,66,82,89,100,80,69,47,92,46,88,47,50,72,63,85,77,82,48,93,42,81,26,1,2,97,87,90,19,9,70,90,71,100,65,70,39,57,100,70,64,66,100
p00055,Oil industry misinformation,Female,1981,Hispanic / Latino,Some college or Associate's degree,"$30,000 to $55,999",Democrat,70,60,100,90,100,80,70,100,100,100,40,90,80,90,100,90,100,100,70,80,70,70,90,0,4,1,100,80,40,70,70,80,40,70,70,60,60,80,80,70,100,50,100,100
p00056,Corporate reliance,Male,1991,White / Caucasian,Some college or Associate's degree,"Less than $30,000",Democrat,90,80,90,80,80,90,80,65,90,65,70,75,80,65,45,70,65,60,65,35,85,90,75,15,5,2,75,50,90,90,45,65,90,55,60,60,45,75,60,55,80,50,60,70
p00057,Interview Prof. Sebille,Female,1984,White / Caucasian,Bachelor's degree,"$100,000 to $167,999",Republican,60,60,20,20,20,90,10,20,80,50,10,80,10,60,40,30,50,50,70,30,60,50,20,20,3,2,20,60,40,50,40,50,50,20,50,50,20,20,40,30,10,0,80,40
p00058,Funding,Male,1992,White / Caucasian,Some college or Associate's degree,"Less than $30,000",Democrat,90,100,90,80,70,50,80,80,40,60,60,100,90,70,80,80,50,80,90,90,80,90,100,80,4,2,100,80,80,80,90,50,60,0,10,90,90,90,90,80,80,70,80,100
p00059,High public trust,Female,1969,White / Caucasian,Doctorate degree / Ph.D.,"$100,000 to $167,999",Democrat,70,60,90,10,65,75,75,45,70,50,70,50,10,45,85,80,70,45,50,80,45,60,20,40,4,2,85,85,80,40,40,40,75,45,80,45,50,50,90,90,70,80,75,80
p00060,Portrait Prof. Cherry,Female,1999,White / Caucasian,Some college or Associate's degree,"$30,000 to $55,999",Democrat,55,60,80,70,85,75,80,70,80,85,90,85,70,45,60,35,60,80,60,85,90,75,70,20,8,2,90,90,80,80,65,60,45,70,90,60,75,55,90,60,85,50,85,80
p00061,Extreme weather predictions,Female,1970,White / Caucasian,Bachelor's degree,"$168,000 or more",Democrat,45,60,30,100,80,100,5,95,30,45,100,55,90,15,40,25,80,40,85,55,55,55,70,40,4,2,20,70,95,85,60,15,50,0,30,45,75,95,75,100,65,25,45,70
p00062,Interview Prof. Maraun,Male,1985,White / Caucasian,Some college or Associate's degree,"$56,000 to $99,999",Democrat,90,100,60,100,90,90,70,100,80,100,90,20,100,90,80,90,20,0,30,70,70,90,80,30,8,2,70,70,80,20,60,70,100,20,30,0,70,90,70,70,20,20,90,80
p00063,Oil industry misinformation,Male,1998,White / Caucasian,High school diploma / GED,"$30,000 to $55,999",Republican,10,10,10,40,35,80,45,30,15,10,45,20,15,30,10,55,55,10,60,35,50,25,15,10,1,2,70,35,55,25,15,30,20,15,30,55,55,50,35,55,65,30,15,75
p00064,Portrait Prof. Cherry,Female,2003,Other,Some college or Associate's degree,"$168,000 or more",Democrat,84,99,88,90,96,89,99,86,90,66,88,80,99,74,95,65,48,99,27,64,53,76,92,16,9,1,88,78,64,99,95,82,82,99,100,64,69,66,84,76,26,41,57,68
p00065,Social justice,Male,2000,Hispanic / Latino,Some college or Associate's degree,"$30,000 to $55,999",Republican,30,30,10,20,20,30,70,20,90,40,50,10,50,20,10,40,50,20,60,90,20,80,70,80,8,2,30,40,50,30,30,50,20,10,60,80,60,60,40,50,60,30,50,20
p00066,Model accuracy,Male,1985,White / Caucasian,Bachelor's degree,"Less than $30,000",Democrat,70,90,80,90,80,80,70,70,80,70,80,90,80,80,40,80,90,80,80,90,80,90,80,20,10,2,80,90,80,90,80,90,70,80,30,80,70,70,50,80,70,80,90,70
p00067,Funding,Male,1991,Hispanic / Latino,Less than high school,"Less than $30,000",Democrat,60,95,45,80,95,30,65,25,60,80,20,35,35,65,40,50,80,5,85,55,45,100,25,10,1,2,90,95,90,20,10,65,65,35,85,70,65,85,80,90,80,65,95,85
p00068,Model accuracy,Female,1972,White / Caucasian,Some college or Associate's degree,"$56,000 to $99,999",Republican,52,71,76,52,27,40,39,28,52,73,55,57,86,56,84,36,14,43,29,20,87,70,36,51,0,2,26,60,40,48,67,23,49,74,34,57,31,68,54,86,64,46,33,56
p00069,Peer-review,Female,1966,Black / African American,Master's degree / Professional degree,"$30,000 to $55,999",Democrat,70,95,40,30,55,25,30,70,80,30,30,0,60,65,60,55,70,75,95,65,75,80,55,10,6,1,85,65,80,95,50,80,70,35,60,80,75,60,100,60,80,90,80,90
p00070,Portrait Prof. Cherry,Female,1966,White / Caucasian,Bachelor's degree,"$30,000 to $55,999",Republican,75,55,30,90,50,40,15,10,75,80,75,55,25,35,50,15,70,55,75,40,80,45,85,90,5,2,70,10,55,20,60,90,20,15,60,10,25,70,50,30,55,60,45,60
p00071,High public trust,Female,1957,White / Caucasian,High school diploma / GED,"$100,000 to $167,999",Democrat,25,15,60,40,15,15,60,90,25,80,20,55,65,55,35,80,45,45,95,75,60,50,5,10,3,2,60,75,75,70,85,10,30,75,50,55,40,50,75,45,45,90,70,20
p00072,High public trust,Female,1958,White / Caucasian,Bachelor's degree,"$56,000 to $99,999",Democrat,85,70,70,70,75,90,60,85,80,90,85,80,85,80,70,65,70,60,90,70,95,80,85,35,7,1,95,90,100,50,85,70,90,85,95,60,95,65,90,40,85,95,65,50
p00073,Measurement & modeling (1),Female,1978,Black / African American,Master's degree / Professional degree,"$56,000 to $99,999",Democrat,75,75,45,70,90,75,60,90,75,75,85,50,80,90,65,75,90,80,80,60,80,60,80,40,0,2,85,55,70,80,50,30,40,50,85,65,70,85,70,85,40,65,80,90
p00074,Peer-review,Female,1960,White / Caucasian,Doctorate degree / Ph.D.,"$30,000 to $55,999",Republican,55,80,40,90,90,30,55,50,45,50,50,75,40,10,45,45,75,45,10,25,40,75,65,10,2,2,20,30,15,10,15,20,10,15,20,15,30,35,50,55,60,20,20,60
p00075,Consensus,Male,1961,White / Caucasian,Master's degree / Professional degree,"$100,000 to $167,999",Republican,45,30,30,25,10,75,55,40,20,30,45,45,25,75,60,25,10,50,35,20,20,55,55,15,0,2,45,15,45,15,25,40,35,35,10,45,15,20,35,20,15,20,10,20
p00076,Portrait Prof. Cherry,Female,2007,White / Caucasian,Some college or Associate's degree,"$30,000 to $55,999",Democrat,80,90,50,40,70,80,60,70,40,90,80,90,90,90,90,70,60,60,60,70,50,90,70,20,9,2,80,90,50,70,60,80,80,90,70,90,70,70,50,70,70,80,80,80
p00077,Social justice,Male,2007,Black / African American,Less than high school,"Less than $30,000",Democrat,90,10,50,50,90,45,50,30,65,55,95,65,50,55,20,45,25,40,85,70,85,85,35,90,8,2,85,95,75,60,20,90,70,35,85,15,85,90,80,80,85,80,95,90
p00078,control,Female,1957,Black / African American,High school diploma / GED,"Less than $30,000",Democrat,53,16,24,28,29,13,92,26,47,38,47,35,83,36,16,37,89,31,47,79,82,81,20,27,2,2,42,82,92,77,19,21,14,10,22,20,67,72,71,80,78,63,81,77
p00079,Portrait Prof. Cherry,Male,1973,White / Caucasian,Some college or Associate's degree,"$100,000 to $167,999",Republican,50,50,50,50,100,50,75,50,50,25,50,50,50,75,25,50,75,75,50,50,75,50,75,50,6,1,50,25,25,75,50,25,25,50,50,50,50,75,75,50,50,50,50,75
p00081,Measurement & modeling (1),Female,1997,White / Caucasian,Bachelor's degree,"$100,000 to $167,999",Democrat,75,80,80,80,60,90,65,90,80,90,80,80,90,75,65,70,75,80,80,70,85,80,85,20,9,1,85,70,85,80,55,60,90,65,85,90,80,90,85,85,80,80,80,85
p00082,Oil industry misinformation,Male,1974,White / Caucasian,High school diploma / GED,"$168,000 or more",Democrat,80,80,90,80,40,60,70,40,40,60,90,60,80,30,80,90,80,80,80,90,80,90,100,100,4,2,100,90,80,70,40,60,40,0,90,0,100,90,90,100,90,70,100,90
p00083,Model accuracy,Male,1961,White / Caucasian,Some college or Associate's degree,"$56,000 to $99,999",Republican,50,80,80,50,80,50,40,50,40,50,60,70,100,30,0,30,30,20,80,30,50,40,90,0,1,2,50,30,60,50,0,20,60,20,10,10,0,80,60,30,30,30,90,80
p00084,Portrait Prof. Cherry,Male,1948,White / Caucasian,High school diploma / GED,"Less than $30,000",Democrat,25,55,55,55,35,65,50,45,60,75,75,70,15,15,45,65,70,40,85,45,55,50,10,20,2,2,55,85,55,60,20,60,10,50,30,15,55,90,75,20,55,60,20,65
p00085,Measurement & modeling (1),Female,1992,Hispanic / Latino,Master's degree / Professional degree,"$56,000 to $99,999",Democrat,80,90,90,100,100,100,80,90,100,100,90,100,60,90,90,70,90,90,50,80,100,90,100,0,8,1,60,80,90,60,100,100,100,100,90,100,80,80,40,100,100,100,50,40
p00086,control,Male,1987,White / Caucasian,Less than high school,"$100,000 to $167,999",Republican,20,20,40,30,60,40,60,50,50,10,30,60,30,30,10,40,40,10,50,10,50,30,10,60,0,2,10,30,10,20,30,20,40,30,40,40,10,30,20,30,50,30,20,10
p00087,Measurement & modeling (2),Male,1998,Black / African American,High school diploma / GED,"$100,000 to $167,999",Republican,50,35,25,0,5,5,10,75,15,5,35,40,55,60,25,25,15,15,5,70,5,30,25,60,0,2,15,10,70,50,30,0,0,10,5,10,30,95,40,65,10,0,30,35
p00088,Extreme weather predictions,Male,1998,White / Caucasian,Bachelor's degree,"$30,000 to $55,999",Democrat,74,66,85,100,92,41,100,100,46,31,58,99,55,98,61,85,77,29,78,100,20,17,92,0,3,2,2,93,80,41,50,61,58,16,75,1,80,70,37,27,53,49,82,33
p00089,Former skeptics,Male,1958,Asian / Asian American,High school diploma / GED,"$100,000 to $167,999",Democrat,65,65,80,55,65,55,60,85,65,65,80,80,85,75,80,75,75,70,80,65,90,70,75,25,6,2,70,65,65,90,65,90,40,45,40,70,35,55,35,90,75,70,90,85
p00091,Interview Prof. Sebille,Female,1963,White / Caucasian,High school diploma / GED,"$56,000 to $99,999",Republican,0,10,10,0,10,0,0,100,30,20,40,40,0,20,0,10,50,20,0,10,40,30,40,40,0,2,20,20,70,20,20,10,20,10,10,10,70,30,40,20,40,30,20,20
p00092,Peer-review,Male,1981,Hispanic / Latino,High school diploma / GED,"Less than $30,000",Democrat,70,40,70,50,35,30,70,55,55,55,45,75,90,60,45,55,25,30,70,65,75,80,30,45,3,1,90,80,75,90,30,35,40,20,55,45,90,60,80,85,65,80,80,75
p00093,Oil industry misinformation,Female,1974,White / Caucasian,Master's degree / Professional degree,"$56,000 to $99,999",Democrat,90,100,60,60,90,70,100,100,40,20,40,50,40,70,90,90,90,100,100,90,80,30,40,10,1,2,100,100,80,90,0,80,70,80,80,20,80,100,10,60,60,50,40,100
p00094,Scientist community helpers,Male,1989,White / Caucasian,High school diploma / GED,"Less than $30,000",Republican,85,65,75,75,80,80,90,85,85,40,80,85,90,35,65,90,50,75,35,60,50,30,70,20,4,2,40,20,15,65,20,20,15,15,20,70,60,70,35,55,75,50,45,35
p00095,Corporate reliance,Male,2005,White / Caucasian,High school diploma / GED,"$56,000 to $99,999",Independent,10,10,20,20,30,0,0,50,10,10,0,0,40,20,10,30,10,10,50,10,50,40,10,70,1,2,30,30,30,40,20,20,30,40,40,30,40,30,30,40,30,10,40,50
p00096,Interview Prof. Sebille,Male,1998,Asian / Asian American,Bachelor's degree,"$100,000 to $167,999",Republican,60,80,100,80,80,80,80,60,90,90,80,100,90,50,60,60,40,60,90,90,90,100,90,10,3,2,70,100,90,90,40,50,70,50,60,60,70,90,80,100,70,90,80,100
p00097,Interview Prof. Maraun,Female,2005,White / Caucasian,Bachelor's degree,"$168,000 or more",Independent,90,90,90,90,80,90,80,90,90,80,80,90,90,80,90,80,90,80,80,90,90,90,90,10,3,2,80,90,80,90,80,30,40,90,90,80,80,80,90,80,90,90,90,80
p00098,Interview Prof. Sebille,Female,1951,White / Caucasian,High school diploma / GED,"Less than $30,000",Republican,40,50,40,50,30,20,50,30,40,50,20,70,70,50,40,40,30,30,30,60,60,40,50,20,1,2,40,30,50,30,0,10,30,20,10,0,50,50,60,30,30,50,40,20
p00099,Measurement & modeling (1),Female,1946,White / Caucasian,Master's degree / Professional degree,"$56,000 to $99,999",Democrat,83,90,90,88,91,99,59,67,91,95,96,92,91,92,66,74,87,66,86,92,96,91,99,24,10,2,52,96,60,80,51,76,25,83,42,20,96,100,93,91,85,92,96,98
p00100,Scientist community helpers,Female,1956,Black / African American,Bachelor's degree,"$30,000 to $55,999",Democrat,70,100,90,100,90,70,100,90,90,60,100,90,100,100,80,90,90,100,90,80,100,100,100,10,0,2,100,80,90,80,60,0,20,100,80,60,80,80,90,70,50,40,70,100
p00101,Corporate reliance,Female,2006,Other,Bachelor's degree,"$56,000 to $99,999",Democrat,75,90,90,80,80,85,80,90,80,75,90,90,90,85,85,90,80,85,75,85,75,90,75,20,10,2,85,80,90,75,80,90,85,75,90,75,85,80,65,90,90,85,85,90
p00102,Corporate reliance,Male,2004,White / Caucasian,Less than high school,"Less than $30,000",Democrat,70,80,95,90,45,70,80,75,35,55,70,70,85,50,80,40,85,85,90,100,90,85,35,50,1,2,75,100,85,100,75,100,25,55,45,35,90,90,90,90,100,100,100,90
p00103,control,Male,1997,White / Caucasian,Bachelor's degree,"$168,000 or more",Independent,82,81,65,92,92,73,60,68,59,58,66,52,85,89,59,64,45,63,50,80,68,77,84,14,4,2,70,46,64,44,31,50,23,33,9,56,89,86,55,89,91,32,81,59
p00104,High public trust,Female,1971,White / Caucasian,High school diploma / GED,"$30,000 to $55,999",Republican,87,62,32,25,78,29,41,36,50,47,24,37,16,69,41,25,37,50,49,47,44,90,46,47,0,2,36,22,22,20,48,23,12,16,73,11,19,11,16,39,58,33,37,36
p00105,Interview Prof. Maraun,Female,1987,White / Caucasian,Some college or Associate's degree,"$100,000 to $167,999",Republican,40,30,40,30,30,35,35,10,25,5,30,10,10,20,5,0,55,5,55,25,35,40,20,15,0,2,35,20,5,15,5,35,0,65,5,55,5,15,20,5,35,15,5,45
p00106,Interview Prof. Sebille,Female,1999,White / Caucasian,Less than high school,"Less than $30,000",Independent,5,85,10,20,10,15,25,35,80,5,70,15,40,50,20,45,20,40,65,75,55,70,5,5,0,2,55,0,10,35,30,50,85,50,65,5,60,55,65,65,65,50,50,45
p00107,Former skeptics,Male,1958,White / Caucasian,Bachelor's degree,"$100,000 to $167,999",Democrat,100,60,100,70,90,70,70,100,70,90,70,100,60,40,50,60,70,50,60,60,70,80,100,30,4,2,80,50,80,70,60,40,60,50,60,10,50,70,80,70,80,40,80,70
p00108,Model accuracy,Male,1978,White / Caucasian,High school diploma / GED,"$100,000 to $167,999",Republican,40,10,10,40,0,30,0,60,90,10,20,20,0,60,30,20,10,60,10,20,80,40,30,10,3,2,40,60,100,0,50,90,50,30,50,90,20,30,40,30,10,10,10,10
p00109,Extreme weather predictions,Female,1975,White / Caucasian,Bachelor's degree,"$100,000 to $167,999",Republican,50,70,65,60,55,35,85,85,80,55,20,75,60,10,55,55,80,35,90,85,65,50,25,45,0,2,55,45,25,55,15,15,25,35,85,35,25,30,50,40,75,25,75,50
p00110,Extreme weather predictions,Male,1954,White / Caucasian,High school diploma / GED,"$100,000 to $167,999",Republican,10,0,10,30,10,0,20,10,30,60,20,30,20,0,0,10,10,60,70,40,60,30,0,70,2,1,20,20,40,30,0,60,0,0,30,0,0,70,50,30,30,0,40,20
p00111,Consensus,Female,1967,White / Caucasian,Some college or Associate's degree,"$100,000 to $167,999",Republican,65,100,44,91,78,76,88,68,40,30,52,76,20,80,82,26,83,48,59,87,8,0,54,5,6,2,0,11,83,7,0,53,24,47,77,52,6,33,7,5,100,0,0,0
p00112,Corporate reliance,Male,1973,White / Caucasian,Bachelor's degree,"$100,000 to $167,999",Republican,80,80,70,80,90,80,80,80,60,40,80,80,70,60,60,80,30,40,40,70,70,70,90,10,9,2,80,70,50,30,70,70,90,60,50,40,80,20,50,70,50,40,60,60
p00113,Interview Prof. Sebille,Male,1997,White / Caucasian,Less than high school,"Less than $30,000",Independent,10,0,0,20,10,0,0,5,20,45,20,50,50,35,40,15,55,15,80,30,70,60,20,55,0,2,25,50,35,70,15,35,15,10,5,0,20,25,30,55,10,5,70,40
p00114,Funding,Female,1966,White / Caucasian,Some college or Associate's degree,"$56,000 to $99,999",Republican,5,55,45,50,85,50,25,55,25,100,75,20,25,10,20,5,0,30,50,40,30,100,35,95,2,2,70,0,40,25,15,20,10,5,15,30,0,55,85,75,40,55,5,40
p00115,Interview Prof. Maraun,Female,1941,White / Caucasian,High school diploma / GED,"$30,000 to $55,999",Republican,35,35,30,10,40,55,50,15,15,10,35,10,35,10,10,20,30,15,30,20,10,30,30,15,7,2,30,40,30,70,10,20,10,10,45,25,15,30,25,20,30,55,65,15
p00116,control,Male,2004,Hispanic / Latino,Some college or Associate's degree,"$30,000 to $55,999",Democrat,80,40,50,70,60,60,70,70,60,70,70,80,90,40,60,70,30,60,80,80,70,90,60,40,8,2,70,100,70,60,80,90,90,90,40,100,90,60,90,80,100,90,100,100
p00117,Former skeptics,Female,1974,Black / African American,High school diploma / GED,"$100,000 to $167,999",Republican,50,45,60,85,55,50,55,45,100,75,75,80,100,80,50,90,65,70,10,50,0,35,75,0,7,2,35,25,35,25,0,35,75,10,45,80,40,80,0,75,25,85,0,30
p00118,Funding,Female,1946,White / Caucasian,High school diploma / GED,"$30,000 to $55,999",Democrat,75,35,40,65,90,40,45,30,60,55,45,35,85,75,75,70,40,55,70,60,75,75,70,10,3,2,60,10,55,90,20,80,25,45,55,85,50,70,85,30,40,75,50,70
p00119,Funding,Female,1983,White / Caucasian,Bachelor's degree,"$100,000 to $167,999",Republican,30,75,50,95,35,65,70,35,5,65,45,45,75,80,40,50,85,45,50,15,80,45,80,65,6,2,30,50,60,50,45,65,85,65,80,40,30,90,70,85,55,90,30,75
p00120,control,Male,1951,White / Caucasian,Less than high school,"Less than $30,000",Republican,0,0,75,5,5,0,50,0,5,35,65,0,25,10,30,15,35,0,100,25,50,10,15,15,0,2,25,0,15,0,15,15,35,0,0,85,35,20,30,25,45,30,30,40
p00121,Oil industry misinformation,Female,1955,White / Caucasian,High school diploma / GED,"$56,000 to $99,999",Democrat,60,10,20,30,20,10,40,10,30,30,40,40,40,40,50,60,10,60,20,50,30,40,30,60,2,2,50,20,20,50,30,10,0,40,30,10,40,30,80,40,30,50,60,20
p00122,Peer-review,Male,1951,White / Caucasian,Some college or Associate's degree,"$30,000 to $55,999",Democrat,87,93,95,84,80,90,89,88,80,91,82,95,88,82,60,59,73,90,49,83,46,44,90,78,3,2,64,51,26,76,4,39,19,14,22,11,26,50,48,22,43,27,73,68
p00123,Oil industry misinformation,Male,1975,Black / African American,Less than high school,"Less than $30,000",Democrat,70,100,35,10,95,10,30,0,30,35,0,25,65,55,80,55,75,35,30,70,85,70,30,50,2,2,100,65,55,70,35,0,10,20,95,5,85,45,65,65,15,45,65,90
p00125,Measurement & modeling (1),Male,1956,Black / African American,Some college or Associate's degree,"Less than $30,000",Democrat,50,95,75,65,90,35,80,85,90,60,80,55,80,60,70,95,95,85,90,80,85,15,95,10,3,2,15,90,80,100,55,55,60,0,45,95,45,85,0,95,90,65,90,85
p00126,control,Female,2001,White / Caucasian,Master's degree / Professional degree,"$168,000 or more",Democrat,60,90,75,50,100,95,100,90,75,60,90,85,80,95,60,95,65,65,85,60,80,90,50,10,7,1,90,85,85,95,60,70,75,100,90,95,85,80,90,85,90,40,95,95
p00127,Measurement & modeling (2),Male,1966,Hispanic / Latino,Some college or Associate's degree,"Less than $30,000",Republican,50,90,55,70,50,55,40,15,40,85,20,90,45,65,25,50,30,35,20,15,30,45,25,25,2,2,0,5,5,35,30,100,50,0,25,10,45,20,70,25,15,50,5,65
p00128,control,Female,1990,Hispanic / Latino,Less than high school,"$56,000 to $99,999",Republican,19,8,16,16,11,19,14,20,19,10,10,11,9,20,22,21,15,15,16,17,22,14,8,12,10,2,19,20,23,18,30,36,31,11,13,37,31,21,29,32,12,13,9,18
p00129,Interview Prof. Maraun,Female,1984,White / Caucasian,High school diploma / GED,"$30,000 to $55,999",Democrat,35,85,65,90,80,55,100,80,60,45,65,75,80,40,35,65,60,40,55,50,90,90,45,85,7,2,95,90,95,90,80,95,90,50,95,95,50,95,65,90,65,45,65,80
p00130,Portrait Prof. Cherry,Female,1975,Black / African American,Less than high school,"Less than $30,000",Independent,5,100,85,95,70,35,100,55,40,65,60,65,100,55,80,70,45,80,40,75,100,80,40,20,1,1,30,100,25,70,90,20,70,25,60,80,65,15,45,80,10,75,95,60
p00131,Peer-review,Female,1994,White / Caucasian,Some college or Associate's degree,"$56,000 to $99,999",Republican,55,80,60,30,50,50,25,75,70,35,35,15,55,65,40,55,75,65,90,50,50,40,55,65,6,1,80,20,70,30,55,20,65,35,50,30,35,90,35,65,90,35,50,70
p00132,Consensus,Male,1974,White / Caucasian,High school diploma / GED,"Less than $30,000",Republican,40,50,0,0,20,50,0,20,80,50,30,40,60,50,30,10,70,0,10,40,0,40,40,10,0,1,30,70,0,10,10,50,10,20,40,30,50,50,30,20,60,0,50,30
p00133,control,Female,1964,White / Caucasian,Some college or Associate's degree,"$56,000 to $99,999",Republican,35,40,50,30,65,80,80,60,0,45,20,30,35,25,100,35,25,70,75,55,45,25,60,20,0,2,40,25,5,40,70,40,75,30,70,75,50,50,30,35,65,5,60,15
p00134,Oil industry misinformation,Male,1986,White / Caucasian,High school diploma / GED,"$30,000 to $55,999",Democrat,62,91,44,88,68,33,42,78,66,61,82,49,92,84,80,89,89,41,25,56,63,58,91,30,2,2,95,40,62,22,92,56,67,21,8,72,60,37,32,47,41,87,97,72
p00135,Former skeptics,Female,1991,Hispanic / Latino,Master's degree / Professional degree,"$100,000 to $167,999",Democrat,80,60,80,60,80,80,80,40,50,90,40,90,30,50,50,80,80,90,90,80,80,80,60,40,5,1,60,80,90,90,80,80,80,90,80,80,90,90,90,80,80,80,80,80
p00136,Interview Prof. Maraun,Female,1987,White / Caucasian,High school diploma / GED,"Less than $30,000",Independent,20,50,0,0,50,20,10,10,30,40,0,20,90,30,50,40,40,40,90,70,60,20,40,20,2,2,90,70,50,50,0,40,10,10,50,70,60,80,20,70,80,70,90,40
p00137,Peer-review,Male,1955,Black / African American,Some college or Associate's degree,"$56,000 to $99,999",Democrat,100,100,75,100,100,100,70,75,80,65,65,40,50,95,65,75,55,20,85,40,5,60,55,30,4,2,60,70,75,80,50,50,15,80,50,40,80,45,25,45,55,80,30,55
p00138,Interview Prof. Maraun,Female,1946,White / Caucasian,Some college or Associate's degree,"$30,000 to $55,999",Republican,35,5,40,20,5,15,30,15,15,45,60,35,5,20,0,45,5,85,5,5,30,55,35,10,1,2,40,10,10,40,10,65,0,40,75,5,60,20,55,55,75,20,95,5
p00139,Funding,Male,1958,White / Caucasian,Less than high school,"Less than $30,000",Republican,30,50,40,30,40,30,20,30,10,50,30,40,0,10,90,40,20,100,20,50,60,60,20,40,2,2,60,0,20,30,10,10,10,10,50,0,90,30,40,40,20,70,40,50
p00140,High public trust,Male,1953,White / Caucasian,Less than high school,"$56,000 to $99,999",Republican,50,35,25,35,25,55,5,60,30,90,60,50,15,25,15,5,0,10,10,10,0,20,20,40,0,2,5,20,25,5,35,25,35,45,25,5,40,45,0,15,5,5,15,55
p00141,Interview Prof. Sebille,Female,1973,Black / African American,Some college or Associate's degree,"$56,000 to $99,999",Democrat,92,83,75,65,74,76,59,49,61,91,69,70,62,65,47,74,88,44,75,60,88,90,88,36,9,1,88,75,89,62,66,85,66,43,62,35,87,69,79,88,67,66,78,61
p00143,Interview Prof. Sebille,Male,1955,White / Caucasian,Doctorate degree / Ph.D.,"$100,000 to $167,999",Democrat,90,90,90,80,90,90,80,90,80,90,80,80,80,80,90,90,90,80,90,90,90,80,90,10,7,2,70,90,80,90,80,30,50,30,20,80,80,80,80,60,90,80,80,80
p00144,Consensus,Male,1965,White / Caucasian,High school diploma / GED,"Less than $30,000",Republican,50,50,20,15,95,5,50,5,90,25,25,0,20,20,45,40,40,20,70,55,55,30,40,15,2,2,45,40,25,35,5,20,55,40,15,20,25,45,35,70,50,35,60,50
p00145,control,Female,1997,Other,Master's degree / Professional degree,"$56,000 to $99,999",Democrat,80,70,90,60,80,90,80,70,80,90,70,90,60,80,80,60,70,60,90,90,40,70,60,10,10,1,90,80,80,90,90,70,40,80,90,90,80,80,80,60,80,90,80,90
p00146,control,Female,2000,White / Caucasian,Bachelor's degree,"$56,000 to $99,999",Republican,50,30,0,80,70,30,100,60,70,50,40,80,100,60,80,100,50,50,90,70,100,40,100,70,1,2,80,20,90,70,80,20,0,40,0,0,60,80,30,90,70,90,90,100
p00147,Funding,Male,2002,White / Caucasian,Less than high school,"Less than $30,000",Independent,65,60,5,45,65,45,50,0,75,80,65,85,85,80,75,0,95,75,50,60,45,90,70,25,1,2,30,90,65,5,0,20,65,60,80,45,85,35,95,85,100,85,90,90
p00148,Measurement & modeling (2),Male,1999,White / Caucasian,Bachelor's degree,"$30,000 to $55,999",Republican,55,45,30,45,55,55,50,75,35,85,45,85,55,35,35,25,45,40,50,35,45,45,20,80,0,2,65,10,25,10,35,10,10,15,45,90,55,65,25,85,55,65,45,65
p00149,High public trust,Female,1974,White / Caucasian,Some college or Associate's degree,"$100,000 to $167,999",Democrat,5,50,95,60,95,70,95,95,60,40,45,95,80,50,70,90,95,95,70,100,100,65,95,10,4,2,95,90,100,80,95,75,90,90,90,85,90,90,65,55,75,45,60,85
p00150,Oil industry misinformation,Female,1971,White / Caucasian,Some college or Associate's degree,"$56,000 to $99,999",Republican,10,50,30,30,10,40,40,10,30,40,0,40,10,40,30,0,20,20,80,10,50,40,60,40,8,2,30,40,0,10,60,50,60,70,70,90,0,30,40,20,70,30,10,30
p00151,Scientist community helpers,Male,1958,White / Caucasian,High school diploma / GED,"$30,000 to $55,999",Republican,5,5,10,15,5,45,65,10,50,5,40,5,60,25,25,10,35,20,15,20,20,15,25,15,1,2,15,15,20,35,25,20,15,60,0,20,25,10,10,10,95,20,85,35
p00152,Portrait Prof. Cherry,Male,1946,White / Caucasian,High school diploma / GED,"Less than $30,000",Democrat,75,70,31,59,27,75,27,90,54,41,71,41,91,60,38,46,54,59,50,64,60,53,37,75,0,2,67,54,49,25,45,91,39,38,33,14,56,47,74,63,66,75,43,53
p00153,Peer-review,Female,2002,White / Caucasian,Some college or Associate's degree,"$56,000 to $99,999",Democrat,40,60,40,60,80,60,30,40,70,20,50,70,90,60,40,30,50,30,60,60,70,70,40,50,5,2,80,40,60,70,70,80,70,50,10,30,40,70,50,80,40,50,70,70
p00154,Scientist community helpers,Male,2007,White / Caucasian,Some college or Associate's degree,"$100,000 to $167,999",Democrat,100,70,90,100,65,65,60,95,90,80,40,70,85,50,80,95,80,65,90,100,90,95,80,60,7,1,95,100,95,95,75,95,90,40,75,100,100,50,75,85,90,90,95,80
p00155,Measurement & modeling (2),Male,1994,White / Caucasian,Master's degree / Professional degree,"$100,000 to $167,999",Republican,30,35,75,40,30,50,35,5,50,40,55,50,25,40,45,55,35,15,30,60,30,65,25,0,2,2,25,25,40,50,90,20,0,35,30,30,20,35,40,55,50,35,25,55
p00156,Scientist community helpers,Female,1946,White / Caucasian,Less than high school,"$30,000 to $55,999",Independent,20,35,20,10,25,40,55,30,40,55,55,15,50,55,10,80,50,10,65,75,70,55,20,30,4,2,50,85,30,45,20,40,35,55,30,15,70,40,45,15,35,55,90,50
p00157,Peer-review,Male,1971,White / Caucasian,Master's degree / Professional degree,"$100,000 to $167,999",Democrat,30,20,90,100,90,70,100,80,70,90,30,30,90,100,100,100,100,90,40,90,100,90,90,10,7,2,90,100,80,80,90,70,70,60,40,100,100,70,100,100,80,100,80,100
p00158,Interview Prof. Sebille,Male,1965,White / Caucasian,Some college or Associate's degree,"$56,000 to $99,999",Republican,60,100,20,90,100,70,40,80,20,80,70,10,70,40,50,0,10,50,30,10,0,10,100,40,2,2,20,0,10,20,30,40,0,30,50,0,80,10,10,10,0,10,0,0
p00160,Extreme weather predictions,Female,2003,Black / African American,High school diploma / GED,"$100,000 to $167,999",Democrat,81,72,83,83,95,87,90,55,76,95,88,94,95,96,98,61,86,99,82,49,50,81,92,76,10,2,98,94,70,89,92,96,90,62,92,98,82,25,71,92,80,4,95,49
p00161,Interview Prof. Maraun,Male,1988,White / Caucasian,Master's degree / Professional degree,"$168,000 or more",Republican,85,80,85,85,95,70,65,75,50,65,85,30,50,60,90,60,65,40,10,25,95,95,50,85,1,2,80,55,20,85,25,45,60,55,50,30,40,10,15,30,55,10,30,0
p00162,Oil industry misinformation,Male,1946,Asian / Asian American,Master's degree / Professional degree,"$168,000 or more",Republican,90,50,60,10,40,20,0,20,0,20,20,60,0,0,0,0,40,60,10,20,60,20,50,60,3,2,40,80,10,50,20,0,10,0,0,0,50,0,0,10,10,0,0,0
p00163,control,Male,1971,Hispanic / Latino,Some college or Associate's degree,"$56,000 to $99,999",Democrat,75,100,75,75,100,50,50,75,100,0,100,75,50,75,25,100,25,75,75,75,100,75,75,75,6,2,100,75,100,75,25,75,25,25,25,50,75,75,75,100,25,100,75,75
p00164,Consensus,Female,2006,Other,Some college or Associate's degree,"$30,000 to $55,999",Democrat,80,80,80,70,80,80,80,90,80,80,90,60,90,80,70,90,80,90,90,90,80,70,70,20,9,2,80,90,90,80,90,90,90,80,80,80,80,80,90,80,80,80,90,80
p00165,Interview Prof. Maraun,Female,2007,Hispanic / Latino,Less than high school,"$30,000 to $55,999",Independent,25,35,40,30,50,25,35,35,30,10,40,35,90,50,60,20,30,40,50,25,60,30,20,35,2,2,85,40,45,65,50,55,30,45,35,45,65,25,75,75,55,45,70,65
p00166,Measurement & modeling (1),Female,1975,Hispanic / Latino,Bachelor's degree,"$100,000 to $167,999",Republican,85,90,85,75,95,60,50,65,50,75,100,65,85,35,85,55,90,85,70,75,60,70,85,0,4,2,75,95,70,65,55,95,50,60,35,30,65,65,55,70,70,45,40,80
p00167,Extreme weather predictions,Male,1982,White / Caucasian,Some college or Associate's degree,"$30,000 to $55,999",Republican,70,45,25,55,65,65,50,15,65,55,70,10,25,35,25,50,30,40,15,40,10,20,50,50,1,2,25,50,25,45,55,35,45,50,50,75,15,10,15,10,25,15,30,15
p00168,Former skeptics,Female,1946,White / Caucasian,High school diploma / GED,"$100,000 to $167,999",Republican,25,25,0,75,25,0,25,25,25,25,50,50,25,25,25,0,25,25,75,75,25,50,25,75,4,2,75,50,0,25,25,75,50,0,25,25,25,75,50,50,25,50,50,50
p00169,Oil industry misinformation,Male,1968,Asian / Asian American,High school diploma / GED,"$168,000 or more",Independent,70,100,40,60,80,70,100,50,100,90,90,80,70,100,60,80,50,80,80,80,80,20,80,30,0,2,40,30,50,100,80,10,60,100,0,80,80,100,60,80,20,90,70,80
p00170,Portrait Prof. Cherry,Male,1965,White / Caucasian,Some college or Associate's degree,"$56,000 to $99,999",Democrat,60,20,80,30,80,80,30,70,100,70,70,40,60,80,80,70,80,60,60,20,100,100,70,0,3,2,20,100,30,70,60,100,100,80,30,60,10,70,20,80,70,100,60,70
p00171,Extreme weather predictions,Female,2007,White / Caucasian,Some college or Associate's degree,"$56,000 to $99,999",Republican,90,70,80,70,70,90,40,70,50,70,50,50,60,90,50,50,10,70,90,70,90,70,10,30,9,2,40,50,60,80,80,90,50,60,80,60,70,40,30,50,50,50,90,40
p00172,Scientist community helpers,Male,1952,Black / African American,Master's degree / Professional degree,"$168,000 or more",Democrat,80,49,49,56,68,77,62,68,80,62,91,43,9,91,91,47,83,89,83,79,85,85,56,34,9,2,63,76,55,55,83,91,86,88,78,82,89,76,92,79,79,36,85,83
p00173,Measurement & modeling (2),Female,1988,White / Caucasian,High school diploma / GED,"$100,000 to $167,999",Republican,50,70,50,100,100,0,50,20,60,40,100,50,40,50,10,30,20,0,60,40,60,100,50,10,0,2,20,30,100,20,30,40,0,60,50,100,40,30,30,70,60,50,100,40
p00174,control,Female,1984,White / Caucasian,Some college or Associate's degree,"$100,000 to $167,999",Independent,90,90,60,40,70,65,95,90,50,95,50,90,50,50,55,50,65,60,40,30,75,25,100,30,1,2,80,45,85,75,55,15,35,30,0,50,35,100,40,60,55,95,95,85
p00175,High public trust,Male,1946,White / Caucasian,High school diploma / GED,"$56,000 to $99,999",Republican,60,70,60,50,40,60,40,60,60,40,30,60,80,50,0,50,50,20,60,10,10,90,0,20,2,2,20,20,10,10,30,0,20,70,70,70,20,40,60,70,90,50,0,30
p00176,Measurement & modeling (1),Male,1996,White / Caucasian,High school diploma / GED,"Less than $30,000",Independent,70,60,80,70,90,90,80,80,70,80,80,60,90,80,90,60,90,90,50,60,80,80,80,20,10,2,90,70,80,90,70,80,90,60,80,80,80,60,80,90,70,80,80,90
p00177,Social justice,Male,1985,White / Caucasian,Some college or Associate's degree,"$100,000 to $167,999",Democrat,90,80,90,90,75,80,75,90,90,90,80,90,85,80,90,80,80,85,60,90,80,60,85,25,10,1,85,85,75,90,75,85,80,75,90,85,80,90,85,75,85,90,70,80
p00178,Portrait Prof. Cherry,Female,2006,White / Caucasian,High school diploma / GED,"Less than $30,000",Republican,50,20,10,30,50,80,60,30,50,60,50,50,30,60,40,30,40,40,10,20,20,40,90,70,2,2,10,60,40,10,40,50,40,20,20,40,10,20,10,20,20,10,40,10
p00179,Peer-review,Female,1958,White / Caucasian,High school diploma / GED,"$30,000 to $55,999",Republican,10,60,20,80,30,20,0,80,10,30,0,30,0,10,40,20,30,20,30,0,40,70,10,0,1,1,60,10,30,10,0,10,0,20,60,30,60,0,0,0,20,20,10,0
p00180,High public trust,Female,1980,Black / African American,High school diploma / GED,"$30,000 to $55,999",Democrat,50,70,70,50,70,60,60,90,60,60,70,70,90,60,60,50,60,60,60,50,70,40,80,10,5,1,60,90,90,80,10,80,80,70,80,80,80,80,80,80,90,80,80,80
p00181,Former skeptics,Female,2006,White / Caucasian,Some college or Associate's degree,"$100,000 to $167,999",Democrat,70,70,50,70,60,40,60,60,90,20,50,50,60,80,80,60,80,80,70,30,30,80,30,10,7,1,50,90,80,50,80,80,70,30,80,80,40,90,70,80,80,30,80,80
p00182,Portrait Prof. Cherry,Female,1964,Asian / Asian American,Less than high school,"Less than $30,000",Republican,20,40,34,24,2,28,12,35,1,6,31,30,59,28,31,12,22,44,51,59,39,54,31,25,2,1,30,7,6,9,27,25,20,9,27,39,26,26,38,2,24,69,9,36
p00183,Peer-review,Female,1981,Asian / Asian American,Some college or Associate's degree,"$168,000 or more",Democrat,42,53,45,29,46,61,28,54,11,73,27,65,42,33,41,42,51,44,65,87,69,56,42,26,3,2,88,92,84,84,62,69,37,59,42,81,73,80,68,87,85,63,43,88
p00184,Portrait Prof. Cherry,Female,2008,Asian / Asian American,High school diploma / GED,"$30,000 to $55,999",Republican,35,15,70,35,40,90,10,20,15,50,10,75,65,60,55,35,85,70,65,90,10,40,20,25,9,1,60,35,25,45,40,15,60,25,25,55,20,75,55,65,40,70,70,50
p00185,Peer-review,Female,1946,White / Caucasian,Master's degree / Professional degree,"$56,000 to $99,999",Democrat,90,50,70,50,60,50,50,70,90,50,80,80,50,20,90,40,60,80,60,30,90,40,90,10,7,2,80,10,70,80,70,50,40,50,20,70,40,70,80,70,70,90,80,60
p00186,Former skeptics,Female,1974,Black / African American,Master's degree / Professional degree,"$100,000 to $167,999",Democrat,90,90,70,70,100,70,100,20,80,10,100,100,90,90,50,100,70,90,90,90,100,70,80,0,1,2,90,90,90,80,70,70,50,60,40,90,90,90,70,100,90,70,90,90
p00187,Portrait Prof. Cherry,Male,1999,White / Caucasian,Master's degree / Professional degree,"$56,000 to $99,999",Democrat,85,65,75,90,95,80,60,55,90,90,45,50,45,100,100,100,80,65,85,60,80,85,100,10,6,2,75,65,70,20,80,60,85,45,45,70,70,95,50,70,20,35,65,80
p00188,Model accuracy,Male,2005,Hispanic / Latino,Some college or Associate's degree,"$30,000 to $55,999",Democrat,80,85,75,70,85,60,60,65,70,55,30,80,35,75,85,35,55,55,50,40,60,50,80,10,6,2,75,85,75,75,60,50,30,35,80,55,60,60,55,45,85,60,45,90
p00190,Measurement & modeling (1),Male,1968,White / Caucasian,Bachelor's degree,"$100,000 to $167,999",Democrat,60,50,75,55,80,75,85,90,55,50,60,60,70,45,45,45,55,55,85,80,85,90,85,25,10,1,40,90,50,35,80,75,60,75,10,60,90,80,80,65,90,80,70,65
p00191,High public trust,Female,1997,Other,Less than high school,"$30,000 to $55,999",Democrat,70,65,75,30,85,50,55,80,85,55,85,60,75,55,80,75,80,85,75,60,60,75,60,70,10,2,90,75,75,70,80,60,80,80,65,60,90,80,80,80,75,80,60,75
p00192,Former skeptics,Female,1989,Hispanic / Latino,High school diploma / GED,"Less than $30,000",Democrat,20,15,25,20,20,15,15,15,10,15,20,10,65,30,20,10,10,10,85,45,75,65,10,20,6,2,60,90,75,80,25,70,55,45,50,55,80,75,50,55,85,55,75,75
p00193,Interview Prof. Sebille,Male,1961,White / Caucasian,Some college or Associate's degree,"$56,000 to $99,999",Republican,100,75,75,25,75,100,50,25,75,75,75,50,0,75,0,25,75,50,25,0,75,75,0,75,0,2,75,100,0,50,50,75,0,0,75,100,100,50,0,50,50,25,50,75
p00194,Consensus,Female,1993,Hispanic / Latino,High school diploma / GED,"$30,000 to $55,999",Democrat,60,60,60,65,45,65,80,85,90,70,85,85,75,85,90,75,60,80,60,10,45,90,90,10,2,2,85,90,75,80,30,50,90,25,35,20,80,45,65,55,85,75,90,60
p00195,control,Male,1952,Hispanic / Latino,Bachelor's degree,"$56,000 to $99,999",Republican,4,15,25,25,1,28,30,0,6,14,13,0,30,34,23,11,21,17,49,25,55,16,0,0,3,2,54,30,7,3,15,3,5,0,0,0,17,16,32,30,18,25,1,21
p00196,Portrait Prof. Cherry,Female,1963,Black / African American,Some college or Associate's degree,"Less than $30,000",Democrat,50,90,60,90,40,40,60,50,50,70,90,80,80,70,90,30,70,50,10,90,40,90,30,70,2,2,80,70,20,90,70,60,90,40,80,50,20,80,70,80,50,90,30,70
p00197,Former skeptics,Male,1992,White / Caucasian,High school diploma / GED,"Less than $30,000",Republican,90,80,70,50,60,60,80,50,20,70,40,60,90,10,10,30,50,30,60,60,50,60,70,20,10,2,10,30,90,40,10,20,20,40,30,20,30,60,20,80,90,40,30,10
p00198,High public trust,Female,1967,White / Caucasian,Bachelor's degree,"$100,000 to $167,999",Republican,75,66,59,74,64,55,65,62,87,46,71,34,45,47,47,33,27,33,55,75,74,49,78,40,0,2,30,35,41,34,40,50,36,33,38,35,49,50,41,34,57,52,26,54
p00199,Model accuracy,Male,1998,Hispanic / Latino,Some college or Associate's degree,"$56,000 to $99,999",Democrat,100,100,100,100,100,100,75,50,75,100,75,100,100,75,100,100,75,75,75,75,100,100,75,0,3,2,100,100,75,75,75,75,25,50,75,100,50,100,100,50,100,75,75,100
p00200,Extreme weather predictions,Male,1995,Hispanic / Latino,High school diploma / GED,"Less than $30,000",Democrat,90,40,55,85,65,55,85,100,30,50,45,80,100,80,80,65,50,25,70,100,0,5,100,10,4,2,100,75,90,55,40,25,40,75,70,95,20,100,45,90,85,65,45,25
p00201,Consensus,Male,1946,White / Caucasian,Bachelor's degree,"$100,000 to $167,999",Republican,88,61,78,85,91,90,68,86,81,78,81,89,75,28,80,61,67,79,73,89,78,91,81,12,2,1,36,8,14,16,58,22,37,8,10,24,18,34,15,9,14,37,57,26
p00202,Interview Prof. Sebille,Male,1960,White / Caucasian,Bachelor's degree,"$100,000 to $167,999",Democrat,80,80,90,80,80,80,80,60,90,80,80,40,80,70,80,60,80,90,90,80,80,80,70,20,2,2,90,80,80,70,90,80,80,80,90,80,70,80,90,90,90,50,90,90
p00203,Measurement & modeling (2),Male,1983,White / Caucasian,High school diploma / GED,"Less than $30,000",Independent,40,25,20,5,25,100,5,35,35,35,0,35,25,25,30,45,30,35,25,40,45,5,10,35,6,2,50,80,60,20,75,70,75,60,55,15,55,100,5,50,80,50,60,45
p00204,Model accuracy,Male,2002,White / Caucasian,Some college or Associate's degree,"$56,000 to $99,999",Republican,70,20,85,30,60,65,35,40,85,100,40,0,40,55,85,20,35,95,65,35,95,50,65,40,6,2,55,80,35,85,50,35,65,85,45,70,85,95,80,5,80,45,30,60
p00205,Consensus,Male,1978,White / Caucasian,Bachelor's degree,"$56,000 to $99,999",Republican,90,70,90,45,80,65,30,20,40,40,5,25,45,5,10,100,90,60,45,5,25,50,85,15,4,2,90,45,65,75,20,40,20,35,95,50,50,40,25,40,60,15,55,55
p00206,Measurement & modeling (1),Male,1976,White / Caucasian,Bachelor's degree,"$100,000 to $167,999",Democrat,55,65,90,90,90,85,60,35,80,55,80,85,90,85,90,80,80,50,85,60,70,60,80,15,0,2,80,90,70,80,60,70,80,75,65,65,45,70,90,90,80,70,70,60
p00207,Consensus,Female,1961,White / Caucasian,High school diploma / GED,"$30,000 to $55,999",Republican,35,65,25,30,40,60,55,35,85,40,15,50,50,75,20,15,45,90,60,20,45,65,55,85,2,2,70,20,10,75,35,25,25,10,35,70,20,35,70,55,90,25,60,90
p00208,Consensus,Male,1990,White / Caucasian,Bachelor's degree,"$100,000 to $167,999",Democrat,80,90,85,85,65,85,50,60,90,50,80,55,75,65,70,50,65,60,85,85,90,80,80,25,8,1,90,90,85,75,75,55,70,25,70,80,85,90,85,80,90,70,80,80
p00209,Interview Prof. Sebille,Male,1989,White / Caucasian,Bachelor's degree,"$56,000 to $99,999",Republican,95,25,40,100,55,95,65,40,80,45,95,60,45,40,40,90,0,0,0,75,0,40,40,5,2,1,5,20,5,55,75,10,5,100,0,20,55,10,90,50,15,60,5,55
p00210,control,Female,1990,White / Caucasian,High school diploma / GED,"$56,000 to $99,999",Republican,90,40,70,10,30,40,20,90,80,60,70,70,80,50,0,40,10,10,0,10,60,50,70,80,1,2,70,50,60,0,90,40,20,10,10,10,50,40,50,0,70,70,40,40
p00211,Portrait Prof. Cherry,Male,1957,Black / African American,High school diploma / GED,"$30,000 to $55,999",Democrat,50,50,0,50,50,50,75,75,75,50,25,50,75,25,50,75,50,75,50,75,25,75,25,25,5,2,50,50,50,75,50,75,75,75,50,75,25,75,25,50,50,75,75,75
p00212,Oil industry misinformation,Female,1995,Black / African American,Bachelor's degree,"$100,000 to $167,999",Democrat,80,80,80,80,90,90,80,90,80,80,80,60,80,60,80,60,70,90,80,90,90,60,80,10,1,1,90,80,90,90,60,50,80,90,40,90,80,80,80,80,80,80,70,80
p00213,Interview Prof. Maraun,Male,1999,Other,Bachelor's degree,"$30,000 to $55,999",Democrat,65,90,60,65,90,65,80,95,90,95,75,85,90,80,100,100,90,85,95,90,95,95,90,25,7,1,55,80,100,100,95,60,45,85,65,85,85,75,100,95,90,65,95,65
p00214,Oil industry misinformation,Female,1969,White / Caucasian,High school diploma / GED,"$56,000 to $99,999",Democrat,90,80,60,85,90,90,90,90,80,90,65,75,85,75,90,60,60,45,65,70,80,70,90,10,6,2,75,75,75,50,80,65,25,75,45,55,60,60,85,40,30,35,65,80
p00215,Funding,Male,2004,White / Caucasian,Some college or Associate's degree,"Less than $30,000",Republican,80,85,85,50,75,50,75,80,85,85,90,80,85,55,20,55,80,85,15,10,20,20,85,20,7,2,25,50,20,45,20,85,30,65,70,70,30,20,10,15,50,25,10,85
p00216,Funding,Male,1998,Black / African American,Some college or Associate's degree,"Less than $30,000",Democrat,47,49,70,62,24,62,83,65,88,43,53,73,80,69,27,61,8,36,92,78,88,85,71,57,4,2,92,81,76,91,88,26,45,71,63,52,73,90,86,81,86,83,89,79
p00217,Portrait Prof. Cherry,Female,1998,White / Caucasian,High school diploma / GED,"Less than $30,000",Republican,50,55,25,25,25,25,50,35,30,45,30,30,10,60,30,35,80,35,55,30,40,30,20,25,0,2,45,85,40,25,25,55,55,65,45,55,50,30,45,20,60,40,70,15
p00218,Measurement & modeling (1),Male,1937,White / Caucasian,Bachelor's degree,"$30,000 to $55,999",Democrat,44,75,77,76,68,96,77,76,61,48,90,61,47,75,61,71,42,76,82,44,64,81,46,56,1,2,75,56,69,72,36,54,26,35,34,60,97,85,51,80,55,75,45,76
p00219,Model accuracy,Female,2004,Black / African American,Some college or Associate's degree,"$30,000 to $55,999",Democrat,80,70,80,70,80,80,80,80,90,80,70,80,60,40,80,30,70,50,90,80,70,70,80,10,4,2,80,90,80,90,40,80,60,30,90,80,70,50,80,60,80,60,90,80
p00220,High public trust,Female,1946,Asian / Asian American,High school diploma / GED,"Less than $30,000",Democrat,60,90,85,65,90,85,90,90,70,55,90,80,80,80,70,70,75,70,75,85,75,75,50,10,3,2,80,80,65,65,50,70,50,10,70,70,90,90,65,90,60,65,80,70
p00221,Extreme weather predictions,Female,1972,White / Caucasian,Some college or Associate's degree,"$30,000 to $55,999",Democrat,90,80,60,50,80,80,20,60,80,70,40,60,30,80,30,80,0,20,90,30,90,60,60,70,5,1,80,50,80,100,60,80,100,40,40,20,50,90,70,100,100,60,70,90
p00222,Social justice,Male,1999,White / Caucasian,Bachelor's degree,"$30,000 to $55,999",Republican,39,12,65,73,53,22,40,19,64,63,88,68,57,37,26,64,56,88,47,57,40,31,62,87,0,2,38,20,23,16,31,58,49,30,17,30,14,12,25,45,89,26,33,41
p00223,Model accuracy,Male,1956,White / Caucasian,Bachelor's degree,"$56,000 to $99,999",Republican,60,90,60,80,60,80,80,90,90,70,90,60,90,70,20,60,80,40,30,20,20,30,90,10,2,2,30,70,20,50,10,10,30,70,60,70,10,20,10,60,50,30,40,40
p00224,Measurement & modeling (2),Female,1991,Hispanic / Latino,Some college or Associate's degree,"Less than $30,000",Democrat,80,55,90,90,75,65,70,75,50,85,90,65,30,85,90,85,85,80,75,80,65,90,90,20,5,1,55,80,55,15,90,45,90,55,80,50,45,60,75,25,75,70,75,30
p00225,Oil industry misinformation,Male,1978,White / Caucasian,High school diploma / GED,"$100,000 to $167,999",Republican,60,70,60,20,20,40,30,30,60,80,60,20,60,30,20,30,50,20,70,30,10,40,60,50,4,1,50,40,30,10,50,30,20,20,70,50,20,20,30,50,40,10,40,50
p00226,Corporate reliance,Male,2001,Hispanic / Latino,Bachelor's degree,"$100,000 to $167,999",Democrat,53,63,43,42,65,68,75,54,78,72,85,41,64,78,66,72,92,83,70,76,83,54,60,68,6,2,32,70,71,80,12,91,62,90,76,91,78,70,79,79,60,14,76,67
p00227,Interview Prof. Maraun,Male,2003,Black / African American,Bachelor's degree,"Less than $30,000",Democrat,100,100,100,100,87,98,66,88,97,98,87,95,76,81,98,85,100,98,69,90,72,88,42,11,9,2,76,92,100,99,85,95,91,100,94,82,93,87,93,81,96,100,55,99
p00228,Extreme weather predictions,Female,1997,White / Caucasian,High school diploma / GED,"Less than $30,000",Democrat,55,40,10,15,55,40,25,70,25,45,55,50,60,50,30,20,80,20,90,75,85,65,55,10,4,1,85,75,55,65,35,60,80,30,10,20,70,85,75,75,90,45,70,65
p00229,Model accuracy,Male,1961,White / Caucasian,Bachelor's degree,"$56,000 to $99,999",Republican,45,20,10,45,50,50,75,55,20,65,55,80,50,55,45,30,35,35,30,50,20,65,50,70,6,1,25,15,10,10,15,35,35,25,40,25,45,45,55,10,35,25,25,30
p00230,Measurement & modeling (2),Male,1960,White / Caucasian,Less than high school,"$100,000 to $167,999",Republican,40,80,50,70,50,80,70,100,50,70,80,100,50,60,70,50,20,80,30,60,30,0,100,0,2,2,30,20,10,60,0,10,0,20,0,20,80,30,60,40,30,10,80,40
p00231,Former skeptics,Male,1982,Black / African American,High school diploma / GED,"Less than $30,000",Democrat,30,80,60,70,80,20,50,30,30,70,40,50,60,40,60,60,10,70,80,90,70,80,80,90,1,2,90,60,80,90,30,50,60,40,60,50,80,70,90,70,60,70,80,70
p00232,Model accuracy,Male,1966,White / Caucasian,High school diploma / GED,"$56,000 to $99,999",Democrat,0,5,20,45,35,35,80,65,80,40,75,70,15,10,25,40,35,20,55,80,95,40,30,10,2,2,100,65,60,60,30,30,15,20,35,55,80,80,45,65,60,50,70,45
p00233,Model accuracy,Female,1978,White / Caucasian,Master's degree / Professional degree,"$168,000 or more",Republican,70,80,70,60,90,90,60,50,60,40,90,40,80,40,80,60,60,70,50,10,50,20,70,20,3,2,50,30,20,80,30,50,50,30,90,10,10,10,30,50,60,60,30,40
p00234,Oil industry misinformation,Female,1992,White / Caucasian,High school diploma / GED,"Less than $30,000",Republican,5,75,10,5,40,5,55,70,45,10,0,30,20,10,5,10,5,5,40,20,55,35,15,65,0,2,20,10,15,5,35,50,50,10,35,5,15,45,25,10,10,35,45,30
p00235,Corporate reliance,Female,1953,White / Caucasian,Bachelor's degree,"$56,000 to $99,999",Democrat,50,40,50,80,90,90,50,70,50,60,40,50,90,50,90,70,70,70,90,70,80,90,40,40,10,1,70,60,70,70,90,70,80,60,70,100,60,0,60,50,80,80,80,60
p00236,Corporate reliance,Male,1951,Hispanic / Latino,High school diploma / GED,"Less than $30,000",Republican,34,1,45,45,22,10,19,28,21,33,8,8,59,15,18,26,0,33,36,74,72,32,6,22,6,1,49,13,5,46,42,17,14,15,18,3,90,16,39,35,21,74,29,12
p00237,control,Female,2008,Hispanic / Latino,High school diploma / GED,"Less than $30,000",Democrat,85,100,80,85,85,100,100,90,85,90,100,90,90,95,90,95,90,100,95,95,60,95,100,20,6,2,100,70,90,100,90,100,95,75,95,95,95,65,90,95,90,100,95,100
p00238,Oil industry misinformation,Female,2005,White / Caucasian,Some college or Associate's degree,"$30,000 to $55,999",Democrat,70,100,75,100,95,35,85,70,65,95,95,95,85,70,55,75,70,50,95,85,90,80,65,35,6,2,85,90,95,90,80,95,95,80,100,95,60,90,80,85,85,85,85,65
p00239,Interview Prof. Maraun,Female,1954,White / Caucasian,High school diploma / GED,"$56,000 to $99,999",Republican,0,0,25,25,0,0,0,0,0,0,50,25,0,0,50,0,0,0,50,50,50,50,0,50,3,1,50,50,25,50,25,0,25,0,25,25,50,50,50,50,50,50,50,50
p00240,Portrait Prof. Cherry,Male,1985,Hispanic / Latino,High school diploma / GED,"$56,000 to $99,999",Democrat,50,60,65,50,90,80,95,100,20,55,50,60,85,55,40,95,75,10,90,95,95,95,65,40,8,2,85,95,95,80,100,65,50,65,50,75,90,95,90,65,95,100,65,100
p00241,Former skeptics,Male,1955,White / Caucasian,Some college or Associate's degree,"Less than $30,000",Republican,27,40,34,41,36,28,47,55,32,86,56,25,46,56,33,46,32,46,13,22,8,10,27,49,0,2,52,14,19,26,22,9,9,32,22,37,17,17,18,54,8,38,20,12
p00242,Measurement & modeling (2),Male,1962,Black / African American,Less than high school,"Less than $30,000",Democrat,60,0,10,30,10,20,40,90,20,10,30,40,90,40,70,30,40,50,100,70,100,100,60,20,2,2,100,30,70,60,30,10,20,40,20,10,60,90,40,80,80,80,90,100
p00243,Consensus,Female,1966,White / Caucasian,High school diploma / GED,"$56,000 to $99,999",Republican,35,40,70,20,65,35,30,15,15,35,50,55,15,25,60,20,20,15,25,20,75,70,20,45,2,2,10,10,25,15,10,65,45,65,85,15,60,30,20,35,60,20,25,55
p00244,control,Male,2008,Asian / Asian American,Some college or Associate's degree,"$100,000 to $167,999",Democrat,95,100,85,100,100,100,80,85,70,95,90,100,85,60,100,75,80,5,95,50,65,85,95,10,5,2,60,100,70,25,70,90,65,65,95,20,95,5,95,70,50,25,0,60
p00245,Portrait Prof. Cherry,Male,2002,White / Caucasian,Bachelor's degree,"Less than $30,000",Independent,65,95,65,95,60,85,100,100,100,80,95,95,85,70,75,75,70,65,85,90,95,85,90,10,3,2,90,85,90,95,50,50,50,55,25,45,80,90,85,100,80,80,85,70
p00246,Extreme weather predictions,Male,1958,White / Caucasian,Some college or Associate's degree,"Less than $30,000",Republican,40,50,70,50,40,90,30,40,50,70,60,20,40,40,60,90,10,80,10,70,50,60,90,30,8,2,80,30,10,20,40,50,30,10,10,10,60,20,60,30,10,30,40,90
p00247,control,Female,1980,Asian / Asian American,Bachelor's degree,"$56,000 to $99,999",Democrat,28,49,19,89,46,67,29,51,29,82,97,76,10,58,47,17,27,16,97,95,76,46,47,57,3,2,62,98,64,86,15,27,68,54,21,23,87,66,76,86,88,74,91,48
p00248,Portrait Prof. Cherry,Female,1946,White / Caucasian,High school diploma / GED,"$30,000 to $55,999",Democrat,50,100,60,65,50,40,100,70,45,0,55,45,50,65,60,55,95,50,45,55,20,55,55,0,0,2,55,40,55,80,40,45,45,90,20,60,20,50,55,40,70,45,65,55
p00249,Measurement & modeling (1),Male,1970,White / Caucasian,Bachelor's degree,"$56,000 to $99,999",Democrat,90,95,85,85,40,95,50,90,100,60,100,80,45,100,95,55,90,60,100,75,65,45,75,5,6,2,90,70,70,70,40,65,10,70,95,10,100,80,60,90,100,70,85,80
p00250,Interview Prof. Maraun,Female,1976,Hispanic / Latino,Bachelor's degree,"$56,000 to $99,999",Democrat,90,90,80,100,100,100,100,60,90,90,100,20,90,90,80,100,60,100,60,20,100,100,100,0,5,2,100,60,80,80,100,90,90,20,50,100,90,100,100,100,60,40,50,100
p00251,Consensus,Female,1963,Black / African American,High school diploma / GED,"$56,000 to $99,999",Democrat,55,35,0,75,20,25,35,90,30,5,15,10,15,25,5,70,25,80,100,60,80,65,10,5,2,2,65,60,100,85,65,25,50,15,35,60,45,75,65,80,75,90,95,95
p00252,High public trust,Male,1976,Hispanic / Latino,Some college or Associate's degree,"$56,000 to $99,999",Democrat,30,50,50,50,70,30,40,40,40,80,70,50,50,70,30,20,40,60,70,60,70,40,20,50,2,2,50,60,80,90,70,50,40,60,70,90,80,90,40,80,70,60,80,70
p00253,High public trust,Female,1952,Hispanic / Latino,Less than high school,"Less than $30,000",Democrat,70,90,60,20,80,20,60,60,80,100,0,100,100,80,40,70,90,40,10,60,20,40,100,60,1,1,60,40,100,80,20,60,40,30,60,70,100,60,0,90,40,100,70,90
p00254,Consensus,Male,1971,White / Caucasian,High school diploma / GED,"$30,000 to $55,999",Republican,70,40,45,75,65,80,35,65,45,15,65,40,65,80,65,30,65,50,60,10,75,35,45,75,0,2,15,15,45,35,30,70,15,30,40,10,10,15,10,10,25,20,20,15
p00255,Extreme weather predictions,Female,2002,White / Caucasian,Bachelor's degree,"$30,000 to $55,999",Democrat,92,100,100,97,88,95,82,100,99,91,99,86,100,89,91,92,100,87,100,100,83,91,90,2,9,2,86,85,73,100,61,85,24,97,29,100,97,85,100,93,86,93,100,89
p00256,Measurement & modeling (1),Female,1986,Hispanic / Latino,Master's degree / Professional degree,"$56,000 to $99,999",Independent,90,70,80,70,70,80,45,60,65,80,50,60,80,80,70,85,90,65,65,60,75,50,65,10,7,2,85,40,50,50,45,70,65,45,70,70,45,50,45,85,55,70,85,55
p00257,Former skeptics,Female,1967,Asian / Asian American,Some college or Associate's degree,"$56,000 to $99,999",Democrat,40,0,5,20,65,30,30,35,40,40,35,40,80,65,60,35,40,35,100,100,85,100,40,80,4,2,85,90,100,70,75,75,65,70,25,35,100,100,90,100,85,95,100,80
p00258,Portrait Prof. Cherry,Male,1976,Hispanic / Latino,Some college or Associate's degree,"$56,000 to $99,999",Republican,70,95,35,55,40,50,60,65,95,50,95,50,45,25,75,85,65,55,45,5,15,50,55,10,1,2,0,40,75,60,40,55,35,40,25,50,30,90,50,80,60,5,20,60
p00259,Former skeptics,Male,1968,White / Caucasian,Master's degree / Professional degree,"$100,000 to $167,999",Democrat,50,80,60,80,90,80,100,90,70,40,50,70,90,50,20,80,50,80,30,50,80,60,100,0,1,2,60,30,80,50,50,70,90,20,40,80,100,100,20,80,50,70,60,80
p00260,Scientist community helpers,Female,1975,White / Caucasian,Some college or Associate's degree,"$30,000 to $55,999",Democrat,40,70,80,70,50,70,90,40,90,60,30,40,10,50,70,80,90,40,30,40,0,70,80,50,6,2,80,30,30,20,20,20,10,10,20,10,40,10,40,30,90,70,40,20
p00261,Funding,Male,2000,White / Caucasian,Bachelor's degree,"$100,000 to $167,999",Republican,100,70,70,100,90,70,90,80,100,70,100,90,50,70,10,20,0,10,60,20,70,60,90,0,2,1,70,80,60,50,20,10,30,80,10,30,20,20,40,50,40,10,70,20
p00262,Portrait Prof. Cherry,Female,2007,White / Caucasian,Some college or Associate's degree,"$100,000 to $167,999",Republican,50,25,75,75,75,75,100,25,75,50,75,25,25,50,75,75,50,50,75,50,25,75,75,0,8,1,75,100,100,75,25,75,25,0,100,100,50,50,50,75,75,75,100,75
p00263,Interview Prof. Maraun,Female,1968,White / Caucasian,Some college or Associate's degree,"$56,000 to $99,999",Democrat,35,55,85,100,95,90,55,80,50,30,10,40,95,0,100,65,75,35,50,55,65,95,0,15,1,2,70,30,95,55,0,45,95,25,35,50,90,70,25,25,75,100,80,55
p00264,Interview Prof. Sebille,Male,1960,White / Caucasian,Bachelor's degree,"Less than $30,000",Independent,60,40,10,80,50,90,50,70,60,60,90,50,60,60,10,50,60,40,40,40,50,60,60,10,0,2,90,40,50,20,20,20,40,10,20,50,40,30,50,80,60,20,70,40
p00265,Interview Prof. Maraun,Male,1956,White / Caucasian,High school diploma / GED,"Less than $30,000",Independent,10,40,55,90,55,40,20,30,10,45,25,30,55,40,55,75,80,50,50,45,50,55,60,25,2,2,45,80,35,30,20,10,10,15,10,15,20,15,20,25,70,55,10,60
p00266,control,Female,1954,White / Caucasian,High school diploma / GED,"$100,000 to $167,999",Republican,30,25,65,55,70,65,70,35,40,65,35,55,45,30,45,40,30,25,50,60,75,70,55,45,0,2,30,35,30,15,10,15,30,10,25,35,25,25,35,25,35,35,30,40
p00267,Measurement & modeling (2),Female,2003,White / Caucasian,Bachelor's degree,"Less than $30,000",Democrat,100,65,75,65,75,90,100,75,75,75,65,80,75,45,15,0,35,55,50,50,85,65,65,10,4,2,85,85,80,80,90,95,100,45,90,75,90,60,95,85,70,45,90,100
p00268,Oil industry misinformation,Female,1979,Asian / Asian American,Less than high school,"$30,000 to $55,999",Independent,15,75,80,65,10,25,80,70,30,30,20,30,30,30,35,65,10,30,70,85,35,85,25,10,3,2,30,75,80,70,75,45,55,30,55,50,30,75,10,55,90,10,60,30
p00269,Funding,Female,1970,White / Caucasian,Bachelor's degree,"$100,000 to $167,999",Independent,80,55,70,75,75,25,25,100,100,25,75,30,95,60,55,100,70,50,95,75,75,100,95,90,1,1,100,75,95,50,90,30,55,60,80,30,75,45,95,20,50,75,85,70
p00271,Interview Prof. Sebille,Female,1958,White / Caucasian,Some college or Associate's degree,"$100,000 to $167,999",Republican,40,40,70,10,40,30,50,40,30,30,50,30,40,20,20,30,30,20,20,50,20,50,20,40,3,2,20,20,40,30,50,90,50,20,20,10,10,60,40,50,30,60,30,40
p00272,Model accuracy,Female,1955,White / Caucasian,Master's degree / Professional degree,"$100,000 to $167,999",Democrat,80,45,0,80,75,80,65,75,55,90,5,55,75,0,90,5,65,40,60,50,55,20,65,75,1,1,55,65,90,40,30,85,5,45,85,0,100,45,45,85,100,45,0,25
p00273,High public trust,Male,1976,White / Caucasian,Bachelor's degree,"$100,000 to $167,999",Democrat,40,70,50,30,40,50,60,60,70,30,40,30,40,30,20,40,30,40,90,50,90,60,20,30,1,2,60,90,60,60,60,40,50,60,40,40,60,60,90,50,50,70,20,70
p00274,Extreme weather predictions,Female,1946,White / Caucasian,Some college or Associate's degree,"$30,000 to $55,999",Republican,5,10,15,35,15,35,65,40,60,30,40,25,0,60,5,20,55,30,80,15,50,50,65,35,2,2,55,15,5,15,30,50,10,15,25,85,10,55,35,70,10,65,50,100
p00275,Measurement & modeling (2),Male,1987,Other,Bachelor's degree,"$100,000 to $167,999",Independent,88,100,93,97,100,92,80,70,98,84,98,2,0,100,100,97,86,86,82,48,100,69,87,7,6,2,93,73,100,49,67,83,76,58,61,22,96,99,81,98,83,93,94,100
p00276,Social justice,Male,1969,Hispanic / Latino,High school diploma / GED,"$100,000 to $167,999",Democrat,85,90,80,30,75,65,60,65,70,90,25,75,85,75,70,60,15,60,80,40,70,50,80,25,0,2,85,35,80,75,70,25,45,40,50,30,15,60,70,90,50,85,70,85
p00277,Interview Prof. Maraun,Male,2002,White / Caucasian,Some college or Associate's degree,"$56,000 to $99,999",Republican,50,75,60,50,45,30,55,55,50,15,55,15,15,15,50,10,30,30,60,35,40,65,85,10,1,2,75,20,20,20,45,20,90,40,55,20,85,25,25,15,60,10,30,50
p00278,Social justice,Female,1957,White / Caucasian,Master's degree / Professional degree,"$100,000 to $167,999",Democrat,95,80,90,35,65,25,90,100,100,50,70,80,100,90,90,95,100,100,65,60,60,55,80,10,8,2,75,90,90,85,35,80,100,85,90,95,90,100,70,90,90,90,55,100
p00279,Social justice,Female,2003,White / Caucasian,Bachelor's degree,"$100,000 to $167,999",Democrat,70,80,90,50,40,90,60,70,80,40,70,80,90,30,50,40,70,30,50,50,50,80,90,40,8,1,80,30,70,70,90,40,70,90,50,90,60,40,60,60,90,50,70,90
p00280,Funding,Male,1988,Other,Master's degree / Professional degree,"$100,000 to $167,999",Democrat,95,75,75,95,90,80,70,50,80,95,65,95,95,80,90,90,85,85,90,65,75,70,80,10,5,2,95,75,95,50,75,60,40,75,90,95,90,85,80,85,90,95,95,100
p00281,Social justice,Female,1975,White / Caucasian,Some college or Associate's degree,"$56,000 to $99,999",Republican,40,10,30,0,30,40,50,30,10,0,30,20,60,30,10,30,10,20,10,10,20,50,0,10,3,2,40,0,80,40,20,0,50,10,0,40,10,10,10,60,20,10,0,0
p00282,Consensus,Male,2001,Black / African American,Bachelor's degree,"$100,000 to $167,999",Independent,100,80,80,100,100,100,65,90,100,80,55,65,95,100,100,90,90,70,80,85,85,40,85,15,9,1,85,100,90,80,85,80,100,40,100,85,75,90,40,45,90,95,100,100
p00283,Measurement & modeling (2),Male,1999,White / Caucasian,Some college or Associate's degree,"$56,000 to $99,999",Republican,40,20,50,70,40,30,90,50,60,10,20,30,80,50,50,80,70,20,70,50,40,20,90,40,2,2,50,20,40,20,30,30,50,10,20,70,90,10,40,20,30,60,40,20
p00284,Model accuracy,Female,2003,Hispanic / Latino,High school diploma / GED,"$30,000 to $55,999",Democrat,40,0,35,50,80,20,70,40,40,35,5,70,35,40,80,55,55,45,90,100,85,95,50,20,2,1,95,45,70,30,15,70,40,50,30,60,95,100,90,90,100,50,100,85
p00285,Scientist community helpers,Male,1966,Hispanic / Latino,Master's degree / Professional degree,"$56,000 to $99,999",Democrat,77,79,77,76,92,81,80,80,83,89,87,86,77,46,86,52,74,43,81,81,81,70,82,36,4,2,79,70,91,88,49,63,65,74,43,27,86,81,90,79,84,89,69,86
p00286,Scientist community helpers,Male,1951,White / Caucasian,Bachelor's degree,"$100,000 to $167,999",Republican,75,75,75,75,100,75,75,75,100,100,75,75,75,50,75,50,100,25,50,75,75,75,75,25,4,2,50,75,25,25,25,75,25,25,75,25,25,25,25,50,25,25,75,50
p00287,Measurement & modeling (2),Female,1992,Black / African American,High school diploma / GED,"Less than $30,000",Democrat,35,95,45,80,90,70,65,85,80,85,95,70,85,95,85,80,85,95,90,95,90,100,85,20,8,2,90,75,90,75,85,60,35,55,80,10,100,85,95,70,85,100,85,65
p00288,Peer-review,Female,1996,White / Caucasian,Bachelor's degree,"$100,000 to $167,999",Republican,100,100,40,100,75,55,40,45,95,100,100,55,95,85,15,50,35,75,85,45,65,85,45,15,3,2,20,35,5,5,80,100,35,95,15,80,20,75,25,45,100,40,35,70
p00289,Corporate reliance,Female,1962,Other,Master's degree / Professional degree,"$100,000 to $167,999",Republican,95,95,25,50,85,45,100,90,75,50,80,40,100,45,90,60,70,45,75,15,100,10,95,35,3,2,0,10,15,30,60,55,25,25,40,5,20,15,5,0,15,55,80,55
p00290,Interview Prof. Sebille,Male,1957,White / Caucasian,High school diploma / GED,"$56,000 to $99,999",Republican,20,25,35,35,15,25,35,45,35,10,15,20,20,40,35,35,15,80,35,30,30,35,35,50,0,2,20,25,70,70,10,25,10,10,75,20,15,40,15,35,30,25,55,15
p00291,Funding,Male,1977,White / Caucasian,Bachelor's degree,"$100,000 to $167,999",Republican,90,72,23,25,50,44,67,68,25,79,46,52,5,29,27,33,12,37,80,17,21,34,12,32,2,2,46,35,15,30,12,15,66,5,4,32,63,52,42,4,44,79,49,73
p00292,Social justice,Male,1987,White / Caucasian,Some college or Associate's degree,"$100,000 to $167,999",Republican,0,0,20,10,30,20,10,10,0,40,70,40,10,20,20,40,70,30,20,10,10,10,10,10,7,2,10,10,10,10,20,10,90,50,10,0,30,0,40,50,10,0,40,0
p00293,Measurement & modeling (2),Female,1999,Hispanic / Latino,High school diploma / GED,"Less than $30,000",Republican,40,70,50,30,30,70,30,60,50,70,90,90,50,40,20,20,50,50,10,30,50,50,20,40,5,1,60,20,20,10,20,70,40,50,40,60,10,90,50,20,90,40,10,30
p00294,Extreme weather predictions,Male,1969,White / Caucasian,High school diploma / GED,"$30,000 to $55,999",Republican,44,4,53,43,10,48,71,27,1,80,18,39,31,34,8,10,58,29,44,91,48,3,73,52,0,1,5,20,27,12,54,77,12,40,3,20,4,47,32,100,14,87,57,38
p00295,Peer-review,Female,1955,White / Caucasian,High school diploma / GED,"$100,000 to $167,999",Republican,15,30,10,45,30,50,10,10,50,70,20,35,10,15,20,20,15,25,15,25,15,15,20,35,0,2,15,30,30,10,35,25,15,20,15,50,55,20,15,25,20,25,15,15
p00296,Measurement & modeling (1),Male,1959,White / Caucasian,Bachelor's degree,"$100,000 to $167,999",Republican,89,48,71,57,8,18,39,43,64,54,29,8,20,17,29,45,77,37,66,57,11,55,14,32,3,2,24,37,21,13,28,33,26,22,57,21,20,27,38,19,22,12,23,33
p00297,Interview Prof. Maraun,Female,2007,White / Caucasian,High school diploma / GED,"$30,000 to $55,999",Independent,72,5,1,17,90,32,38,85,13,49,17,52,90,77,1,30,96,46,87,59,98,84,14,26,7,1,85,90,11,88,90,82,87,99,47,83,69,64,95,91,73,85,85,84
p00298,Extreme weather predictions,Female,1982,White / Caucasian,High school diploma / GED,"$56,000 to $99,999",Independent,80,92,86,53,71,76,88,73,76,77,67,94,92,78,84,47,31,72,50,71,80,97,78,32,5,2,78,45,47,29,71,24,29,41,57,45,49,60,69,45,84,74,50,71
p00299,Model accuracy,Female,1992,White / Caucasian,High school diploma / GED,"$56,000 to $99,999",Republican,40,40,40,20,30,30,10,40,30,70,20,50,40,30,50,40,70,30,40,80,70,50,30,20,4,1,30,20,50,10,20,10,10,60,10,20,20,30,30,10,30,50,30,30
p00300,Portrait Prof. Cherry,Male,1977,White / Caucasian,Some college or Associate's degree,"$100,000 to $167,999",Republican,50,30,30,40,20,40,30,0,40,60,30,40,20,20,90,30,70,20,10,0,0,20,40,10,1,2,0,10,50,0,10,50,10,10,10,10,20,10,10,10,70,20,50,40
p00301,Interview Prof. Sebille,Female,1971,White / Caucasian,Some college or Associate's degree,"$56,000 to $99,999",Republican,60,69,7,16,8,10,96,51,13,3,22,60,58,55,38,0,38,14,57,73,58,74,30,15,1,2,29,14,10,45,31,31,14,34,1,16,18,82,6,22,90,49,61,53
p00302,Funding,Male,1950,White / Caucasian,Bachelor's degree,"$56,000 to $99,999",Republican,43,63,56,90,85,63,14,21,11,20,91,84,8,59,74,12,43,46,24,20,37,27,59,23,0,1,62,8,31,10,17,12,20,36,19,12,8,19,12,36,14,10,11,12
p00303,Corporate reliance,Female,1969,White / Caucasian,Some college or Associate's degree,"Less than $30,000",Republican,20,75,45,55,75,75,60,55,30,75,90,75,15,10,75,25,75,10,20,55,70,35,50,10,2,2,10,20,20,15,65,25,20,10,15,45,10,10,25,15,10,15,20,35
p00304,Model accuracy,Female,1965,Hispanic / Latino,Bachelor's degree,"$100,000 to $167,999",Democrat,75,75,100,50,75,75,100,75,50,50,100,50,25,50,75,50,75,75,50,75,25,25,75,25,7,1,75,100,100,50,50,50,25,50,25,50,75,75,75,50,75,75,75,75
p00305,Scientist community helpers,Female,1960,White / Caucasian,High school diploma / GED,"Less than $30,000",Republican,50,70,20,50,50,40,40,50,60,30,60,60,40,40,30,20,30,20,30,60,30,40,20,50,5,1,50,20,10,30,40,20,10,10,10,20,20,20,20,10,40,30,50,30
p00306,Peer-review,Female,1947,White / Caucasian,Some college or Associate's degree,"$100,000 to $167,999",Republican,30,45,5,10,20,20,30,50,40,20,25,50,40,55,45,25,30,25,30,30,25,25,45,50,4,2,40,25,5,25,40,35,0,20,10,35,35,30,20,35,15,30,40,30
p00307,Former skeptics,Male,2003,White / Caucasian,High school diploma / GED,"$168,000 or more",Democrat,40,70,60,40,30,35,25,75,25,25,50,25,70,25,0,10,100,35,5,5,35,35,35,35,2,1,10,30,35,55,15,45,30,45,55,50,35,50,10,30,25,10,20,35
p00308,Extreme weather predictions,Male,1984,White / Caucasian,Less than high school,"$56,000 to $99,999",Democrat,84,72,38,72,29,65,51,78,83,27,70,44,98,87,40,2,43,87,50,83,37,89,53,62,7,2,89,88,58,82,71,67,76,63,66,59,72,74,88,65,18,53,71,62
p00309,Interview Prof. Maraun,Female,1997,White / Caucasian,High school diploma / GED,"$100,000 to $167,999",Democrat,90,55,85,90,80,80,15,70,45,30,35,40,85,55,55,35,65,80,85,55,10,90,85,20,10,2,75,20,50,40,40,40,65,35,55,60,45,20,75,20,50,30,25,25
p00310,Corporate reliance,Female,1946,Hispanic / Latino,High school diploma / GED,"$30,000 to $55,999",Democrat,5,10,15,15,5,5,20,10,25,0,5,10,15,15,20,75,60,5,40,90,70,25,0,5,4,2,85,20,40,20,40,70,30,20,15,10,90,50,45,45,30,35,40,30
p00311,Oil industry misinformation,Male,1997,White / Caucasian,High school diploma / GED,"$56,000 to $99,999",Democrat,50,30,20,70,30,30,20,60,50,50,30,50,90,20,50,20,50,30,70,60,80,80,40,50,0,2,50,60,80,90,50,20,40,50,20,50,100,60,80,70,60,80,60,60
p00312,Corporate reliance,Male,1993,Black / African American,Bachelor's degree,"$56,000 to $99,999",Democrat,50,90,80,70,80,80,80,80,80,90,60,90,80,80,90,90,90,60,80,80,70,90,80,40,10,1,80,90,40,80,90,80,90,80,80,90,90,80,80,80,90,80,80,80
p00313,Funding,Female,1962,White / Caucasian,Less than high school,"Less than $30,000",Independent,50,55,50,30,50,40,40,65,45,65,30,70,45,50,30,60,25,55,45,10,50,45,45,35,2,2,70,45,40,35,35,35,70,15,15,40,10,50,55,65,45,35,70,55
p00314,Scientist community helpers,Male,1990,White / Caucasian,Bachelor's degree,"$100,000 to $167,999",Democrat,68,83,69,97,92,94,71,86,99,93,89,67,100,91,94,90,93,80,82,81,97,91,82,14,3,2,81,92,97,89,90,80,99,87,93,66,87,84,67,69,94,74,86,52
p00315,Measurement & modeling (2),Male,1966,White / Caucasian,Some college or Associate's degree,"$56,000 to $99,999",Republican,30,60,85,90,50,75,70,50,85,70,85,45,50,40,50,55,80,40,30,45,55,85,80,10,4,2,10,25,45,80,15,25,15,40,40,80,10,45,70,35,35,40,15,85
p00316,Oil industry misinformation,Male,1985,White / Caucasian,High school diploma / GED,"$56,000 to $99,999",Democrat,95,100,90,70,80,85,95,65,100,95,85,60,90,90,55,85,95,50,35,65,70,55,95,5,0,1,60,50,50,80,40,85,25,10,40,10,80,80,45,70,25,80,70,80
p00317,Scientist community helpers,Male,1997,White / Caucasian,High school diploma / GED,"Less than $30,000",Democrat,50,40,80,60,90,80,60,80,60,30,40,60,60,70,60,60,50,50,70,30,60,20,60,20,0,2,40,50,30,40,30,60,10,70,20,70,50,30,50,70,70,50,70,50
p00318,Consensus,Male,1966,Hispanic / Latino,High school diploma / GED,"$56,000 to $99,999",Independent,95,90,70,70,55,65,45,55,65,30,100,75,50,20,70,65,95,70,10,75,55,40,50,10,0,2,85,100,65,70,5,30,20,5,15,5,65,45,60,80,95,50,30,60
p00319,Corporate reliance,Female,1980,Hispanic / Latino,Some college or Associate's degree,"$100,000 to $167,999",Democrat,95,50,85,90,85,95,85,70,70,80,85,5,40,90,80,40,85,85,85,100,80,45,45,15,7,1,60,70,90,100,30,80,50,50,90,35,90,85,90,45,80,90,85,90
p00320,Peer-review,Male,1986,Hispanic / Latino,High school diploma / GED,"$30,000 to $55,999",Republican,15,0,20,35,0,90,0,55,10,5,5,10,15,25,0,0,25,10,5,45,5,15,40,65,0,2,0,0,30,20,30,0,5,55,0,20,45,20,25,80,50,0,10,60
p00321,Peer-review,Female,1960,White / Caucasian,High school diploma / GED,"$30,000 to $55,999",Independent,62,74,41,38,78,70,80,82,30,94,59,69,94,68,35,90,97,42,99,43,65,68,41,7,2,2,79,18,42,98,2,0,20,5,31,10,57,70,55,63,65,47,39,85
p00322,Peer-review,Female,1985,White / Caucasian,Bachelor's degree,"$100,000 to $167,999",Democrat,95,85,75,90,60,75,95,80,100,100,100,75,95,60,70,90,70,50,85,65,100,85,95,5,8,2,70,80,60,55,0,60,55,45,25,25,95,80,15,75,75,50,90,85
p00323,Funding,Female,1979,White / Caucasian,Master's degree / Professional degree,"$168,000 or more",Republican,95,80,65,75,75,85,90,65,65,95,80,20,85,95,95,75,50,20,85,60,75,75,65,25,1,2,70,45,5,50,80,55,65,30,25,20,70,75,70,55,40,0,10,55
p00324,Consensus,Female,1985,White / Caucasian,Bachelor's degree,"$56,000 to $99,999",Democrat,85,70,80,75,45,80,90,70,85,80,75,85,65,90,65,85,70,90,85,85,90,85,80,35,3,1,90,90,65,85,85,15,40,70,65,40,85,55,85,90,90,80,90,75
p00325,Interview Prof. Sebille,Female,1994,Black / African American,Some college or Associate's degree,"Less than $30,000",Republican,95,95,55,65,65,75,55,60,95,90,80,95,75,55,95,65,50,80,60,45,85,60,80,5,2,2,40,55,70,85,85,10,95,20,100,55,90,65,70,70,70,50,60,50
p00326,control,Male,1992,Other,Master's degree / Professional degree,"$100,000 to $167,999",Democrat,42,78,48,85,76,60,17,23,41,100,50,44,90,12,84,99,100,19,94,100,63,74,48,14,3,1,99,78,92,100,45,69,46,47,53,97,100,100,86,97,86,100,87,80
p00327,Corporate reliance,Female,1983,White / Caucasian,Some college or Associate's degree,"$56,000 to $99,999",Independent,60,50,80,70,90,80,90,50,70,80,70,60,90,60,50,60,50,30,60,80,0,50,90,50,5,2,70,10,30,30,80,70,60,60,30,20,60,10,10,40,70,10,0,50
p00328,Corporate reliance,Female,1969,White / Caucasian,Bachelor's degree,"Less than $30,000",Republican,95,75,60,70,70,95,95,65,95,80,70,55,20,50,100,95,30,25,35,0,60,0,95,10,1,2,40,10,15,35,65,0,25,15,0,25,40,0,15,55,35,30,20,5
p00329,Consensus,Female,1995,White / Caucasian,High school diploma / GED,"$168,000 or more",Republican,30,30,50,20,20,40,50,70,30,60,50,60,30,60,30,40,20,30,60,40,40,50,30,60,0,2,30,20,30,10,30,30,50,30,10,40,60,20,30,30,50,50,40,50
p00330,Consensus,Male,1961,White / Caucasian,Bachelor's degree,"Less than $30,000",Republican,20,70,10,40,30,30,50,30,30,60,70,40,30,20,40,60,70,30,80,20,20,40,50,20,1,2,20,20,10,20,40,20,20,30,40,50,20,20,20,40,60,20,30,10
p00331,control,Female,2004,White / Caucasian,High school diploma / GED,"Less than $30,000",Republican,10,0,20,40,40,40,30,50,40,50,30,40,30,40,40,30,70,40,20,60,20,30,40,60,1,2,60,30,60,50,50,40,30,60,50,50,30,60,30,50,30,50,20,60
p00332,Scientist community helpers,Male,1994,White / Caucasian,Bachelor's degree,"$100,000 to $167,999",Democrat,70,100,90,100,40,90,100,90,90,60,80,60,90,90,100,80,80,50,100,80,90,80,90,30,1,2,90,60,80,70,40,80,70,80,90,90,70,70,80,60,90,50,80,70
p00333,Funding,Male,1997,Hispanic / Latino,Some college or Associate's degree,"$100,000 to $167,999",Democrat,90,40,10,80,80,60,80,90,80,80,80,80,90,90,80,80,80,20,80,80,60,90,80,30,3,1,50,90,70,60,90,60,20,30,90,70,90,80,90,80,80,90,90,80
p00334,Funding,Female,2000,Hispanic / Latino,Bachelor's degree,"$30,000 to $55,999",Independent,50,70,50,40,90,0,50,70,50,90,80,70,90,60,90,20,80,70,60,90,70,100,70,50,7,1,90,90,100,80,40,100,0,60,40,60,90,100,100,90,90,100,100,100
p00335,Oil industry misinformation,Female,1966,White / Caucasian,Master's degree / Professional degree,"$56,000 to $99,999",Democrat,85,20,70,65,70,90,80,80,65,65,90,90,90,85,90,65,65,80,90,90,80,45,80,15,4,2,75,95,85,70,55,65,85,80,45,75,55,60,65,45,95,80,70,85
p00336,Extreme weather predictions,Male,1966,Hispanic / Latino,High school diploma / GED,"Less than $30,000",Democrat,0,50,25,25,0,50,75,50,25,25,0,0,75,25,25,50,50,50,25,50,25,50,0,50,3,1,25,75,25,50,25,25,25,25,25,75,50,25,50,25,50,0,25,25
p00337,Funding,Male,1946,Other,Bachelor's degree,"$30,000 to $55,999",Republican,60,70,70,70,80,70,20,60,60,70,50,80,80,50,40,60,60,80,20,40,20,20,30,20,3,2,10,10,50,10,60,10,50,0,10,10,0,50,50,40,20,20,20,20
p00338,Corporate reliance,Male,1979,White / Caucasian,Bachelor's degree,"$56,000 to $99,999",Republican,90,60,80,70,80,90,90,40,90,50,70,30,80,40,80,30,40,30,40,60,30,40,80,40,4,2,40,10,60,40,60,40,50,40,70,30,40,40,30,40,30,30,40,70
p00339,Measurement & modeling (1),Female,1963,White / Caucasian,High school diploma / GED,"$56,000 to $99,999",Independent,40,20,0,10,10,10,30,60,20,10,10,30,10,30,40,0,20,0,20,60,40,40,0,20,6,2,20,50,20,50,40,50,0,30,50,40,50,60,30,40,40,40,40,50
p00340,control,Male,1992,White / Caucasian,Bachelor's degree,"$30,000 to $55,999",Republican,60,70,35,65,5,55,50,15,10,25,40,50,35,20,35,30,40,40,35,5,25,30,75,55,0,2,15,5,20,25,0,55,25,15,45,30,30,40,0,20,0,20,45,30
p00341,Interview Prof. Maraun,Female,1980,Black / African American,Some college or Associate's degree,"Less than $30,000",Democrat,23,60,13,78,37,39,27,29,32,89,46,98,70,79,46,24,96,35,99,77,89,24,17,18,2,2,86,38,32,79,45,47,5,21,8,74,80,58,81,83,87,77,80,61
p00342,Former skeptics,Male,1962,White / Caucasian,Some college or Associate's degree,"$100,000 to $167,999",Republican,30,22,58,16,29,17,43,37,37,56,92,19,28,69,38,25,41,55,15,38,25,25,45,18,3,2,9,8,18,21,24,36,8,38,22,55,37,12,26,40,21,19,26,24
p00343,Measurement & modeling (1),Male,1991,White / Caucasian,Master's degree / Professional degree,"$56,000 to $99,999",Democrat,73,100,73,100,68,100,99,86,100,90,86,100,72,99,52,71,91,77,79,100,83,87,99,43,10,1,100,100,87,98,100,100,91,100,90,95,65,89,100,100,94,90,100,71
p00344,Former skeptics,Female,1969,White / Caucasian,High school diploma / GED,"Less than $30,000",Republican,30,30,40,45,15,40,45,50,50,15,55,55,35,40,35,30,35,35,25,55,55,35,30,25,0,2,45,25,20,15,10,15,60,35,45,40,30,25,70,35,45,25,55,40
p00345,Corporate reliance,Female,1965,White / Caucasian,High school diploma / GED,"$56,000 to $99,999",Democrat,95,70,80,95,90,100,100,95,95,80,80,85,80,75,55,95,75,80,85,65,70,50,80,5,5,2,70,80,65,80,25,75,65,75,35,80,85,85,65,95,90,95,40,90
p00346,Social justice,Male,1977,White / Caucasian,Less than high school,"$56,000 to $99,999",Republican,30,20,20,50,45,60,55,35,45,25,25,30,15,55,50,10,35,10,40,10,50,55,15,75,4,1,35,70,75,60,20,15,25,10,15,15,55,20,35,40,35,85,85,30
p00347,Model accuracy,Male,1997,White / Caucasian,High school diploma / GED,"$100,000 to $167,999",Independent,90,100,100,100,70,90,90,90,90,90,90,40,90,40,100,90,80,50,100,90,60,70,90,20,3,2,90,80,80,90,20,60,60,80,100,20,100,90,90,90,80,80,90,100
p00348,control,Male,1963,Black / African American,High school diploma / GED,"$56,000 to $99,999",Democrat,45,87,27,76,56,66,51,48,44,69,46,37,48,45,35,54,71,25,45,70,56,63,63,37,4,2,61,84,90,71,92,68,58,67,68,58,53,49,43,67,32,73,75,64
p00349,Oil industry misinformation,Male,1984,White / Caucasian,Bachelor's degree,"$168,000 or more",Republican,60,20,80,50,20,30,80,70,60,70,20,100,10,90,0,90,10,90,50,40,80,30,40,100,2,2,80,0,60,50,60,30,60,70,10,90,80,0,20,30,20,20,0,0
p00350,control,Male,1983,White / Caucasian,Some college or Associate's degree,"$100,000 to $167,999",Independent,60,85,85,85,60,60,70,75,70,65,70,35,70,30,10,25,90,75,55,10,40,45,75,10,0,2,75,50,40,45,40,35,20,35,50,30,45,60,60,40,85,75,15,10
p00351,control,Female,1988,Other,Bachelor's degree,"$56,000 to $99,999",Republican,75,45,60,70,45,50,70,40,60,40,65,65,25,40,30,65,25,90,60,55,20,20,25,50,0,2,15,30,60,5,0,75,40,55,40,45,60,55,95,25,60,80,35,35
p00352,Interview Prof. Maraun,Male,1973,Black / African American,Some college or Associate's degree,"Less than $30,000",Democrat,99,66,29,68,62,47,100,78,100,63,77,66,100,67,66,68,57,84,85,83,73,42,43,0,2,2,92,74,77,63,38,57,28,27,77,14,100,75,87,100,51,98,78,68
p00353,Portrait Prof. Cherry,Female,1979,White / Caucasian,Bachelor's degree,"$168,000 or more",Democrat,90,30,30,70,60,70,100,90,90,100,60,80,80,20,30,30,70,40,80,90,90,70,90,20,2,2,100,80,100,80,40,80,40,30,30,80,60,100,100,100,90,90,60,90
p00354,Model accuracy,Male,1963,White / Caucasian,High school diploma / GED,"Less than $30,000",Democrat,100,75,90,85,95,90,95,90,90,60,80,90,85,80,65,95,75,25,65,45,95,75,70,25,3,2,75,70,65,65,20,95,35,35,20,5,65,70,40,90,55,80,35,70
p00355,Corporate reliance,Male,1984,White / Caucasian,Bachelor's degree,"$56,000 to $99,999",Republican,80,90,90,70,90,90,90,80,80,40,90,80,80,30,70,30,70,80,70,50,40,30,90,50,1,2,50,50,10,50,20,10,10,20,20,10,70,70,30,40,90,20,30,50
p00356,Corporate reliance,Female,1963,White / Caucasian,High school diploma / GED,"Less than $30,000",Independent,70,80,10,30,50,20,20,80,100,80,30,0,20,70,70,20,60,60,70,60,60,50,70,80,1,2,100,0,100,40,70,0,0,0,0,40,100,50,20,100,40,30,30,50
p00357,Interview Prof. Sebille,Female,1973,Black / African American,Bachelor's degree,"$168,000 or more",Democrat,90,80,85,95,85,70,85,80,85,95,70,100,100,75,95,100,100,95,80,95,85,90,90,30,10,2,90,90,80,95,95,85,100,95,80,95,80,100,90,85,90,85,95,90
p00358,Interview Prof. Sebille,Female,1955,Asian / Asian American,Master's degree / Professional degree,"$56,000 to $99,999",Democrat,75,100,100,100,100,75,100,75,75,75,75,75,75,75,75,75,75,75,100,50,100,75,100,0,6,1,75,75,100,75,50,50,75,75,75,100,75,75,50,75,75,50,75,75
p00360,Oil industry misinformation,Female,1984,Black / African American,Less than high school,"Less than $30,000",Democrat,60,50,30,35,25,40,30,50,55,60,30,85,60,55,40,35,75,70,15,55,35,40,55,10,2,2,60,55,85,90,25,20,20,75,20,20,40,65,25,15,25,50,60,55
p00361,Peer-review,Female,1985,Black / African American,High school diploma / GED,"$56,000 to $99,999",Democrat,45,55,65,90,55,80,55,65,60,60,75,65,80,80,35,55,45,75,60,55,80,85,80,25,6,2,50,60,65,50,55,85,85,75,70,60,40,25,85,45,55,70,30,30
p00362,control,Female,1981,White / Caucasian,High school diploma / GED,"$56,000 to $99,999",Republican,20,30,60,0,10,20,10,60,60,30,40,20,30,10,10,20,10,30,70,40,80,50,10,80,3,2,50,30,20,50,50,60,60,60,80,30,20,50,30,60,30,60,50,80
p00363,Former skeptics,Male,1976,Black / African American,Master's degree / Professional degree,"$56,000 to $99,999",Republican,5,100,70,65,85,70,30,5,5,85,90,60,65,70,70,45,60,50,5,35,40,95,95,35,6,2,80,10,55,0,80,45,15,20,60,55,20,80,55,50,35,20,15,40
p00364,Social justice,Female,1946,White / Caucasian,High school diploma / GED,"$56,000 to $99,999",Republican,28,32,23,30,7,21,30,11,78,34,9,36,28,37,46,36,65,30,3,19,36,63,9,48,0,2,21,73,52,0,21,10,13,7,19,2,8,28,29,28,46,23,71,25
p00365,Scientist community helpers,Female,1980,Hispanic / Latino,Some college or Associate's degree,"$56,000 to $99,999",Democrat,100,60,70,50,80,70,70,80,80,90,80,100,100,70,80,70,50,70,70,70,40,70,80,50,4,2,60,100,80,90,70,50,20,60,60,50,50,70,50,80,70,50,50,80
p00366,Measurement & modeling (1),Female,1985,White / Caucasian,Bachelor's degree,"$56,000 to $99,999",Republican,20,50,45,45,55,40,50,50,65,20,50,30,55,30,80,60,50,40,40,60,35,65,60,15,0,2,30,0,0,0,0,75,55,55,65,0,25,40,60,45,50,50,75,40
p00367,Oil industry misinformation,Female,1974,White / Caucasian,Bachelor's degree,"Less than $30,000",Republican,90,80,80,90,90,70,90,70,90,60,90,90,100,40,0,100,20,60,0,20,60,30,100,60,2,2,40,20,20,30,10,30,0,50,60,40,40,40,20,50,30,100,60,80
p00368,Measurement & modeling (1),Female,1990,White / Caucasian,Less than high school,"Less than $30,000",Republican,65,75,50,80,70,25,75,60,60,55,50,90,50,80,60,40,40,10,25,20,75,30,35,40,2,2,20,15,50,20,40,25,85,25,35,10,50,70,10,65,70,25,70,50
p00369,control,Female,1968,White / Caucasian,High school diploma / GED,"$56,000 to $99,999",Republican,45,40,25,30,30,40,30,70,25,15,15,20,40,45,40,65,45,60,60,35,25,45,25,30,0,1,60,60,35,20,10,10,55,65,50,40,85,90,20,65,45,80,40,40
p00370,Extreme weather predictions,Male,1989,Other,Some college or Associate's degree,"$100,000 to $167,999",Democrat,85,70,90,75,70,80,85,70,85,85,75,75,80,90,55,60,90,45,80,15,80,50,45,10,3,2,85,45,75,60,45,90,90,85,70,65,80,75,30,60,55,50,80,80
p00371,Oil industry misinformation,Male,1973,Other,High school diploma / GED,"$56,000 to $99,999",Independent,55,45,55,75,55,100,60,20,45,55,55,55,80,45,85,80,55,80,50,60,75,60,90,50,3,2,55,40,70,70,55,0,25,40,10,85,35,80,20,50,75,5,45,70
p00372,Consensus,Female,1966,Other,Some college or Associate's degree,"$56,000 to $99,999",Democrat,38,76,86,40,82,90,59,84,80,63,39,51,83,81,68,54,61,40,43,52,84,83,49,11,1,2,80,77,81,87,59,46,69,41,88,27,91,52,83,64,46,91,66,91
p00373,Measurement & modeling (1),Female,1962,White / Caucasian,High school diploma / GED,"$56,000 to $99,999",Democrat,55,50,45,40,20,30,30,75,65,60,55,35,50,50,60,20,35,30,55,65,50,45,15,20,1,2,55,30,50,35,50,30,55,30,35,45,60,65,35,45,35,75,40,60
p00374,Portrait Prof. Cherry,Male,1997,White / Caucasian,High school diploma / GED,"$56,000 to $99,999",Democrat,80,75,30,60,60,30,95,45,30,70,15,40,65,20,20,20,80,0,80,35,80,90,45,45,4,1,10,60,80,70,70,45,25,80,40,35,45,80,40,70,45,65,40,20
p00375,Model accuracy,Male,2002,Hispanic / Latino,High school diploma / GED,"$30,000 to $55,999",Republican,55,30,40,25,40,30,45,50,30,30,25,60,20,45,30,15,35,60,35,90,30,40,35,10,0,1,55,10,50,20,15,40,45,55,30,20,40,40,15,30,80,25,25,15
p00376,Peer-review,Male,1957,White / Caucasian,Master's degree / Professional degree,"$100,000 to $167,999",Democrat,80,100,70,90,100,90,90,90,50,90,70,80,100,40,100,40,80,90,90,90,90,50,100,50,3,1,60,70,90,40,60,40,80,10,60,90,100,80,90,40,90,90,90,90
p00377,Model accuracy,Male,2001,Other,Bachelor's degree,"$100,000 to $167,999",Republican,45,61,92,55,95,55,47,37,47,59,53,40,42,6,37,38,45,32,51,59,78,44,62,23,6,1,47,36,28,21,65,70,62,75,87,98,99,74,59,49,51,32,53,48
p00378,control,Male,1949,White / Caucasian,High school diploma / GED,"Less than $30,000",Republican,35,35,65,50,85,40,10,55,35,30,50,85,75,40,35,55,25,20,10,25,5,15,20,20,0,2,20,25,15,15,0,40,35,30,10,0,0,55,15,35,35,10,35,35
p00379,Measurement & modeling (2),Female,1973,White / Caucasian,High school diploma / GED,"$100,000 to $167,999",Independent,80,50,50,40,70,80,60,80,40,10,100,90,70,90,100,10,0,50,100,90,50,100,90,0,4,1,90,50,100,60,40,60,80,80,40,50,100,100,50,80,70,90,100,100
p00380,Interview Prof. Sebille,Female,1984,White / Caucasian,Master's degree / Professional degree,"$100,000 to $167,999",Republican,100,70,40,90,70,45,100,90,100,95,45,90,100,85,100,85,55,90,40,60,45,50,65,0,5,2,20,5,25,55,20,60,100,100,45,50,75,30,15,50,20,50,65,50
p00381,Model accuracy,Female,1969,Hispanic / Latino,Some college or Associate's degree,"$30,000 to $55,999",Democrat,40,80,60,40,30,30,70,40,90,80,30,90,40,40,60,70,30,90,60,90,50,30,20,10,1,2,70,50,60,60,80,90,0,10,70,70,50,50,50,40,60,90,80,90
p00382,Interview Prof. Maraun,Female,1978,Asian / Asian American,Bachelor's degree,"$100,000 to $167,999",Independent,10,50,60,50,50,60,50,50,50,10,30,60,40,60,50,70,50,60,60,40,10,80,60,30,6,2,40,90,80,70,70,40,20,60,20,30,60,70,80,90,50,80,70,90
p00383,Peer-review,Male,1970,Asian / Asian American,Bachelor's degree,"$30,000 to $55,999",Independent,78,38,29,59,34,29,30,43,18,37,38,14,78,50,12,56,23,46,27,37,27,29,53,31,0,2,16,8,33,49,22,80,60,17,22,38,97,31,50,34,40,31,19,7
p00384,Peer-review,Female,1965,White / Caucasian,High school diploma / GED,"$56,000 to $99,999",Republican,25,25,20,10,20,40,25,55,75,55,30,15,30,25,40,15,30,50,60,45,40,90,25,10,2,2,15,10,75,15,25,25,20,35,10,45,55,30,15,20,15,30,35,35
p00385,Former skeptics,Male,1958,Hispanic / Latino,Doctorate degree / Ph.D.,"Less than $30,000",Democrat,100,50,100,50,75,50,75,75,75,75,75,50,75,75,75,75,50,75,75,100,75,75,75,75,6,2,75,75,100,75,75,75,100,75,100,75,75,75,75,100,100,75,75,100
p00386,Extreme weather predictions,Male,1968,White / Caucasian,Some college or Associate's degree,"$100,000 to $167,999",Republican,45,75,30,45,45,50,40,40,60,45,40,55,60,55,25,55,55,55,65,15,65,85,85,10,10,2,15,25,25,60,40,55,20,20,10,30,35,15,15,20,60,20,5,55
p00387,Interview Prof. Sebille,Female,1966,Other,Bachelor's degree,"$56,000 to $99,999",Democrat,83,83,76,68,60,73,70,78,42,79,53,92,46,77,63,48,87,39,75,87,100,97,88,7,4,2,94,98,95,91,74,87,97,80,19,73,89,87,73,86,90,93,77,84
p00388,Interview Prof. Sebille,Male,1968,White / Caucasian,High school diploma / GED,"$30,000 to $55,999",Democrat,90,70,90,90,90,90,90,90,30,30,90,90,40,60,60,60,90,80,80,90,100,50,100,30,6,2,80,20,90,90,80,60,60,60,100,10,100,80,90,100,90,90,100,90
p00389,Interview Prof. Sebille,Male,1984,Other,Less than high school,"Less than $30,000",Republican,25,20,35,10,30,10,45,35,55,70,85,10,25,35,20,65,70,80,60,40,25,20,40,20,8,2,10,35,25,45,55,35,25,10,25,20,35,30,20,20,40,30,65,15
p00390,Social justice,Male,1975,Asian / Asian American,Bachelor's degree,"$30,000 to $55,999",Democrat,80,70,90,90,70,90,80,80,80,90,80,80,80,80,90,70,80,90,80,90,90,80,80,30,5,2,60,80,80,70,90,90,60,80,80,80,90,90,80,80,80,90,80,80
p00391,Former skeptics,Male,2006,White / Caucasian,High school diploma / GED,"$100,000 to $167,999",Democrat,40,40,20,50,40,50,30,60,10,50,40,70,30,40,30,40,30,30,70,70,50,50,30,40,6,2,80,70,60,50,40,50,60,50,60,50,50,40,60,70,60,60,60,70
p00392,Corporate reliance,Male,1953,White / Caucasian,Master's degree / Professional degree,"$168,000 or more",Democrat,80,80,50,50,70,70,70,40,80,80,70,50,70,80,80,90,80,90,60,50,20,40,80,20,2,2,60,70,30,30,20,40,40,70,70,80,90,70,30,70,70,60,70,40
p00393,control,Female,2004,White / Caucasian,Bachelor's degree,"Less than $30,000",Democrat,90,90,100,100,100,90,100,90,100,100,100,90,90,90,90,100,100,90,100,100,100,100,100,10,4,1,100,90,80,100,90,100,100,90,100,90,90,100,100,90,100,100,100,100
p00394,Measurement & modeling (1),Male,1946,White / Caucasian,Bachelor's degree,"$56,000 to $99,999",Democrat,75,100,100,100,100,100,100,75,100,100,100,100,100,100,100,100,75,100,25,100,75,75,100,0,1,2,50,100,0,75,0,0,0,75,25,25,100,50,75,75,0,25,100,50
p00395,Extreme weather predictions,Female,2007,Asian / Asian American,Some college or Associate's degree,"$100,000 to $167,999",Republican,85,60,60,50,50,75,40,50,90,20,65,45,50,70,20,50,95,45,65,70,60,75,35,40,7,2,55,95,60,25,25,70,50,85,65,75,90,70,50,100,60,75,50,70
p00396,High public trust,Female,1995,White / Caucasian,Some college or Associate's degree,"$168,000 or more",Republican,50,95,90,5,70,60,0,85,70,85,65,85,45,100,80,55,90,85,45,65,45,50,60,35,6,2,45,10,25,45,55,65,50,30,40,65,55,80,5,85,70,50,60,75
p00397,Interview Prof. Sebille,Female,1989,White / Caucasian,Master's degree / Professional degree,"$100,000 to $167,999",Democrat,40,90,25,95,70,55,95,60,75,60,25,55,95,90,100,90,80,85,35,55,55,95,65,5,7,2,85,85,95,90,25,60,45,55,45,20,60,85,90,70,60,70,65,55
p00398,Model accuracy,Female,2008,White / Caucasian,Some college or Associate's degree,"$56,000 to $99,999",Democrat,85,95,95,100,95,95,100,95,100,90,90,90,90,70,95,90,100,65,95,90,90,90,90,30,8,1,90,100,100,95,75,75,90,95,95,90,85,90,90,100,100,95,100,100
p00399,Consensus,Male,1970,Other,Master's degree / Professional degree,"$100,000 to $167,999",Republican,70,30,90,55,25,85,55,50,50,55,40,55,70,45,10,10,60,20,65,25,55,15,70,45,4,2,90,10,25,10,75,35,55,60,55,55,45,20,30,70,65,20,45,25
p00400,Portrait Prof. Cherry,Male,2003,Hispanic / Latino,High school diploma / GED,"$30,000 to $55,999",Republican,65,30,10,20,15,65,25,15,85,55,95,35,25,100,20,20,15,0,75,10,45,25,50,20,5,2,50,60,25,85,15,65,25,15,20,35,45,45,55,60,95,55,55,50
p00401,control,Female,1970,White / Caucasian,High school diploma / GED,"$100,000 to $167,999",Republican,60,100,80,60,40,50,60,10,70,30,50,20,40,10,50,70,100,70,30,0,10,10,60,0,0,2,10,10,10,10,30,30,30,0,50,10,50,0,10,50,40,10,30,20
p00402,Extreme weather predictions,Female,1970,White / Caucasian,High school diploma / GED,"$56,000 to $99,999",Independent,25,40,50,70,55,25,60,50,40,45,10,50,90,60,70,55,20,15,45,45,15,15,50,65,0,2,65,60,50,20,55,90,10,70,20,50,65,55,60,50,40,85,70,45
p00403,Funding,Male,1979,White / Caucasian,Bachelor's degree,"$56,000 to $99,999",Democrat,90,85,90,80,80,80,60,90,90,65,80,10,30,80,45,85,80,100,90,100,95,65,45,20,8,2,90,85,95,95,80,100,70,75,70,95,95,90,80,90,80,100,100,65
p00404,Measurement & modeling (1),Male,1964,White / Caucasian,Bachelor's degree,"$168,000 or more",Republican,15,100,95,80,30,35,15,20,100,0,25,85,25,25,5,65,65,0,70,45,55,80,50,45,1,2,65,10,15,15,100,100,25,95,40,65,15,0,20,80,0,60,35,0
p00405,control,Male,1994,White / Caucasian,High school diploma / GED,"$100,000 to $167,999",Republican,50,10,95,80,50,0,100,75,25,55,55,10,60,5,0,25,25,0,15,70,30,20,80,80,0,2,0,10,10,0,85,5,20,30,0,45,75,50,70,50,45,10,95,35
p00406,Interview Prof. Sebille,Male,2005,White / Caucasian,Less than high school,"$30,000 to $55,999",Democrat,100,100,70,50,40,80,50,30,70,90,90,90,80,40,80,40,50,50,80,80,80,100,90,20,10,1,100,90,100,80,100,100,70,90,90,90,80,90,90,60,70,70,80,20
p00407,control,Female,1973,White / Caucasian,High school diploma / GED,"$30,000 to $55,999",Independent,89,89,89,89,89,76,85,41,81,88,79,83,72,80,69,73,74,62,78,80,68,82,85,17,1,2,65,73,79,69,56,49,79,49,81,61,75,85,70,88,66,76,61,80
p00408,Portrait Prof. Cherry,Female,1985,Black / African American,High school diploma / GED,"$30,000 to $55,999",Democrat,35,30,35,55,30,10,45,30,20,20,20,30,75,90,55,50,25,75,75,85,80,75,20,10,4,2,90,80,40,75,20,55,25,40,20,10,75,50,45,75,75,85,45,75
p00409,control,Female,2000,Black / African American,Some college or Associate's degree,"$100,000 to $167,999",Democrat,50,40,80,80,50,70,70,70,40,90,90,60,70,50,50,40,60,70,80,90,80,30,90,30,0,2,50,70,80,90,60,10,10,60,50,20,70,80,70,70,40,60,80,70
p00410,High public trust,Male,1964,Other,Less than high school,"$30,000 to $55,999",Republican,30,20,20,40,20,10,40,60,10,10,10,20,20,30,20,20,30,40,30,60,60,20,50,10,2,2,20,30,60,20,20,10,10,10,10,40,20,60,20,70,10,10,10,30
p00411,Extreme weather predictions,Female,1974,White / Caucasian,High school diploma / GED,"$100,000 to $167,999",Independent,0,40,35,20,30,30,20,5,35,5,35,80,90,30,45,20,20,0,35,20,65,55,10,80,1,2,15,15,15,15,80,25,40,15,25,30,25,70,15,25,65,95,10,45
p00412,Portrait Prof. Cherry,Female,1964,White / Caucasian,Master's degree / Professional degree,"$168,000 or more",Republican,45,95,45,70,40,45,25,40,50,45,65,90,15,20,40,10,100,25,45,15,35,40,100,40,3,2,5,0,10,0,5,0,65,35,5,15,15,10,45,40,60,65,85,5
p00413,Consensus,Female,1981,White / Caucasian,Doctorate degree / Ph.D.,"$100,000 to $167,999",Democrat,98,83,86,83,85,80,94,96,78,89,96,90,84,88,89,87,83,86,80,78,85,92,92,3,5,2,88,83,90,74,98,94,99,86,92,92,68,96,100,93,82,83,99,85
p00414,Measurement & modeling (2),Female,1970,White / Caucasian,High school diploma / GED,"$56,000 to $99,999",Democrat,100,80,70,100,50,100,100,100,80,90,80,60,100,100,100,100,90,30,100,90,40,60,90,0,5,2,90,100,100,50,90,100,100,70,100,70,90,20,60,90,100,20,40,80
p00415,Former skeptics,Female,1948,White / Caucasian,Some college or Associate's degree,"$56,000 to $99,999",Independent,65,80,80,50,80,45,70,65,70,85,20,75,20,90,50,60,45,70,30,50,45,25,85,30,0,2,10,85,90,70,75,10,70,25,55,10,80,35,45,90,55,50,45,25
p00416,control,Female,1955,White / Caucasian,Bachelor's degree,"$56,000 to $99,999",Independent,100,75,95,95,95,100,50,100,45,80,40,40,90,85,50,85,45,90,50,50,20,90,90,10,1,2,45,55,0,80,5,0,15,100,35,15,25,30,40,15,25,35,65,70
p00417,Former skeptics,Female,1954,Hispanic / Latino,High school diploma / GED,"$100,000 to $167,999",Democrat,85,55,60,65,75,85,60,65,65,75,70,45,90,70,75,75,65,70,90,75,85,65,45,10,9,2,85,80,65,85,75,40,35,55,75,40,85,90,75,70,80,90,60,85
p00418,control,Male,1972,White / Caucasian,Bachelor's degree,"$168,000 or more",Republican,60,40,70,60,30,80,30,10,30,20,70,70,30,50,40,10,40,40,10,10,20,20,40,50,6,2,20,20,10,20,20,20,20,10,40,20,20,10,20,20,20,20,10,10
p00419,Social justice,Male,2003,White / Caucasian,Bachelor's degree,"$30,000 to $55,999",Republican,50,50,45,80,55,10,10,35,15,60,30,60,75,55,10,75,35,20,35,55,50,70,40,55,8,2,55,85,30,15,45,65,90,75,40,65,55,20,55,15,30,55,50,65
p00420,Extreme weather predictions,Male,1946,White / Caucasian,Bachelor's degree,"$56,000 to $99,999",Democrat,80,50,80,90,80,80,80,90,50,60,80,80,80,50,50,60,80,80,50,50,40,40,80,20,4,2,50,60,30,80,50,40,50,50,50,50,60,60,50,60,80,30,60,50
p00421,Extreme weather predictions,Male,2005,Hispanic / Latino,Some college or Associate's degree,"$100,000 to $167,999",Democrat,90,90,85,80,65,65,75,40,90,90,90,90,90,75,85,80,75,75,80,80,65,85,90,30,8,2,80,70,90,50,85,75,85,70,80,45,85,65,80,80,80,75,90,90
p00422,Funding,Female,1955,White / Caucasian,Some college or Associate's degree,"Less than $30,000",Democrat,76,91,100,100,63,100,96,91,67,93,100,84,100,85,42,100,56,95,100,79,88,53,30,67,9,2,48,95,100,21,68,63,76,72,17,24,100,49,59,90,27,20,74,100
p00423,Social justice,Male,1977,White / Caucasian,Bachelor's degree,"$56,000 to $99,999",Republican,80,60,90,50,40,50,90,10,80,80,90,80,30,60,40,30,30,70,10,30,60,20,70,20,2,1,70,30,10,40,10,60,30,20,20,20,20,30,10,20,10,10,40,10
p00424,control,Male,1956,White / Caucasian,Bachelor's degree,"$30,000 to $55,999",Republican,30,20,0,30,10,0,60,20,70,10,10,30,40,10,60,80,60,20,50,30,30,10,10,10,2,2,20,20,50,30,20,20,30,10,20,40,0,10,0,0,40,10,10,10
p00425,Interview Prof. Maraun,Female,2002,White / Caucasian,High school diploma / GED,"$168,000 or more",Democrat,40,100,70,100,70,80,80,50,60,60,60,10,90,10,80,40,30,50,50,80,80,90,20,30,9,2,50,80,60,80,90,40,60,80,100,90,70,50,60,90,80,40,0,50
p00426,Portrait Prof. Cherry,Male,1999,White / Caucasian,Some college or Associate's degree,"$100,000 to $167,999",Democrat,70,70,90,70,90,80,50,90,60,90,70,50,80,30,30,40,60,90,80,90,90,50,70,20,8,2,70,60,70,80,80,80,60,20,30,30,90,80,90,80,80,60,70,90
p00427,Portrait Prof. Cherry,Male,1950,White / Caucasian,Some college or Associate's degree,"$30,000 to $55,999",Republican,50,25,50,25,75,25,25,75,25,25,50,50,25,50,25,50,50,50,75,75,25,25,25,25,1,2,25,25,0,0,0,25,0,0,0,0,0,50,0,0,25,0,75,75
p00428,Extreme weather predictions,Female,1995,White / Caucasian,Bachelor's degree,"$30,000 to $55,999",Independent,60,85,65,85,75,85,70,80,55,75,70,60,90,80,60,90,45,85,35,40,50,60,80,40,9,2,70,60,60,75,10,40,50,45,25,50,45,85,75,90,85,50,70,50
p00429,Former skeptics,Male,1992,White / Caucasian,Bachelor's degree,"$100,000 to $167,999",Republican,25,25,45,65,20,60,75,65,90,85,65,60,60,40,60,10,90,45,70,60,60,40,25,80,8,2,70,35,30,20,55,35,20,65,70,25,95,55,70,75,55,40,30,55
p00430,Scientist community helpers,Female,1987,White / Caucasian,High school diploma / GED,"$56,000 to $99,999",Republican,15,15,30,50,35,60,0,5,15,20,30,20,70,5,35,50,30,50,25,0,0,0,25,20,4,2,15,0,40,0,10,10,55,0,10,0,60,0,0,0,0,15,0,60
p00431,Portrait Prof. Cherry,Female,1991,Black / African American,Less than high school,"Less than $30,000",Republican,40,20,10,35,25,20,15,30,35,15,15,25,40,10,15,15,10,85,60,60,55,25,10,10,1,2,55,40,35,30,30,35,50,35,50,55,40,65,55,60,10,70,40,70
p00432,Interview Prof. Sebille,Male,1961,White / Caucasian,Some college or Associate's degree,"$56,000 to $99,999",Republican,90,50,50,40,70,80,80,50,50,70,50,70,30,40,20,60,70,40,30,30,40,30,60,80,1,1,40,10,40,20,30,20,20,90,10,10,10,30,30,40,40,40,30,40
p00433,Extreme weather predictions,Male,1998,Asian / Asian American,Bachelor's degree,"$168,000 or more",Democrat,100,85,80,85,95,85,75,60,65,85,75,35,90,85,100,30,80,50,75,95,35,75,80,20,3,1,90,45,60,60,95,35,80,70,95,0,65,30,70,60,35,70,40,55
p00435,High public trust,Male,1992,Other,Less than high school,"$30,000 to $55,999",Republican,0,5,95,10,95,15,5,0,40,85,15,0,15,25,5,0,35,0,15,70,40,10,40,20,1,1,85,0,10,20,15,0,45,85,35,15,15,100,15,50,20,20,35,30
p00436,Peer-review,Female,1985,White / Caucasian,High school diploma / GED,"$30,000 to $55,999",Independent,30,40,40,80,60,50,70,50,50,80,60,40,50,80,50,90,60,60,60,80,20,40,50,50,1,2,90,100,60,40,60,100,50,30,10,20,50,50,60,40,90,90,80,80
p00437,Scientist community helpers,Female,2008,White / Caucasian,High school diploma / GED,"$30,000 to $55,999",Democrat,85,87,86,84,85,86,89,87,75,88,82,79,92,60,79,82,66,77,79,90,76,79,77,51,1,2,92,83,77,80,89,77,87,92,77,85,83,89,86,82,87,88,86,91
p00438,Portrait Prof. Cherry,Male,1989,Black / African American,High school diploma / GED,"$100,000 to $167,999",Republican,30,10,25,20,55,100,35,65,25,35,85,0,55,5,10,0,0,0,45,55,50,30,95,95,4,2,20,75,65,30,100,0,35,100,50,55,85,25,40,55,45,55,50,60
p00440,Model accuracy,Male,1990,Black / African American,High school diploma / GED,"$30,000 to $55,999",Democrat,70,70,75,60,45,45,80,95,100,50,0,95,95,90,80,0,80,0,0,45,100,80,20,100,2,2,75,65,100,100,55,15,55,30,100,90,45,55,70,80,95,70,10,25
p00441,Peer-review,Female,1959,White / Caucasian,High school diploma / GED,"$100,000 to $167,999",Republican,65,15,75,60,90,40,65,20,20,15,50,60,45,55,60,70,60,20,20,25,25,10,45,25,1,2,70,15,10,50,75,20,65,45,85,20,35,20,50,25,20,40,55,45
p00442,Social justice,Female,1984,Black / African American,High school diploma / GED,"$100,000 to $167,999",Democrat,50,75,45,80,95,90,50,85,60,50,80,45,95,60,65,65,35,60,85,75,95,100,75,35,0,2,90,100,100,85,25,30,85,50,35,25,80,75,85,85,95,65,95,50
p00443,Funding,Male,1953,White / Caucasian,High school diploma / GED,"$56,000 to $99,999",Democrat,66,57,26,61,43,89,59,61,21,78,60,27,87,83,77,75,9,36,60,86,8,70,90,11,1,2,33,76,94,66,87,29,79,39,87,6,64,27,6,57,69,27,42,61
p00444,Interview Prof. Maraun,Female,1984,White / Caucasian,High school diploma / GED,"$30,000 to $55,999",Democrat,74,100,100,100,100,40,67,98,94,94,88,94,100,41,88,40,71,70,85,90,96,100,68,9,2,2,89,100,100,90,53,28,50,44,30,60,100,100,91,100,100,91,67,86
p00445,Measurement & modeling (1),Female,1989,White / Caucasian,Bachelor's degree,"$100,000 to $167,999",Democrat,44,66,62,70,27,60,71,90,85,19,98,64,99,54,70,68,39,45,65,59,41,43,81,61,1,2,87,97,100,100,100,97,78,100,58,100,97,86,76,100,78,98,100,100
p00446,Corporate reliance,Male,1958,White / Caucasian,Doctorate degree / Ph.D.,"$100,000 to $167,999",Republican,40,20,95,30,80,85,55,70,70,25,80,100,100,0,75,45,35,45,30,40,55,15,85,30,0,1,5,60,80,0,0,20,5,10,10,25,50,60,0,30,20,100,75,20
p00447,control,Female,1963,White / Caucasian,Master's degree / Professional degree,"$56,000 to $99,999",Republican,35,60,60,45,55,55,45,40,40,70,50,50,55,65,40,65,0,25,25,65,30,15,30,75,9,2,0,30,55,35,15,10,10,15,15,20,10,20,15,0,20,10,5,60
p00448,Measurement & modeling (2),Male,1968,Black / African American,Some college or Associate's degree,"$56,000 to $99,999",Republican,100,75,100,50,50,50,100,50,50,50,100,75,75,50,75,50,25,50,50,50,50,50,50,25,1,2,50,0,50,25,25,50,0,25,0,50,50,25,25,25,25,0,25,50
p00449,Former skeptics,Female,2003,Hispanic / Latino,High school diploma / GED,"$56,000 to $99,999",Democrat,60,30,70,10,40,50,40,30,40,60,80,70,80,70,60,90,80,90,90,90,80,90,70,20,5,2,90,70,80,90,90,70,50,50,50,10,70,90,80,60,90,90,70,90
p00450,Social justice,Male,1970,White / Caucasian,High school diploma / GED,"$56,000 to $99,999",Republican,45,45,70,85,50,70,50,65,70,70,60,50,75,30,25,60,65,45,65,10,55,60,20,15,7,2,50,90,25,75,85,65,65,25,60,40,35,55,80,35,20,40,50,50
p00451,Model accuracy,Female,1962,White / Caucasian,High school diploma / GED,"$56,000 to $99,999",Republican,10,10,0,80,30,20,90,20,10,40,20,30,0,0,80,20,20,50,20,20,30,20,10,60,0,2,0,30,0,0,0,10,20,10,20,90,60,10,30,10,20,20,10,20
p00452,Social justice,Male,1993,Hispanic / Latino,High school diploma / GED,"$56,000 to $99,999",Republican,30,90,0,0,20,0,20,0,60,0,10,0,30,20,10,0,30,20,100,50,80,70,0,20,3,2,20,0,0,0,10,20,30,10,10,0,60,0,30,10,10,20,0,0
p00453,Interview Prof. Sebille,Male,1972,White / Caucasian,High school diploma / GED,"$30,000 to $55,999",Republican,90,20,70,20,20,80,40,20,20,10,10,10,40,90,40,0,30,0,40,30,30,60,20,60,1,2,10,40,0,40,100,90,60,20,0,30,30,50,0,50,30,10,10,70
p00454,Extreme weather predictions,Male,1986,White / Caucasian,Bachelor's degree,"$56,000 to $99,999",Democrat,90,80,85,90,80,70,80,90,80,80,85,75,15,85,85,90,90,80,90,90,75,80,90,15,8,1,80,80,65,40,85,85,45,70,30,15,75,80,80,70,80,60,85,75
p00455,Consensus,Male,1980,Hispanic / Latino,High school diploma / GED,"$100,000 to $167,999",Democrat,20,22,10,74,57,55,19,19,12,56,43,7,50,67,96,6,24,9,87,72,43,73,56,36,3,2,68,61,83,51,37,34,29,46,97,44,49,68,55,34,63,76,13,90
p00456,Former skeptics,Female,1946,White / Caucasian,Some college or Associate's degree,"$30,000 to $55,999",Republican,40,30,60,30,60,70,40,60,20,50,30,70,70,40,80,30,20,70,40,80,40,10,40,20,2,2,30,40,10,50,10,10,30,20,20,20,40,70,10,10,80,60,20,10
p00457,Extreme weather predictions,Male,1964,White / Caucasian,Bachelor's degree,"$100,000 to $167,999",Republican,45,56,54,83,21,87,68,73,65,45,18,78,22,46,46,53,89,66,23,53,14,63,85,70,3,2,37,34,16,54,58,44,11,39,14,9,66,83,49,42,45,50,47,48
p00458,Model accuracy,Male,1941,White / Caucasian,Bachelor's degree,"$100,000 to $167,999",Republican,55,45,45,30,5,30,25,60,95,25,55,45,55,55,35,30,45,55,50,95,55,40,25,5,0,2,40,85,0,5,30,50,95,90,45,65,45,45,0,10,45,45,50,35
p00459,control,Female,1993,White / Caucasian,Some college or Associate's degree,"$56,000 to $99,999",Republican,20,30,80,20,40,10,40,20,50,40,10,40,20,10,20,20,30,10,60,60,70,30,20,20,3,2,80,10,60,50,60,70,40,80,20,50,30,40,30,30,40,60,60,30
p00460,Former skeptics,Female,1964,Black / African American,High school diploma / GED,"$100,000 to $167,999",Democrat,50,50,30,30,55,45,15,70,40,55,60,10,60,45,65,65,35,55,50,60,85,45,45,50,6,1,65,70,80,45,35,55,70,55,35,85,90,70,85,85,65,55,70,40
p00461,Model accuracy,Female,2005,Hispanic / Latino,Less than high school,"$100,000 to $167,999",Democrat,70,60,100,80,90,80,80,60,90,100,70,70,50,80,70,100,80,100,90,50,90,80,80,40,10,1,90,40,90,80,90,80,100,100,90,60,90,90,90,100,30,90,80,100
p00462,Interview Prof. Maraun,Female,1973,Black / African American,Some college or Associate's degree,"Less than $30,000",Democrat,60,90,70,80,80,70,70,100,80,80,80,80,90,80,70,80,80,60,90,70,100,70,70,30,1,2,100,80,80,100,50,70,50,60,50,70,90,60,90,90,90,100,90,70
p00463,Social justice,Female,1994,Hispanic / Latino,High school diploma / GED,"$100,000 to $167,999",Democrat,90,90,90,80,90,90,80,90,90,80,70,90,80,80,60,50,80,60,80,90,90,80,90,20,10,1,90,90,80,90,90,70,80,90,90,80,90,80,80,60,80,90,90,90
p00464,control,Male,1999,White / Caucasian,Master's degree / Professional degree,"$56,000 to $99,999",Democrat,80,95,95,80,60,85,65,90,90,90,100,65,95,55,40,40,45,75,60,70,65,70,65,10,6,2,80,80,80,70,65,75,75,70,45,65,65,75,80,65,75,75,65,75
p00465,Measurement & modeling (2),Male,1948,White / Caucasian,Bachelor's degree,"$100,000 to $167,999",Republican,85,60,85,80,70,70,80,45,50,90,60,75,65,60,65,70,80,60,80,30,50,40,60,20,7,2,45,35,70,40,40,40,35,40,70,45,45,40,15,40,30,25,10,15
p00466,control,Male,1974,Hispanic / Latino,High school diploma / GED,"$30,000 to $55,999",Republican,15,10,10,20,20,20,15,20,15,10,25,25,20,20,10,20,20,20,40,35,10,45,20,80,1,2,20,10,35,20,20,10,15,15,15,20,15,40,35,20,15,20,35,30
p00467,Corporate reliance,Male,1981,White / Caucasian,High school diploma / GED,"$100,000 to $167,999",Independent,80,55,65,55,80,35,80,45,45,70,80,65,90,90,75,85,55,45,80,50,50,50,80,50,1,2,40,65,20,35,10,40,45,70,30,45,55,35,75,15,50,40,40,85
p00468,control,Male,1974,Asian / Asian American,Master's degree / Professional degree,"$168,000 or more",Republican,80,50,70,85,85,70,85,60,60,60,75,60,65,55,55,70,75,65,20,45,70,90,65,35,1,2,70,80,90,90,20,15,15,70,10,10,85,45,60,50,55,45,75,70
p00470,Social justice,Male,1981,White / Caucasian,Master's degree / Professional degree,"$100,000 to $167,999",Republican,70,90,40,90,100,60,50,60,60,70,80,60,70,60,40,50,50,60,20,20,70,60,80,30,2,2,60,20,20,50,20,20,10,10,0,20,60,50,30,50,40,50,20,30
p00471,Corporate reliance,Female,1993,White / Caucasian,Bachelor's degree,"$100,000 to $167,999",Democrat,100,100,95,70,85,85,80,90,55,95,90,95,65,40,55,95,80,80,60,50,80,95,70,20,0,2,85,80,75,95,10,65,50,60,5,25,65,75,90,80,35,95,85,70
p00472,Extreme weather predictions,Male,1958,White / Caucasian,Bachelor's degree,"$56,000 to $99,999",Democrat,70,20,100,70,30,50,30,80,70,20,90,10,50,50,40,20,30,40,90,100,100,100,40,100,6,1,80,100,90,90,50,50,90,100,60,60,50,50,80,70,70,50,80,60
p00473,Model accuracy,Male,1966,White / Caucasian,High school diploma / GED,"$100,000 to $167,999",Democrat,80,70,50,40,80,65,80,55,45,45,45,45,35,35,45,45,70,55,45,45,35,55,45,10,0,2,70,50,80,45,30,40,70,50,10,30,40,50,60,40,55,55,45,25
p00474,Peer-review,Female,1969,Black / African American,High school diploma / GED,"$56,000 to $99,999",Democrat,30,100,30,90,45,25,5,10,90,50,30,65,85,45,50,100,65,0,70,75,100,80,50,80,1,2,90,50,70,80,15,0,25,5,80,40,35,100,45,85,5,45,15,55
p00475,High public trust,Male,1980,Black / African American,Some college or Associate's degree,"$100,000 to $167,999",Democrat,80,85,65,65,80,35,45,60,65,90,30,60,80,75,50,60,65,90,25,80,65,80,90,15,5,1,70,65,65,70,80,70,60,60,80,40,65,35,70,35,85,75,65,55
p00476,Funding,Female,1952,White / Caucasian,Doctorate degree / Ph.D.,"$30,000 to $55,999",Democrat,81,21,82,50,78,56,92,83,72,68,87,87,84,20,86,76,73,93,96,81,100,69,93,15,8,1,84,79,61,87,31,69,96,67,86,47,64,68,95,85,60,94,89,89
p00477,Funding,Female,2004,White / Caucasian,Some college or Associate's degree,"$100,000 to $167,999",Republican,50,40,20,50,40,70,60,40,20,60,50,50,50,40,40,10,80,30,90,90,60,70,40,20,6,2,20,60,30,90,80,80,70,20,90,70,70,50,40,80,60,90,60,70
p00478,Funding,Male,1960,White / Caucasian,High school diploma / GED,"$100,000 to $167,999",Republican,58,9,82,55,7,22,17,20,11,17,7,6,16,56,4,50,37,32,3,18,15,13,32,86,2,1,83,15,7,27,33,39,14,38,19,15,5,11,1,3,5,46,36,22
p00479,Measurement & modeling (2),Female,1965,White / Caucasian,Bachelor's degree,"$168,000 or more",Republican,51,69,58,45,84,59,50,44,62,92,20,39,49,4,46,58,30,46,23,51,38,23,66,40,0,1,15,4,17,2,30,40,29,31,22,24,14,5,48,6,60,4,16,52
p00480,Consensus,Male,1988,White / Caucasian,Less than high school,"$30,000 to $55,999",Republican,20,20,30,20,10,10,20,10,50,20,30,20,20,20,20,20,20,20,40,10,30,20,10,90,3,2,10,20,10,40,10,50,10,40,10,70,10,40,70,80,60,30,40,20
p00481,Interview Prof. Sebille,Female,1969,Black / African American,Bachelor's degree,"$56,000 to $99,999",Democrat,50,90,50,80,90,80,90,100,40,70,70,50,70,80,100,60,80,70,70,100,80,80,70,10,2,1,80,100,60,90,70,40,10,20,10,0,80,90,70,100,80,60,50,100
p00482,Social justice,Male,1979,White / Caucasian,High school diploma / GED,"$168,000 or more",Republican,50,40,60,55,25,45,45,30,50,25,45,50,80,60,55,50,40,40,50,0,10,30,40,5,2,2,30,65,0,15,20,5,10,55,0,15,15,35,20,55,25,5,30,10
p00483,Social justice,Male,2001,White / Caucasian,Bachelor's degree,"$56,000 to $99,999",Democrat,87,91,82,83,77,91,84,85,76,80,82,92,78,65,67,60,84,59,82,63,64,89,79,24,3,2,62,82,84,77,80,84,80,66,85,63,78,85,78,92,77,83,77,89
p00484,Extreme weather predictions,Female,1955,White / Caucasian,Master's degree / Professional degree,"$100,000 to $167,999",Democrat,75,90,95,95,85,90,75,50,50,50,60,60,100,95,35,95,65,65,75,70,70,75,90,75,0,1,95,65,100,60,95,50,35,95,95,35,100,60,80,60,75,80,60,80
p00485,control,Female,1972,White / Caucasian,Bachelor's degree,"$56,000 to $99,999",Democrat,15,85,15,90,70,100,85,55,100,65,100,70,90,0,50,100,100,90,95,100,100,40,80,50,3,2,95,45,60,95,65,75,5,55,20,10,75,80,65,95,75,40,85,65
p00487,control,Male,2001,White / Caucasian,Some college or Associate's degree,"$100,000 to $167,999",Independent,80,70,90,80,80,70,50,50,80,80,60,80,40,80,60,50,80,60,60,60,30,40,90,60,3,2,50,70,90,90,40,50,50,50,60,40,80,80,80,90,90,80,40,60
p00488,Portrait Prof. Cherry,Male,1944,White / Caucasian,High school diploma / GED,"$30,000 to $55,999",Republican,10,50,47,65,45,59,74,61,60,72,10,31,38,74,37,10,24,34,30,24,41,12,12,42,0,1,57,96,31,48,4,52,54,90,7,11,47,10,31,94,3,48,37,55
p00491,Measurement & modeling (2),Female,1996,Asian / Asian American,Master's degree / Professional degree,"$100,000 to $167,999",Republican,93,92,100,71,100,72,100,92,93,88,99,45,86,84,73,62,90,88,83,83,98,96,77,36,3,2,64,89,64,25,35,19,35,0,60,78,100,49,23,45,51,46,68,55
p00493,Scientist community helpers,Female,1956,White / Caucasian,High school diploma / GED,"Less than $30,000",Democrat,20,80,80,40,90,40,30,90,20,30,20,50,60,20,90,30,30,0,60,80,100,70,60,50,1,2,100,70,90,60,10,10,50,0,40,100,60,100,60,90,70,60,70,90
p00495,Model accuracy,Female,1956,White / Caucasian,High school diploma / GED,"$56,000 to $99,999",Republican,40,100,100,0,70,20,10,20,40,60,10,70,50,50,10,40,50,20,60,80,0,30,80,40,1,2,0,0,30,0,30,20,30,20,30,10,50,30,50,50,30,10,90,40
p00497,Scientist community helpers,Female,2008,Hispanic / Latino,High school diploma / GED,"$30,000 to $55,999",Democrat,80,85,65,85,85,95,60,85,95,95,85,80,75,90,90,70,95,80,90,100,95,85,95,25,4,1,100,55,75,100,45,80,85,80,100,100,80,95,95,95,80,55,70,80
p00498,Measurement & modeling (1),Female,2000,White / Caucasian,Some college or Associate's degree,"$30,000 to $55,999",Republican,25,50,75,50,75,50,25,75,25,50,50,75,75,25,0,25,25,50,75,75,50,75,25,25,3,2,50,25,50,75,50,75,25,50,50,0,75,50,50,50,75,75,50,75
p00499,Model accuracy,Male,1993,White / Caucasian,Some college or Associate's degree,"$100,000 to $167,999",Democrat,24,79,53,23,57,69,79,98,51,64,45,46,53,100,17,51,33,77,77,99,99,99,41,2,7,2,44,48,55,43,11,81,21,31,100,54,85,46,100,78,23,96,87,100
p00500,Measurement & modeling (1),Female,1990,White / Caucasian,Some college or Associate's degree,"$30,000 to $55,999",Independent,40,70,60,60,60,50,20,60,70,50,100,70,80,40,30,50,50,40,60,40,50,60,50,40,2,2,60,60,60,60,70,50,70,60,40,80,50,90,90,90,50,70,80,70
p00501,Interview Prof. Maraun,Female,1984,Hispanic / Latino,Some college or Associate's degree,"$56,000 to $99,999",Republican,60,40,10,90,60,60,50,90,70,50,90,10,50,40,0,50,20,80,50,40,80,80,50,40,1,2,60,70,80,90,30,10,50,10,50,60,60,30,40,20,100,30,50,70
p00502,Measurement & modeling (1),Male,1968,White / Caucasian,High school diploma / GED,"$30,000 to $55,999",Republican,50,50,45,95,50,80,65,35,45,50,65,75,30,55,55,30,50,65,20,50,50,15,60,20,5,1,90,45,40,70,20,30,5,15,15,0,50,40,50,65,20,50,60,45
p00503,Social justice,Male,2000,White / Caucasian,Bachelor's degree,"$56,000 to $99,999",Democrat,85,90,70,80,90,80,80,75,70,35,85,10,85,85,90,75,80,75,50,45,70,75,85,45,8,2,70,70,70,55,65,55,75,65,75,30,80,65,60,65,80,80,60,65
p00504,High public trust,Female,2002,White / Caucasian,Some college or Associate's degree,"Less than $30,000",Democrat,0,65,90,85,45,40,75,80,70,25,95,50,95,10,90,80,95,40,30,40,85,65,15,5,1,2,65,90,40,60,75,60,90,40,25,80,90,95,95,20,45,45,85,65
p00505,Peer-review,Female,1996,Asian / Asian American,Bachelor's degree,"Less than $30,000",Republican,40,70,35,35,30,55,90,40,85,50,25,55,30,45,55,15,20,40,85,65,60,65,45,25,5,2,70,60,60,70,45,25,25,55,30,55,55,55,60,85,75,40,85,70
p00506,Oil industry misinformation,Female,1986,White / Caucasian,Some college or Associate's degree,"$100,000 to $167,999",Republican,45,55,50,25,10,50,50,15,20,50,40,35,50,45,50,75,5,50,65,70,55,10,60,10,0,2,70,30,5,75,35,5,20,40,5,10,10,65,75,60,55,70,35,45
p00507,Funding,Female,1999,Asian / Asian American,Bachelor's degree,"$56,000 to $99,999",Republican,50,70,90,60,70,80,50,70,30,90,30,30,80,40,40,30,40,80,40,40,40,50,70,20,2,2,60,10,70,40,20,40,30,50,30,20,10,30,20,30,40,40,70,70
p00508,Portrait Prof. Cherry,Female,1985,Asian / Asian American,Some college or Associate's degree,"$56,000 to $99,999",Independent,89,53,30,43,48,46,36,72,69,21,77,84,79,27,32,26,33,36,23,53,33,16,48,63,6,2,92,68,43,36,33,43,74,88,80,72,81,44,15,85,32,29,33,64
p00509,Social justice,Male,1952,Hispanic / Latino,Master's degree / Professional degree,"$56,000 to $99,999",Democrat,0,50,75,45,85,40,70,0,80,80,80,30,50,45,80,20,80,50,100,40,70,40,55,35,5,2,100,60,70,55,65,50,50,50,80,45,70,50,75,65,40,80,80,65
p00510,Measurement & modeling (1),Female,1973,White / Caucasian,Doctorate degree / Ph.D.,"$100,000 to $167,999",Democrat,70,65,80,85,90,80,75,65,75,80,80,85,80,90,85,90,60,90,90,85,85,70,80,10,7,2,85,80,85,80,90,80,90,90,70,85,75,85,80,85,80,70,90,50
p00511,Former skeptics,Female,1962,Other,Some college or Associate's degree,"$100,000 to $167,999",Republican,70,55,50,50,100,25,15,20,50,5,0,45,90,0,10,5,50,20,50,50,10,0,60,0,6,1,95,15,20,45,80,55,35,20,45,20,50,45,15,55,10,30,15,20
p00512,Scientist community helpers,Female,1950,White / Caucasian,High school diploma / GED,"$30,000 to $55,999",Democrat,40,80,60,70,80,30,80,50,60,60,30,50,80,30,10,0,70,90,70,80,90,90,80,40,6,2,90,90,90,70,30,50,50,10,50,60,90,90,90,80,80,80,70,90
p00513,Model accuracy,Male,2002,Black / African American,Bachelor's degree,"$56,000 to $99,999",Republican,10,30,60,60,50,30,40,10,50,40,30,60,40,40,30,40,50,30,90,90,40,70,40,50,5,2,60,80,40,70,10,50,50,60,40,50,40,70,40,30,50,20,60,60
p00514,Extreme weather predictions,Male,2002,White / Caucasian,Some college or Associate's degree,"$30,000 to $55,999",Democrat,80,80,80,90,90,90,80,80,80,80,80,90,90,90,50,60,60,90,80,70,90,90,80,40,5,1,90,80,80,80,50,50,60,10,60,50,80,90,90,80,90,80,80,90
p00515,Oil industry misinformation,Male,2008,White / Caucasian,Less than high school,"$100,000 to $167,999",Independent,55,25,18,33,72,68,41,82,85,84,81,43,98,70,66,0,11,92,99,93,88,64,56,74,2,1,41,78,69,99,38,59,50,60,81,55,69,72,76,36,58,79,83,79
p00516,Former skeptics,Female,1962,White / Caucasian,Some college or Associate's degree,"$56,000 to $99,999",Republican,30,15,5,15,30,30,0,45,60,55,15,40,70,40,35,50,20,50,5,35,25,40,55,20,1,2,35,10,15,0,5,5,15,20,25,60,15,50,20,35,35,30,15,15
p00517,Oil industry misinformation,Male,2005,Other,High school diploma / GED,"$100,000 to $167,999",Republican,20,10,50,10,30,80,30,60,30,50,70,20,30,20,30,20,20,20,60,10,50,40,10,20,10,2,20,90,20,10,80,70,40,80,70,40,30,30,30,20,10,40,40,90
p00518,Oil industry misinformation,Male,1965,White / Caucasian,Bachelor's degree,"$56,000 to $99,999",Republican,40,60,30,40,30,70,60,60,60,60,10,80,60,70,20,30,90,70,70,50,80,30,70,20,0,2,10,20,20,40,10,20,30,40,10,10,30,20,70,20,20,20,30,50
p00519,High public trust,Female,1960,White / Caucasian,High school diploma / GED,"Less than $30,000",Republican,15,15,10,40,15,15,40,15,45,25,20,20,35,55,60,20,25,35,60,35,15,70,25,55,2,2,10,75,40,20,20,30,10,15,35,25,20,40,20,90,35,20,45,50
p00520,Peer-review,Male,1965,White / Caucasian,Bachelor's degree,"$168,000 or more",Democrat,55,60,80,55,80,55,40,80,85,85,85,80,55,85,75,70,55,70,90,90,55,60,70,40,1,2,45,75,65,65,70,60,65,25,60,15,40,85,25,55,90,25,55,90
p00521,Corporate reliance,Female,1951,Hispanic / Latino,Doctorate degree / Ph.D.,"$56,000 to $99,999",Democrat,80,90,85,90,75,80,75,55,85,90,85,90,85,65,85,80,90,90,75,55,70,65,85,10,0,2,80,80,85,90,60,50,65,50,30,65,80,75,60,55,45,25,75,85
p00523,Scientist community helpers,Male,1968,Black / African American,Some college or Associate's degree,"$56,000 to $99,999",Republican,9,56,16,34,73,25,71,42,100,99,9,22,17,35,21,44,4,23,11,89,7,8,77,16,3,2,40,85,49,2,10,16,2,8,5,11,24,5,10,84,0,0,15,33
p00524,Interview Prof. Sebille,Male,1962,White / Caucasian,Some college or Associate's degree,"$100,000 to $167,999",Democrat,70,70,50,80,60,60,50,100,100,90,80,100,100,100,100,90,90,20,100,60,60,100,100,30,4,1,100,80,40,100,90,60,10,50,80,100,80,90,90,100,90,90,40,100
p00526,Measurement & modeling (2),Male,1997,White / Caucasian,Master's degree / Professional degree,"$100,000 to $167,999",Republican,77,65,71,63,38,61,43,40,88,63,49,13,63,81,55,57,53,22,33,53,60,46,69,26,3,2,57,36,21,55,51,75,4,93,54,36,5,43,40,11,3,74,73,32
p00527,Portrait Prof. Cherry,Female,1971,Hispanic / Latino,High school diploma / GED,"$30,000 to $55,999",Democrat,85,70,75,85,65,55,85,85,85,80,70,70,85,90,90,80,85,90,90,85,85,85,90,65,1,1,90,70,85,90,50,65,55,45,65,70,75,85,90,85,80,90,80,85
p00528,Extreme weather predictions,Male,1996,White / Caucasian,High school diploma / GED,"$56,000 to $99,999",Democrat,20,90,40,30,40,20,30,20,20,20,20,30,10,60,10,20,70,20,90,90,80,90,30,40,6,2,80,90,80,40,40,60,80,50,70,40,90,90,30,90,90,80,80,80
p00529,Measurement & modeling (2),Female,1987,Asian / Asian American,Master's degree / Professional degree,"$100,000 to $167,999",Democrat,45,65,85,85,75,50,70,70,85,20,45,50,80,20,30,60,80,55,85,90,60,85,35,45,7,1,85,55,65,60,40,40,50,40,45,70,85,90,90,60,90,35,55,80
p00530,Interview Prof. Sebille,Female,1991,Hispanic / Latino,Master's degree / Professional degree,"$100,000 to $167,999",Democrat,60,85,65,85,85,80,90,100,65,85,95,70,90,95,95,90,80,95,80,90,80,90,80,0,3,2,95,85,85,100,85,95,85,95,70,85,95,100,95,90,95,90,95,85
p00531,Peer-review,Male,1996,Black / African American,High school diploma / GED,"$30,000 to $55,999",Democrat,75,100,75,100,75,100,25,75,100,100,100,100,50,50,75,75,75,75,75,100,100,100,75,25,6,1,75,100,100,75,75,75,100,100,75,100,100,100,100,100,100,100,75,100
p00533,Extreme weather predictions,Male,1980,Black / African American,Less than high school,"Less than $30,000",Democrat,90,50,60,50,90,70,80,80,60,40,40,80,80,60,60,40,60,80,80,80,90,80,50,30,1,2,90,80,90,80,40,40,20,40,10,70,80,60,90,90,70,90,80,80
p00535,Consensus,Female,1994,White / Caucasian,Bachelor's degree,"$100,000 to $167,999",Democrat,61,62,100,85,74,89,100,72,53,72,92,24,91,74,52,97,94,65,86,97,67,87,65,12,5,1,100,98,95,47,100,49,100,74,89,44,91,88,91,85,86,64,90,70
p00536,Model accuracy,Male,1989,White / Caucasian,Some college or Associate's degree,"$56,000 to $99,999",Democrat,100,100,100,90,100,100,90,90,100,90,90,100,100,100,70,95,50,95,50,75,30,80,100,75,2,2,95,70,100,100,55,25,60,80,40,65,65,90,85,40,90,50,25,20
p00537,Peer-review,Male,1994,White / Caucasian,Doctorate degree / Ph.D.,"$100,000 to $167,999",Republican,90,80,90,85,75,85,95,90,40,85,50,35,40,55,40,40,95,95,45,60,95,75,60,15,3,2,45,25,95,45,75,15,55,20,15,35,40,40,30,95,55,55,40,75
p00538,Portrait Prof. Cherry,Female,1983,White / Caucasian,Some college or Associate's degree,"$56,000 to $99,999",Republican,70,70,50,70,40,30,40,0,50,60,50,60,90,30,40,40,10,10,90,30,50,50,10,10,0,1,90,40,30,50,50,10,10,30,10,80,20,30,20,40,50,60,10,40
p00540,Measurement & modeling (2),Female,1961,Black / African American,High school diploma / GED,"Less than $30,000",Democrat,61,29,95,42,61,85,92,67,31,78,85,77,90,68,28,29,81,42,80,98,86,89,87,14,3,2,95,81,84,83,57,29,38,27,75,21,89,95,93,98,85,89,97,76
p00541,High public trust,Male,1970,White / Caucasian,Some college or Associate's degree,"$100,000 to $167,999",Democrat,90,80,80,80,90,80,90,80,90,90,80,60,90,90,60,70,90,50,70,60,80,60,70,40,6,2,80,80,60,60,10,40,80,70,70,50,80,80,80,60,90,80,70,80
p00542,Model accuracy,Female,1991,White / Caucasian,Some college or Associate's degree,"Less than $30,000",Republican,5,35,25,70,30,5,5,30,15,30,40,15,55,45,30,15,5,20,50,15,50,25,45,70,2,1,85,15,30,35,15,30,10,10,15,20,35,20,40,95,40,40,15,35
p00543,Model accuracy,Female,1950,Black / African American,Some college or Associate's degree,"$30,000 to $55,999",Democrat,100,60,70,75,85,90,70,85,85,80,60,70,85,55,90,70,60,55,95,50,80,90,65,20,2,2,75,90,45,65,90,30,55,15,30,55,45,65,55,75,70,75,75,80
p00544,Funding,Female,2006,White / Caucasian,High school diploma / GED,"$168,000 or more",Republican,10,70,20,10,10,10,10,40,50,60,50,30,20,10,40,50,10,50,50,20,70,20,20,10,1,2,70,20,40,60,10,60,60,50,40,20,30,20,40,50,50,30,50,30
p00545,Portrait Prof. Cherry,Female,1954,White / Caucasian,Some college or Associate's degree,"$100,000 to $167,999",Republican,80,80,40,85,65,80,60,65,60,60,90,55,45,40,70,90,65,35,30,70,35,40,90,90,4,1,85,50,40,40,60,55,50,35,80,30,45,55,90,45,45,70,25,45
p00546,Model accuracy,Male,1971,White / Caucasian,High school diploma / GED,"$56,000 to $99,999",Republican,73,24,22,58,41,60,46,87,13,69,32,30,22,51,53,55,9,38,53,57,48,20,81,50,4,2,59,7,27,8,41,12,12,45,5,18,42,88,38,55,33,29,59,43
p00547,Oil industry misinformation,Male,2002,White / Caucasian,Less than high school,"Less than $30,000",Independent,41,52,60,79,26,84,51,26,70,95,45,30,48,51,28,47,34,48,77,61,75,95,44,5,0,1,15,75,88,77,54,28,53,68,76,43,65,72,56,23,64,27,63,60
p00549,Measurement & modeling (2),Female,1968,White / Caucasian,Bachelor's degree,"$56,000 to $99,999",Republican,30,10,70,40,30,30,40,50,20,50,70,40,20,50,80,40,30,40,50,50,60,30,40,30,2,2,80,30,20,50,20,50,50,50,20,60,40,40,30,70,40,10,30,20
p00550,Measurement & modeling (2),Male,1977,White / Caucasian,Some college or Associate's degree,"$100,000 to $167,999",Republican,5,35,80,55,80,50,95,60,45,55,55,75,45,10,15,35,55,60,45,60,0,85,55,40,4,2,50,35,0,35,10,55,15,55,85,55,80,50,45,0,60,20,70,80
p00551,Interview Prof. Sebille,Male,1962,White / Caucasian,Some college or Associate's degree,"$100,000 to $167,999",Republican,45,60,70,75,55,45,40,5,55,95,50,30,50,45,15,5,55,45,50,35,55,50,95,60,2,2,10,0,5,30,10,5,5,0,20,10,0,20,45,35,35,25,40,25
p00553,Model accuracy,Female,1994,Black / African American,Some college or Associate's degree,"$100,000 to $167,999",Independent,50,50,70,60,80,50,10,10,50,10,10,90,90,20,80,30,20,40,50,70,70,50,50,20,10,2,60,50,70,80,10,70,30,20,50,40,80,70,30,80,30,30,80,50
p00554,Consensus,Male,1954,Black / African American,High school diploma / GED,"$56,000 to $99,999",Democrat,70,60,60,30,50,70,60,70,30,30,70,40,80,10,50,60,10,70,60,70,70,70,60,50,0,2,40,40,40,40,40,30,40,30,30,30,30,60,70,20,70,60,40,60
p00555,Interview Prof. Sebille,Male,1961,White / Caucasian,High school diploma / GED,"$56,000 to $99,999",Democrat,70,70,60,70,70,70,70,60,70,60,60,70,80,70,70,60,50,40,70,70,50,70,90,30,0,2,50,30,50,40,30,10,30,30,40,10,60,50,50,70,50,70,70,70
p00556,Peer-review,Female,1978,White / Caucasian,Some college or Associate's degree,"$30,000 to $55,999",Republican,70,90,80,60,60,40,50,90,80,40,20,50,10,60,80,100,50,70,30,40,60,30,80,30,9,1,70,10,0,50,50,60,50,20,20,30,20,60,80,30,40,50,90,10
p00557,Social justice,Male,1989,White / Caucasian,Some college or Associate's degree,"$30,000 to $55,999",Democrat,61,74,98,86,82,81,94,67,61,64,94,96,97,97,43,24,58,54,53,25,41,44,74,37,9,2,0,56,92,29,53,55,15,42,69,16,76,39,37,60,5,50,41,51
p00558,Measurement & modeling (2),Female,1946,White / Caucasian,High school diploma / GED,"$56,000 to $99,999",Democrat,50,73,66,69,73,95,85,42,34,98,44,92,98,23,35,41,77,78,70,57,92,87,80,13,0,2,78,83,85,72,26,31,52,27,55,2,64,81,41,95,60,37,51,52
p00559,Peer-review,Male,1959,White / Caucasian,Master's degree / Professional degree,"$100,000 to $167,999",Republican,80,20,60,60,60,70,80,40,80,90,80,60,70,80,0,90,80,20,80,70,90,70,50,20,0,2,20,40,40,70,20,60,30,20,30,50,40,100,30,60,60,60,90,40
p00561,Consensus,Female,1993,White / Caucasian,Some college or Associate's degree,"$30,000 to $55,999",Democrat,70,60,70,90,80,80,80,80,80,70,30,70,90,80,50,80,50,90,50,80,80,50,80,10,4,2,80,80,70,90,60,60,40,10,60,70,60,50,70,80,80,40,60,70
p00562,Former skeptics,Female,1993,Black / African American,Some college or Associate's degree,"$30,000 to $55,999",Democrat,25,70,95,90,40,60,30,80,90,55,75,80,45,60,80,45,65,50,65,90,75,65,90,15,3,1,85,90,60,70,75,65,75,40,50,70,95,100,100,95,95,25,100,85
p00563,Portrait Prof. Cherry,Female,2000,White / Caucasian,Some college or Associate's degree,"$30,000 to $55,999",Republican,10,70,10,15,35,15,30,65,90,10,45,20,10,15,10,10,60,55,30,70,20,30,45,65,1,2,40,15,30,20,90,30,10,40,40,30,60,10,35,10,15,30,50,35
p00564,Model accuracy,Female,1987,Hispanic / Latino,Some college or Associate's degree,"$56,000 to $99,999",Republican,85,80,65,75,65,55,60,85,50,70,70,100,80,70,90,45,25,75,65,45,25,85,75,0,7,2,65,100,70,45,95,50,70,20,50,100,70,95,75,25,50,60,55,45
p00565,Portrait Prof. Cherry,Male,1966,White / Caucasian,Master's degree / Professional degree,"$56,000 to $99,999",Democrat,60,90,85,80,60,70,60,85,50,85,30,35,95,55,65,40,35,75,90,85,95,65,80,20,0,1,30,65,65,75,40,80,0,20,90,0,40,0,85,40,30,75,30,35
p00566,Portrait Prof. Cherry,Male,1976,White / Caucasian,Bachelor's degree,"$168,000 or more",Democrat,75,80,80,90,80,85,85,75,85,90,85,80,90,45,65,75,70,65,80,90,85,90,70,25,5,2,90,85,85,60,70,70,70,65,80,85,90,80,80,90,90,80,85,70
p00567,Extreme weather predictions,Male,1998,Hispanic / Latino,Less than high school,"$56,000 to $99,999",Democrat,40,40,40,40,50,60,50,50,40,30,60,50,60,50,40,40,40,50,70,40,80,50,70,60,4,1,60,50,80,50,50,40,30,50,10,60,80,60,80,50,50,70,100,80
p00568,Interview Prof. Maraun,Male,1954,White / Caucasian,High school diploma / GED,"$168,000 or more",Independent,50,50,45,65,55,55,80,70,25,25,65,55,55,35,40,55,55,70,45,45,25,65,40,75,1,2,65,30,85,60,15,30,20,45,15,40,70,45,40,65,40,55,60,45
p00569,Interview Prof. Maraun,Female,1999,Hispanic / Latino,Bachelor's degree,"$168,000 or more",Democrat,90,90,80,80,80,80,90,90,90,80,90,80,30,90,80,80,90,60,40,50,90,90,80,60,4,2,90,90,40,90,40,60,50,30,60,50,90,80,80,60,70,90,80,80
p00570,Model accuracy,Female,1951,White / Caucasian,High school diploma / GED,"$100,000 to $167,999",Independent,50,50,25,0,25,0,25,75,50,25,50,25,25,25,25,50,0,50,0,25,0,25,100,25,7,2,75,0,25,25,25,0,0,75,25,25,25,25,25,0,50,25,25,25
p00571,Interview Prof. Maraun,Female,1988,White / Caucasian,Bachelor's degree,"$56,000 to $99,999",Democrat,90,90,100,100,100,100,100,90,100,90,100,90,100,90,90,80,70,100,90,100,90,90,100,0,9,1,60,70,70,80,80,80,60,60,90,90,90,90,100,100,70,90,100,90
p00572,Measurement & modeling (2),Female,1952,White / Caucasian,High school diploma / GED,"$100,000 to $167,999",Democrat,75,85,75,95,65,85,70,95,40,80,70,50,60,45,85,65,65,65,25,25,70,30,75,35,2,1,85,55,65,65,40,5,35,90,30,40,30,30,30,70,45,55,40,40
p00573,Oil industry misinformation,Male,1984,White / Caucasian,High school diploma / GED,"Less than $30,000",Republican,35,15,25,15,20,20,10,10,15,15,10,20,30,25,35,10,30,25,20,10,15,10,25,40,3,2,35,15,35,10,35,10,10,35,15,15,25,15,15,25,10,20,20,25
p00575,Portrait Prof. Cherry,Male,1968,White / Caucasian,Doctorate degree / Ph.D.,"$56,000 to $99,999",Democrat,90,100,90,70,100,100,90,95,75,100,75,100,90,55,80,55,90,85,70,45,100,75,95,5,2,2,25,70,75,60,80,45,90,20,65,55,40,90,45,75,90,100,85,40
p00576,Extreme weather predictions,Female,1989,Hispanic / Latino,Bachelor's degree,"$100,000 to $167,999",Democrat,60,64,82,24,54,31,69,80,53,19,67,68,54,9,80,41,83,73,82,51,89,58,68,18,7,1,35,88,58,77,78,77,77,90,85,87,77,53,62,88,56,64,83,78
p00577,Extreme weather predictions,Male,1976,White / Caucasian,Some college or Associate's degree,"$56,000 to $99,999",Democrat,25,65,50,65,45,60,40,70,90,35,45,45,85,70,85,40,40,90,70,75,80,65,45,55,2,2,90,90,85,55,20,50,50,35,55,60,80,60,60,65,65,65,50,70
p00578,Interview Prof. Sebille,Female,1950,White / Caucasian,High school diploma / GED,"$56,000 to $99,999",Republican,55,60,65,50,65,55,15,80,50,10,20,55,75,55,10,45,80,35,15,45,15,65,65,20,2,2,55,10,20,35,15,15,25,20,15,15,50,40,40,40,40,40,30,45
p00579,Model accuracy,Male,1961,White / Caucasian,High school diploma / GED,"$30,000 to $55,999",Republican,10,10,10,20,15,15,10,25,50,10,10,15,25,10,10,25,20,20,85,10,25,10,25,10,2,2,20,10,10,10,15,15,15,15,10,25,10,15,70,10,10,10,10,45
p00580,Interview Prof. Maraun,Male,1991,Hispanic / Latino,Master's degree / Professional degree,"$56,000 to $99,999",Democrat,80,50,80,70,60,60,90,60,80,90,90,60,90,80,80,80,80,70,50,40,50,80,80,40,8,2,90,70,50,80,80,80,80,80,80,80,40,60,40,70,50,70,20,80
p00581,Oil industry misinformation,Male,2007,White / Caucasian,High school diploma / GED,"$100,000 to $167,999",Democrat,60,30,50,90,65,45,95,45,90,100,100,95,85,80,65,40,45,25,100,55,100,80,45,10,2,2,95,100,85,75,70,100,100,70,50,60,100,65,65,80,95,95,80,60
p00582,Peer-review,Female,1946,White / Caucasian,Some college or Associate's degree,"$30,000 to $55,999",Republican,20,35,35,40,45,15,80,60,10,35,90,90,75,15,25,65,80,30,20,10,15,80,25,65,2,1,20,20,25,10,30,15,35,10,15,15,15,10,15,65,20,50,20,30
p00585,Scientist community helpers,Female,1991,White / Caucasian,High school diploma / GED,"$30,000 to $55,999",Republican,20,20,10,10,10,30,60,30,40,10,20,10,30,50,20,80,20,30,50,70,40,50,30,20,0,2,60,80,20,10,60,30,60,40,90,60,20,60,40,20,30,40,30,30
p00586,Oil industry misinformation,Male,1954,White / Caucasian,Bachelor's degree,"$100,000 to $167,999",Republican,60,30,40,90,30,60,70,60,50,80,60,50,50,50,60,20,30,50,40,30,30,30,60,60,0,2,40,20,40,10,10,40,20,20,10,10,30,60,30,30,20,10,20,30
p00587,Interview Prof. Sebille,Female,1954,White / Caucasian,High school diploma / GED,"$100,000 to $167,999",Democrat,30,80,0,50,60,50,20,100,40,90,70,30,70,60,20,50,40,30,70,80,40,60,30,50,2,2,80,40,40,50,20,20,30,30,50,10,60,80,40,40,50,60,50,80
p00588,High public trust,Male,1958,White / Caucasian,Master's degree / Professional degree,"$168,000 or more",Democrat,39,21,91,43,56,54,56,42,22,64,30,43,44,46,30,63,32,47,49,47,40,41,43,19,4,2,77,41,68,20,22,57,49,53,43,51,42,41,45,44,42,54,78,68
p00589,Extreme weather predictions,Female,1962,White / Caucasian,Some college or Associate's degree,"$56,000 to $99,999",Republican,80,40,70,70,50,100,50,90,40,60,50,60,100,50,40,40,20,0,80,10,0,50,60,0,0,2,100,30,0,20,10,20,0,10,30,40,20,70,10,10,70,50,80,50
p00590,Consensus,Female,2002,Hispanic / Latino,Some college or Associate's degree,"$30,000 to $55,999",Democrat,75,70,80,60,85,45,80,75,75,45,65,75,80,65,65,55,85,55,80,85,80,85,80,20,7,2,80,85,85,90,75,90,75,75,90,65,85,80,80,90,80,90,85,80
p00591,Social justice,Male,2004,Black / African American,High school diploma / GED,"$100,000 to $167,999",Democrat,85,85,80,90,95,45,75,90,80,80,85,45,75,85,95,90,90,80,75,75,85,100,85,25,7,2,90,65,95,95,85,50,70,95,90,90,95,95,95,95,40,95,80,90
p00592,High public trust,Male,1993,White / Caucasian,High school diploma / GED,"$56,000 to $99,999",Republican,50,90,65,50,60,45,55,90,60,30,50,25,15,50,25,40,35,50,20,15,10,10,25,25,4,2,20,20,10,15,30,40,30,10,30,15,25,55,10,35,30,25,10,30
p00593,Social justice,Male,1999,Hispanic / Latino,High school diploma / GED,"$30,000 to $55,999",Independent,0,95,50,5,95,40,50,65,70,45,15,95,85,10,95,35,55,90,0,55,80,95,45,10,2,2,85,50,65,30,0,15,15,0,15,10,85,50,35,15,60,70,25,60
p00595,Measurement & modeling (2),Female,1965,White / Caucasian,High school diploma / GED,"$30,000 to $55,999",Republican,65,70,15,50,30,15,45,50,25,55,45,80,65,85,60,40,50,0,30,95,50,35,30,30,6,1,20,25,30,30,40,10,60,50,50,55,65,60,35,60,100,40,35,100
p00596,Extreme weather predictions,Male,1997,Other,Some college or Associate's degree,"Less than $30,000",Democrat,55,50,30,45,25,70,60,60,75,100,75,10,55,75,40,10,60,55,30,90,80,75,10,55,1,2,65,90,65,90,70,100,45,5,35,0,90,20,60,85,75,100,55,80
p00597,Measurement & modeling (1),Female,1985,White / Caucasian,Master's degree / Professional degree,"$100,000 to $167,999",Democrat,73,87,96,75,97,98,97,84,89,97,87,88,37,99,78,82,42,36,87,100,83,83,93,4,2,1,94,61,94,64,39,79,48,31,61,82,85,83,80,95,85,68,81,86
p00598,Oil industry misinformation,Male,2008,White / Caucasian,High school diploma / GED,"$56,000 to $99,999",Republican,40,90,20,90,20,10,70,90,40,60,20,30,30,50,20,20,30,20,20,10,20,10,50,70,6,2,20,20,20,20,50,60,10,20,30,20,30,10,10,20,20,10,30,20
p00599,Funding,Male,1983,Hispanic / Latino,Master's degree / Professional degree,"$100,000 to $167,999",Democrat,100,90,100,90,90,80,90,90,80,90,90,100,90,60,100,10,90,90,90,90,80,90,100,10,8,2,100,90,70,90,70,30,100,100,40,80,100,100,80,90,100,80,80,90
p00600,Social justice,Female,1984,Black / African American,High school diploma / GED,"$56,000 to $99,999",Democrat,90,90,70,90,80,80,90,80,90,80,90,80,90,30,30,70,80,80,50,80,60,40,70,20,4,1,90,70,90,80,80,80,60,80,80,90,60,80,60,90,70,80,70,60
p00601,Peer-review,Female,1972,White / Caucasian,High school diploma / GED,"$100,000 to $167,999",Democrat,100,80,70,90,80,100,80,90,100,90,90,90,40,70,70,70,70,80,90,80,90,80,90,40,7,1,100,90,80,90,60,90,90,40,90,80,100,80,90,70,90,90,70,70
p00602,Measurement & modeling (1),Female,1970,White / Caucasian,Master's degree / Professional degree,"$100,000 to $167,999",Republican,35,75,85,45,55,30,70,40,50,65,35,70,80,70,45,50,5,50,90,70,90,85,45,95,3,2,90,70,55,80,55,15,50,100,25,30,75,40,65,45,70,100,65,55
p00603,Peer-review,Female,2004,White / Caucasian,High school diploma / GED,"$100,000 to $167,999",Democrat,80,95,75,80,55,65,65,100,85,60,75,85,90,55,70,55,50,90,90,100,90,85,65,35,7,2,90,80,85,95,75,90,65,55,75,90,100,85,100,90,95,95,85,80
p00604,Portrait Prof. Cherry,Female,1953,White / Caucasian,Bachelor's degree,"$30,000 to $55,999",Democrat,50,75,50,0,50,50,50,75,50,75,75,50,50,50,50,25,50,50,75,50,50,50,50,0,10,2,100,75,75,75,25,25,25,75,0,0,50,25,50,50,50,75,75,50
p00605,Social justice,Female,1958,Hispanic / Latino,Bachelor's degree,"$30,000 to $55,999",Republican,45,70,85,50,80,70,25,85,70,55,55,85,80,60,50,65,55,35,30,55,55,40,50,25,3,1,40,20,40,55,10,55,40,55,15,15,30,35,10,40,25,60,35,35
p00606,High public trust,Male,1953,White / Caucasian,Master's degree / Professional degree,"$100,000 to $167,999",Democrat,90,80,50,70,90,60,90,80,80,60,70,40,80,90,60,60,70,90,80,90,80,70,80,10,5,2,80,70,50,90,70,70,50,50,80,50,90,80,70,90,50,80,80,80
p00607,Scientist community helpers,Male,1985,White / Caucasian,Bachelor's degree,"$168,000 or more",Independent,40,75,60,45,20,40,20,30,40,75,25,10,70,10,35,60,60,35,25,45,55,90,30,35,3,2,25,20,25,50,55,40,15,55,60,20,70,10,45,20,90,50,45,60
p00608,Peer-review,Female,1972,White / Caucasian,High school diploma / GED,"Less than $30,000",Democrat,70,50,50,70,80,90,70,80,70,60,40,80,50,50,90,90,70,30,50,90,90,80,80,20,3,2,80,80,70,70,80,20,30,30,10,80,70,50,60,70,80,90,50,90
p00609,Interview Prof. Sebille,Male,1971,White / Caucasian,High school diploma / GED,"$30,000 to $55,999",Democrat,80,70,60,20,80,90,80,70,90,60,90,80,90,60,50,60,60,50,90,90,60,80,80,20,3,2,30,50,30,40,50,50,50,30,70,50,80,30,90,90,70,60,60,80
p00610,Portrait Prof. Cherry,Male,1978,White / Caucasian,High school diploma / GED,"$168,000 or more",Republican,40,55,45,70,80,20,60,60,40,40,65,60,50,75,55,95,35,85,55,5,45,50,80,0,2,2,55,75,50,30,15,10,15,25,45,25,80,15,50,10,30,60,10,45
p00611,Former skeptics,Female,1988,Black / African American,Bachelor's degree,"$100,000 to $167,999",Democrat,75,80,80,90,80,75,90,85,75,90,85,85,75,80,85,80,75,85,85,85,90,80,85,20,8,2,80,80,85,80,65,70,75,75,65,85,85,85,85,90,80,80,85,75
p00615,Oil industry misinformation,Female,1996,Hispanic / Latino,Bachelor's degree,"$30,000 to $55,999",Democrat,83,59,60,100,9,39,22,82,94,100,40,85,40,47,86,100,59,4,100,41,54,20,61,25,2,2,98,21,87,96,64,93,92,82,100,97,96,100,86,59,100,90,92,97
p00616,High public trust,Male,1986,White / Caucasian,Bachelor's degree,"$100,000 to $167,999",Democrat,90,35,80,50,75,40,85,60,60,50,70,20,90,55,25,45,40,75,45,30,60,45,70,15,7,2,85,65,70,90,80,70,45,60,15,75,65,50,50,65,70,65,70,65
p00617,Funding,Male,1990,Black / African American,Some college or Associate's degree,"$56,000 to $99,999",Democrat,60,90,65,55,75,90,65,60,50,90,80,65,90,50,45,75,65,45,85,65,80,90,85,10,4,2,65,85,80,75,55,30,75,65,60,65,70,60,65,90,35,75,90,55
p00618,Interview Prof. Sebille,Female,1971,White / Caucasian,Bachelor's degree,"$30,000 to $55,999",Democrat,90,100,50,100,100,100,20,40,40,100,50,100,90,100,100,90,100,100,90,80,90,90,100,20,0,2,90,70,90,100,30,40,20,30,100,50,90,40,100,100,100,40,40,100
p00619,Consensus,Male,1953,White / Caucasian,High school diploma / GED,"$56,000 to $99,999",Republican,40,30,50,40,30,20,40,40,30,40,30,30,20,60,20,80,20,20,50,70,10,40,30,20,1,2,30,0,20,20,40,20,30,40,40,40,10,20,10,30,10,20,20,10
p00620,Peer-review,Female,1989,White / Caucasian,Some college or Associate's degree,"$56,000 to $99,999",Republican,45,90,80,90,100,45,55,80,60,75,40,60,25,65,60,10,45,75,95,50,65,90,50,85,5,2,80,95,20,75,55,65,30,40,90,40,85,80,65,65,65,55,95,90
p00621,Funding,Female,1946,White / Caucasian,Some college or Associate's degree,"$56,000 to $99,999",Republican,15,20,20,30,15,5,15,30,10,85,5,25,30,40,55,35,20,5,15,10,65,10,15,60,6,1,10,15,5,10,5,30,35,5,60,45,20,10,40,35,15,35,15,25
p00623,Interview Prof. Sebille,Female,1973,Black / African American,Some college or Associate's degree,"$30,000 to $55,999",Democrat,30,60,10,30,50,30,30,60,60,20,50,30,90,50,40,50,40,50,80,100,70,90,20,50,3,2,90,80,90,90,50,100,60,90,80,80,80,80,90,50,100,90,90,90
p00624,Interview Prof. Maraun,Female,1961,White / Caucasian,High school diploma / GED,"$56,000 to $99,999",Republican,0,50,25,75,25,75,0,75,50,75,25,25,50,25,75,50,25,25,75,25,25,25,25,100,1,2,25,25,0,25,75,50,50,0,50,25,25,25,25,50,75,0,25,25
p00625,Interview Prof. Sebille,Female,1953,Hispanic / Latino,Some college or Associate's degree,"$56,000 to $99,999",Republican,60,35,70,40,40,20,30,25,40,15,55,55,45,85,15,35,35,60,45,20,65,15,50,50,2,2,10,20,20,10,15,60,15,65,20,50,20,10,45,40,55,15,20,15
p00626,Interview Prof. Maraun,Male,1946,White / Caucasian,Less than high school,"$56,000 to $99,999",Republican,45,45,45,40,35,50,30,35,30,60,35,30,35,40,45,35,25,35,40,25,45,40,40,55,0,2,30,50,35,55,80,40,40,30,20,35,55,30,50,35,20,40,25,30
p00627,Extreme weather predictions,Male,1973,White / Caucasian,High school diploma / GED,"$100,000 to $167,999",Democrat,96,67,65,91,19,52,57,78,96,57,95,79,61,52,73,58,90,52,78,79,45,82,88,61,2,2,86,78,62,97,52,79,76,95,89,20,35,89,86,36,95,86,59,73
p00628,Measurement & modeling (2),Male,1992,White / Caucasian,Some college or Associate's degree,"Less than $30,000",Democrat,85,55,50,55,55,70,45,70,30,55,75,90,40,30,80,45,85,15,70,45,35,50,60,50,2,2,55,55,30,10,85,60,30,50,30,15,30,50,45,70,15,10,25,30
p00629,Funding,Male,1995,White / Caucasian,High school diploma / GED,"Less than $30,000",Republican,70,50,90,10,10,40,50,90,30,20,60,40,30,10,50,10,20,20,70,70,30,10,10,30,2,2,20,40,20,30,70,10,20,30,10,10,40,30,10,60,30,20,20,10
p00630,Peer-review,Male,1946,White / Caucasian,Master's degree / Professional degree,"$56,000 to $99,999",Republican,90,70,75,70,70,70,45,80,90,70,65,60,45,55,50,15,55,70,55,25,50,75,75,25,1,2,30,60,35,40,35,25,10,10,15,40,90,35,20,30,60,20,60,45
p00631,Model accuracy,Female,1978,White / Caucasian,Some college or Associate's degree,"$30,000 to $55,999",Independent,10,90,50,70,30,50,40,40,60,70,100,80,90,50,60,100,80,20,50,70,90,70,70,30,0,2,90,80,50,90,60,60,30,40,30,70,60,60,90,60,80,90,70,80
p00632,Interview Prof. Sebille,Male,1996,White / Caucasian,Bachelor's degree,"$100,000 to $167,999",Democrat,70,60,80,75,60,15,90,30,65,65,65,30,75,40,50,10,40,30,90,75,30,85,75,25,7,2,80,40,75,55,40,85,70,75,75,30,90,70,40,70,85,50,70,90
p00633,Corporate reliance,Female,1996,Hispanic / Latino,High school diploma / GED,"$56,000 to $99,999",Democrat,60,80,100,80,100,90,40,90,100,90,100,100,100,100,70,60,40,80,60,100,90,80,80,50,10,2,90,90,100,90,50,90,80,100,80,80,90,90,100,80,80,100,90,90
p00634,Model accuracy,Female,1989,Black / African American,Less than high school,"Less than $30,000",Democrat,60,80,20,50,90,10,60,80,50,40,10,20,90,90,80,60,50,30,70,50,40,40,80,20,10,2,90,60,90,80,80,60,10,50,40,40,50,10,40,80,80,10,60,60
p00635,Former skeptics,Male,2000,Hispanic / Latino,Some college or Associate's degree,"$100,000 to $167,999",Republican,40,40,50,45,50,50,80,55,40,85,50,55,10,15,75,35,30,35,85,10,45,70,40,65,9,2,90,15,60,50,45,55,70,35,35,55,65,80,65,75,35,65,45,35
p00636,Consensus,Male,1963,Other,Some college or Associate's degree,"$30,000 to $55,999",Democrat,90,70,80,70,60,90,70,80,80,90,80,90,90,90,60,70,50,90,90,80,80,90,50,60,4,1,90,80,60,90,10,30,60,10,10,20,90,40,90,80,80,70,80,70
p00637,Corporate reliance,Female,1972,Hispanic / Latino,High school diploma / GED,"$30,000 to $55,999",Democrat,65,60,70,95,70,15,40,35,75,75,50,45,100,60,40,25,60,50,90,90,75,95,60,30,9,2,85,100,65,75,35,100,95,45,75,60,85,75,95,95,95,65,85,90
p00638,Oil industry misinformation,Female,1946,Hispanic / Latino,Less than high school,"$30,000 to $55,999",Democrat,10,30,35,10,5,35,20,5,5,30,40,10,10,40,65,15,5,60,95,85,80,35,15,15,4,2,100,80,25,70,10,50,10,95,10,55,100,40,80,85,100,90,60,55
p00639,Scientist community helpers,Male,1974,Other,High school diploma / GED,"$100,000 to $167,999",Democrat,64,64,71,18,61,66,21,63,63,58,56,21,77,75,83,87,29,73,86,49,33,73,60,93,4,2,89,86,82,60,62,52,14,36,82,92,50,87,73,55,51,40,88,56
p00640,Funding,Female,1946,White / Caucasian,High school diploma / GED,"$56,000 to $99,999",Republican,10,10,10,10,20,10,10,40,30,30,30,10,20,40,10,20,10,20,30,10,20,20,20,10,2,2,10,30,40,20,30,60,20,40,50,40,40,30,30,30,40,50,20,30
p00641,Interview Prof. Sebille,Female,1951,Black / African American,Some college or Associate's degree,"$168,000 or more",Democrat,85,85,90,85,90,80,95,85,85,85,80,85,95,80,90,90,95,90,85,90,90,95,85,15,0,1,95,100,80,90,90,50,85,40,85,80,95,100,100,90,85,95,100,80
p00643,Interview Prof. Maraun,Female,2006,Hispanic / Latino,Some college or Associate's degree,"$56,000 to $99,999",Democrat,29,68,39,74,74,81,67,90,70,20,85,80,77,62,80,76,51,92,87,88,81,43,42,17,5,2,81,78,19,82,28,27,50,26,68,16,50,71,40,59,57,15,64,60
p00644,Social justice,Female,2000,White / Caucasian,High school diploma / GED,"$100,000 to $167,999",Democrat,90,90,100,90,90,80,90,100,100,70,80,90,100,90,80,20,100,40,100,100,90,90,100,0,2,2,80,80,90,100,40,50,100,70,80,30,90,50,100,70,100,80,90,100
p00645,Oil industry misinformation,Female,1988,Black / African American,Master's degree / Professional degree,"$30,000 to $55,999",Democrat,95,90,80,80,80,90,80,90,85,90,95,85,75,95,80,70,100,95,85,90,90,80,70,30,1,2,95,90,85,95,95,55,90,70,60,75,90,65,85,65,90,80,90,95
p00646,Model accuracy,Male,1998,Asian / Asian American,Bachelor's degree,"$168,000 or more",Republican,80,90,50,70,50,60,60,60,50,20,50,50,60,50,50,70,20,80,10,60,10,50,80,60,6,2,50,80,60,60,30,30,50,10,20,30,80,30,50,80,70,40,60,60
p00647,Former skeptics,Male,1995,White / Caucasian,High school diploma / GED,"$56,000 to $99,999",Independent,60,80,40,80,90,80,50,80,90,50,70,10,10,60,60,70,60,40,90,50,60,80,80,20,3,2,70,60,50,70,10,70,0,40,20,40,60,90,70,0,60,30,40,80
p00648,Extreme weather predictions,Male,1996,White / Caucasian,Some college or Associate's degree,"Less than $30,000",Independent,35,20,80,5,80,20,15,60,55,75,25,35,100,80,35,65,90,25,45,50,25,40,10,0,1,2,55,60,95,0,60,40,60,55,35,55,50,75,70,55,50,45,15,80
p00649,Interview Prof. Sebille,Male,1948,White / Caucasian,Less than high school,"$56,000 to $99,999",Republican,15,15,40,20,35,20,60,45,50,20,15,20,25,10,25,25,25,50,30,25,20,10,15,15,2,1,25,25,30,25,10,15,20,85,15,10,10,20,25,15,10,10,15,30
p00650,High public trust,Male,1996,White / Caucasian,Some college or Associate's degree,"$100,000 to $167,999",Republican,74,59,79,88,87,61,79,60,79,73,85,44,70,55,20,39,56,31,47,27,28,28,79,17,4,2,42,42,30,13,10,37,39,32,85,16,19,13,10,27,20,30,65,52
p00651,Measurement & modeling (2),Male,1994,Black / African American,Some college or Associate's degree,"$56,000 to $99,999",Democrat,100,90,80,80,80,90,90,80,80,80,100,70,80,90,40,60,80,90,90,90,80,100,100,40,9,2,90,80,100,90,90,80,90,90,70,70,80,80,100,90,90,90,80,80
p00652,Measurement & modeling (2),Male,1983,Hispanic / Latino,High school diploma / GED,"$30,000 to $55,999",Democrat,65,100,45,80,70,85,95,85,50,95,90,95,95,85,65,95,70,75,55,70,60,70,85,5,8,2,70,65,85,30,5,65,45,45,85,60,50,75,80,55,35,55,30,70
p00653,Consensus,Male,1979,White / Caucasian,Doctorate degree / Ph.D.,"$100,000 to $167,999",Republican,80,80,90,80,10,90,60,60,70,70,70,80,90,60,50,60,60,70,60,60,70,40,90,20,5,2,80,60,60,70,70,70,40,50,40,70,80,10,30,50,70,40,30,90
p00654,Funding,Female,1965,Hispanic / Latino,Less than high school,"Less than $30,000",Republican,20,20,20,70,10,20,20,10,30,30,40,20,10,30,40,30,50,30,70,40,40,70,20,20,1,1,40,10,20,20,20,10,10,20,10,10,50,30,30,20,20,50,40,30
p00655,Interview Prof. Sebille,Male,1976,Hispanic / Latino,Bachelor's degree,"$168,000 or more",Republican,0,25,35,30,95,70,20,70,45,0,40,45,75,5,0,25,20,50,5,5,0,60,45,20,4,1,30,20,5,55,40,100,100,55,70,100,25,85,0,0,10,0,10,40
p00657,Funding,Female,1998,White / Caucasian,Bachelor's degree,"Less than $30,000",Republican,100,90,50,70,20,30,90,60,80,60,10,50,80,80,20,80,40,0,20,50,50,60,90,10,5,2,60,20,50,80,100,20,40,100,20,20,60,70,80,60,20,100,40,40
p00658,Interview Prof. Maraun,Female,1986,Black / African American,Less than high school,"$30,000 to $55,999",Republican,60,40,26,33,56,11,26,46,40,64,25,37,78,91,58,78,30,44,11,36,14,35,38,16,2,2,24,22,10,12,23,14,11,58,8,18,9,22,43,29,12,33,21,17
p00659,Scientist community helpers,Female,1971,Black / African American,High school diploma / GED,"Less than $30,000",Democrat,40,60,80,50,10,15,45,20,40,20,60,55,75,70,85,45,35,80,80,80,90,90,75,45,9,2,75,80,90,90,60,65,80,70,75,85,90,90,80,80,85,75,85,80
p00660,Measurement & modeling (2),Male,1974,White / Caucasian,Bachelor's degree,"$30,000 to $55,999",Republican,30,20,40,50,40,60,10,30,20,10,20,50,40,30,30,20,30,10,60,40,30,40,10,30,1,2,30,30,30,10,10,20,20,10,40,20,40,50,50,30,30,30,30,30
p00661,Consensus,Female,1961,Black / African American,Some college or Associate's degree,"$30,000 to $55,999",Democrat,80,90,80,90,80,90,90,60,90,90,90,80,90,90,80,90,90,90,70,90,90,70,80,30,5,2,90,70,80,80,40,80,40,70,60,90,90,80,80,90,80,80,80,80
p00662,Measurement & modeling (2),Female,1997,White / Caucasian,Some college or Associate's degree,"$56,000 to $99,999",Republican,50,35,55,65,40,75,45,80,15,65,60,60,55,40,40,55,20,30,10,45,85,60,55,20,8,2,65,35,75,85,30,30,45,80,50,35,45,60,90,75,45,80,60,65
p00663,Scientist community helpers,Female,1997,Asian / Asian American,Bachelor's degree,"$100,000 to $167,999",Independent,65,85,50,55,85,90,90,85,85,60,90,85,85,70,55,40,85,65,85,80,80,85,70,65,4,2,80,85,85,90,60,90,60,70,45,70,75,90,75,85,80,80,75,70
p00664,Extreme weather predictions,Female,1978,Black / African American,Some college or Associate's degree,"$100,000 to $167,999",Democrat,80,90,55,85,85,85,80,65,80,90,85,75,80,70,80,80,80,45,85,85,80,55,85,10,7,2,80,65,85,85,80,80,45,90,85,75,85,90,75,85,65,25,50,60
p00665,Extreme weather predictions,Female,1959,White / Caucasian,Some college or Associate's degree,"$56,000 to $99,999",Democrat,51,58,93,57,92,89,96,74,88,96,30,79,73,73,68,97,66,67,45,84,83,96,60,7,4,2,94,57,99,91,73,90,37,69,91,92,41,85,44,84,94,86,86,71
p00666,Interview Prof. Sebille,Female,1979,White / Caucasian,Bachelor's degree,"$168,000 or more",Democrat,50,50,50,50,100,75,25,100,50,50,100,25,75,50,75,0,75,75,75,0,25,75,75,25,1,2,50,50,25,25,50,75,50,25,75,50,75,50,50,75,75,75,75,100
p00667,Former skeptics,Male,1958,Black / African American,Some college or Associate's degree,"$100,000 to $167,999",Democrat,65,100,60,70,40,100,55,90,90,90,75,50,80,85,60,100,40,40,100,55,95,55,85,5,0,2,95,95,50,55,85,5,85,10,15,45,60,95,90,55,85,50,50,45
p00669,Interview Prof. Maraun,Female,1946,White / Caucasian,Bachelor's degree,"$168,000 or more",Democrat,80,95,100,75,75,85,50,85,80,80,60,70,100,100,45,70,20,70,55,70,40,55,95,25,0,1,75,85,30,45,0,90,40,55,40,80,80,80,20,85,25,55,0,40
p00670,Portrait Prof. Cherry,Female,1981,White / Caucasian,High school diploma / GED,"$56,000 to $99,999",Republican,10,30,20,40,20,40,20,20,10,10,60,20,40,60,20,30,60,40,40,30,10,50,40,20,1,2,40,70,20,50,20,30,10,10,30,10,80,40,80,50,20,40,70,60
p00671,Corporate reliance,Male,2008,Black / African American,Some college or Associate's degree,"$100,000 to $167,999",Democrat,100,67,79,74,100,51,99,69,92,100,99,80,100,77,100,73,100,100,79,100,75,59,98,4,3,2,80,89,100,100,73,91,99,100,100,85,87,99,91,62,98,79,54,90
p00673,Scientist community helpers,Male,2005,Other,Some college or Associate's degree,"$56,000 to $99,999",Democrat,100,100,100,50,25,75,100,50,100,100,100,100,75,50,75,75,100,75,50,100,75,100,75,0,1,1,100,50,100,75,75,100,75,100,75,75,50,75,75,100,100,75,75,100
p00674,Consensus,Male,1995,Hispanic / Latino,Bachelor's degree,"$30,000 to $55,999",Democrat,80,70,90,40,80,90,80,80,80,90,90,90,70,60,80,90,70,70,80,80,90,90,90,30,6,2,90,80,80,80,50,90,10,40,30,70,80,80,70,80,90,90,70,90
p00675,Oil industry misinformation,Female,1991,White / Caucasian,Some college or Associate's degree,"$100,000 to $167,999",Republican,15,10,10,10,20,15,10,15,10,30,20,15,30,85,15,55,15,5,50,60,15,20,70,20,3,2,0,10,15,10,0,90,10,10,15,55,10,5,5,20,40,5,5,35
p00677,Peer-review,Male,1969,White / Caucasian,Bachelor's degree,"$56,000 to $99,999",Republican,100,60,40,45,35,50,90,75,80,20,100,60,0,55,0,10,10,0,85,60,25,0,30,35,1,2,5,0,0,35,5,10,0,0,35,15,0,0,0,5,0,10,10,0
p00678,Interview Prof. Maraun,Female,2002,White / Caucasian,Less than high school,"Less than $30,000",Republican,15,10,10,10,0,5,0,0,10,0,0,5,15,0,10,10,0,10,15,35,0,0,0,70,1,2,0,0,10,0,5,0,0,15,15,5,10,20,0,30,0,30,10,25
p00679,Interview Prof. Sebille,Male,1962,White / Caucasian,Bachelor's degree,"$100,000 to $167,999",Independent,66,70,60,60,47,52,87,27,49,75,65,47,35,49,60,45,47,64,34,42,73,87,73,16,0,1,84,53,61,49,73,18,27,37,59,59,85,59,54,43,43,83,56,53
p00681,Former skeptics,Female,1972,White / Caucasian,Master's degree / Professional degree,"$100,000 to $167,999",Democrat,63,55,48,59,74,62,73,56,74,87,86,47,66,59,61,72,69,46,77,68,91,92,73,19,3,2,89,83,80,84,71,51,66,90,55,60,79,62,81,72,71,62,92,66
p00682,Consensus,Female,1967,White / Caucasian,Less than high school,"$30,000 to $55,999",Democrat,80,85,80,70,10,90,90,45,20,70,85,80,95,85,85,80,50,40,40,95,5,85,55,10,3,2,45,55,50,0,30,45,55,25,35,5,75,30,70,95,65,80,95,60
p00683,Interview Prof. Maraun,Male,1986,White / Caucasian,High school diploma / GED,"$56,000 to $99,999",Democrat,50,30,80,70,70,100,40,90,40,20,20,60,80,70,0,40,10,70,40,90,40,50,100,0,9,1,20,40,50,30,20,30,40,100,80,40,40,50,30,100,40,50,50,90
p00684,Social justice,Male,1993,White / Caucasian,Doctorate degree / Ph.D.,"$56,000 to $99,999",Democrat,100,90,70,55,60,25,100,100,55,85,100,100,90,70,65,60,50,95,90,95,95,95,45,0,6,1,85,100,60,90,95,90,95,65,90,100,100,80,100,65,100,85,100,80
p00685,Corporate reliance,Female,1969,White / Caucasian,Doctorate degree / Ph.D.,"$100,000 to $167,999",Democrat,90,65,90,50,50,50,75,90,65,85,50,45,50,75,10,85,80,80,50,50,50,45,85,55,8,2,65,50,85,70,90,70,60,10,30,70,60,85,80,75,75,80,80,15
p00686,Corporate reliance,Female,1988,White / Caucasian,Bachelor's degree,"$100,000 to $167,999",Democrat,90,95,95,35,65,55,90,35,85,95,100,100,95,85,85,90,100,100,85,95,90,80,90,5,10,1,85,100,80,80,90,95,80,85,95,90,100,85,85,95,95,100,80,80
p00687,Former skeptics,Female,1976,White / Caucasian,High school diploma / GED,"$56,000 to $99,999",Republican,20,20,35,25,15,10,10,50,25,20,15,15,15,35,35,35,25,10,30,45,30,10,20,25,1,2,15,20,30,10,35,10,25,40,10,10,10,65,15,75,60,45,10,50
p00689,Extreme weather predictions,Female,1963,White / Caucasian,High school diploma / GED,"$56,000 to $99,999",Republican,29,56,39,29,42,34,34,33,22,44,36,48,41,22,38,36,33,48,23,7,14,14,35,78,0,1,4,6,7,4,14,13,14,17,11,0,15,19,19,11,2,8,3,4
p00690,High public trust,Female,2005,Other,Some college or Associate's degree,"$30,000 to $55,999",Democrat,60,35,60,65,30,70,75,55,70,15,55,30,90,60,55,55,65,40,70,90,60,60,50,35,4,1,90,80,80,80,75,25,70,90,40,25,85,85,85,75,65,60,90,90
p00691,Oil industry misinformation,Male,1971,White / Caucasian,Bachelor's degree,"$100,000 to $167,999",Democrat,80,68,72,63,82,92,67,91,92,78,79,62,89,66,60,65,81,77,57,67,87,78,77,15,7,2,88,86,76,80,61,46,47,35,60,39,61,73,30,92,90,63,80,73
p00692,Interview Prof. Maraun,Male,1971,White / Caucasian,Less than high school,"$100,000 to $167,999",Democrat,10,25,15,10,55,10,25,25,50,40,40,90,10,55,40,35,35,30,55,65,10,35,60,15,2,2,60,70,50,50,35,25,75,25,20,45,60,10,55,25,40,40,60,60
p00693,Funding,Female,1985,White / Caucasian,Some college or Associate's degree,"$100,000 to $167,999",Republican,15,37,4,21,70,31,40,26,4,43,29,38,30,46,35,35,35,15,41,47,59,35,28,11,1,1,39,23,21,34,57,56,35,60,39,68,45,7,96,13,10,72,3,92
p00694,Scientist community helpers,Male,1972,White / Caucasian,Some college or Associate's degree,"$30,000 to $55,999",Democrat,50,55,45,45,40,85,80,40,100,55,60,100,10,80,40,100,55,75,30,100,100,30,95,10,4,2,100,80,90,80,95,75,30,5,100,100,100,95,100,40,100,100,35,65
p00695,Social justice,Female,2005,Black / African American,Less than high school,"$30,000 to $55,999",Independent,60,10,80,10,80,0,40,10,30,80,50,60,80,40,50,60,30,60,50,10,50,30,50,40,0,2,30,40,30,30,30,30,90,60,10,50,90,60,50,50,90,80,80,20
p00696,Model accuracy,Female,1946,White / Caucasian,Master's degree / Professional degree,"$56,000 to $99,999",Republican,100,40,40,40,50,50,50,90,100,100,80,40,70,50,40,30,70,60,20,0,0,0,100,100,2,2,0,90,0,80,30,0,90,80,60,30,10,20,0,30,80,0,10,10
p00697,Model accuracy,Male,1938,White / Caucasian,High school diploma / GED,"Less than $30,000",Republican,60,30,60,20,20,60,30,50,10,30,10,20,10,60,30,60,30,40,10,30,10,30,20,50,3,2,10,10,20,30,20,10,30,10,80,20,10,10,40,20,20,10,30,30
p00698,Model accuracy,Male,1969,White / Caucasian,Bachelor's degree,"$56,000 to $99,999",Republican,54,50,32,61,74,33,62,30,43,20,74,53,3,37,50,55,53,29,15,37,47,32,33,37,2,2,22,16,8,0,0,8,40,1,14,0,7,19,0,0,27,0,20,5
p00699,Corporate reliance,Female,1946,White / Caucasian,Bachelor's degree,"$56,000 to $99,999",Republican,30,41,54,55,61,38,34,69,29,40,38,57,47,78,76,27,38,26,56,37,44,68,92,57,2,2,52,15,8,75,8,8,22,34,21,58,20,53,58,16,45,88,23,38
p00701,Measurement & modeling (1),Female,1981,White / Caucasian,Bachelor's degree,"Less than $30,000",Republican,25,40,25,40,40,25,35,45,25,20,25,10,70,30,10,20,40,20,55,30,65,50,40,15,0,2,60,55,55,10,40,60,65,30,25,70,55,55,15,90,40,30,45,35
p00702,Consensus,Male,1954,White / Caucasian,Bachelor's degree,"$56,000 to $99,999",Republican,25,85,0,90,70,75,20,50,95,60,60,90,30,40,55,55,70,20,90,60,40,50,95,35,8,2,0,5,0,30,5,50,45,10,70,85,20,40,55,35,95,55,20,35
p00703,Peer-review,Female,1953,White / Caucasian,High school diploma / GED,"$56,000 to $99,999",Democrat,100,100,100,25,75,25,100,75,100,50,100,100,100,100,50,50,50,75,100,0,100,75,75,0,1,2,100,100,100,100,25,100,25,50,25,25,50,100,75,75,100,0,100,100
p00704,High public trust,Female,1950,White / Caucasian,Master's degree / Professional degree,"$100,000 to $167,999",Democrat,40,30,100,90,90,80,90,80,80,80,90,90,100,100,100,20,90,30,90,60,80,90,70,20,9,1,90,50,90,60,70,50,90,70,70,60,90,80,100,80,80,90,80,70
p00705,Model accuracy,Female,2002,White / Caucasian,Bachelor's degree,"$30,000 to $55,999",Democrat,85,80,95,80,85,95,85,95,80,90,100,85,95,90,95,85,85,85,75,65,60,85,85,30,6,2,95,70,70,90,85,70,60,65,95,90,70,70,75,85,75,75,60,100
p00706,Consensus,Female,1992,Hispanic / Latino,Doctorate degree / Ph.D.,"$100,000 to $167,999",Democrat,60,90,90,90,65,85,80,85,65,75,85,85,85,70,80,75,90,85,85,40,40,60,90,25,5,1,65,80,60,80,85,90,70,90,90,65,90,55,90,90,65,80,90,75
p00707,Former skeptics,Female,2002,Other,High school diploma / GED,"Less than $30,000",Independent,70,25,85,40,30,50,90,100,70,80,100,45,20,60,50,100,25,50,50,90,90,95,70,65,6,2,50,55,0,85,90,25,100,95,45,45,80,25,65,40,95,75,60,70
p00708,Interview Prof. Maraun,Female,1976,White / Caucasian,High school diploma / GED,"$56,000 to $99,999",Republican,16,17,15,26,34,17,35,29,41,25,9,28,67,20,10,26,28,15,29,41,52,25,32,39,4,2,68,29,28,73,30,36,11,58,36,56,39,64,57,44,44,41,39,66
p00709,Funding,Male,1966,White / Caucasian,High school diploma / GED,"$56,000 to $99,999",Democrat,45,65,65,60,50,60,80,65,70,30,35,45,65,40,55,30,40,30,35,55,70,20,40,25,4,1,75,40,25,50,75,55,15,15,30,55,75,45,35,55,50,15,90,50
p00710,Measurement & modeling (2),Female,2005,White / Caucasian,Less than high school,"Less than $30,000",Republican,20,5,5,5,25,0,5,10,45,0,5,80,5,5,25,20,15,30,80,25,25,25,5,25,1,2,60,55,5,5,50,50,85,50,60,40,10,25,30,45,50,55,45,55
p00711,Extreme weather predictions,Female,1963,White / Caucasian,Bachelor's degree,"$56,000 to $99,999",Independent,60,20,20,40,60,90,100,40,30,90,80,100,70,30,80,60,40,10,40,80,80,80,70,50,4,2,100,50,50,80,100,50,20,80,20,60,50,60,70,50,90,100,80,90
p00712,Former skeptics,Male,1962,White / Caucasian,Less than high school,"$30,000 to $55,999",Republican,45,30,90,35,55,20,65,25,25,20,30,70,30,55,35,20,10,10,25,15,25,50,40,15,1,2,35,10,30,25,20,10,15,15,20,20,10,45,25,45,15,20,25,15
p00713,Scientist community helpers,Female,1962,White / Caucasian,Bachelor's degree,"$168,000 or more",Democrat,90,70,85,85,85,65,75,65,80,80,90,65,80,60,55,75,85,80,85,45,65,90,85,25,1,1,80,45,60,60,15,10,50,10,10,25,80,90,70,45,75,70,45,70
p00714,Portrait Prof. Cherry,Female,1970,Black / African American,Master's degree / Professional degree,"$56,000 to $99,999",Democrat,50,60,35,50,70,60,40,50,80,70,60,60,90,75,50,50,45,45,85,80,75,80,50,15,1,1,80,90,85,70,65,40,75,50,60,70,80,90,75,80,90,90,90,75
p00715,Oil industry misinformation,Female,1968,White / Caucasian,High school diploma / GED,"$168,000 or more",Republican,0,5,40,65,65,55,100,50,25,60,25,65,60,20,30,0,60,80,45,25,45,20,20,15,10,2,60,40,85,0,5,35,15,10,50,0,5,25,45,45,30,65,55,35
p00716,High public trust,Male,1999,Hispanic / Latino,Some college or Associate's degree,"Less than $30,000",Democrat,80,70,40,45,30,45,80,50,40,80,35,60,70,75,60,25,55,75,75,85,80,90,80,25,1,2,85,80,80,70,20,85,60,85,40,70,90,85,75,85,80,85,80,60
p00717,Scientist community helpers,Male,1989,Other,High school diploma / GED,"$100,000 to $167,999",Independent,60,45,80,60,45,80,70,25,85,100,65,60,70,50,80,35,15,50,60,30,75,85,60,80,0,2,90,85,40,40,90,75,10,20,25,45,60,35,75,65,40,40,80,55
p00718,Consensus,Female,1945,Black / African American,High school diploma / GED,"$56,000 to $99,999",Democrat,80,40,50,40,90,100,40,70,70,80,60,100,80,100,80,70,0,100,70,40,60,90,70,10,2,1,90,90,100,90,20,20,10,30,60,0,50,80,70,60,70,100,90,100
p00719,High public trust,Male,1971,White / Caucasian,Bachelor's degree,"$100,000 to $167,999",Democrat,90,75,85,90,70,85,85,45,60,85,75,80,75,85,85,75,20,45,55,70,85,80,85,25,0,2,60,85,90,90,50,35,80,55,75,80,85,90,65,65,80,75,35,60
p00720,Social justice,Male,1971,White / Caucasian,High school diploma / GED,"$30,000 to $55,999",Democrat,78,86,67,79,82,70,100,73,85,87,100,100,98,56,84,100,100,51,94,69,96,79,90,0,3,1,84,62,97,99,4,45,17,16,36,52,78,100,84,92,91,77,80,93
p00722,Interview Prof. Maraun,Female,1960,White / Caucasian,Master's degree / Professional degree,"$100,000 to $167,999",Democrat,100,100,60,90,100,90,100,50,90,100,70,100,90,90,100,20,90,60,80,50,50,70,100,30,0,2,90,100,20,40,0,40,80,70,50,40,60,70,100,70,90,70,100,100
p00723,Interview Prof. Maraun,Female,1953,White / Caucasian,Less than high school,"Less than $30,000",Independent,80,47,76,83,44,54,78,81,76,74,96,92,75,52,67,58,26,55,72,27,64,92,49,67,1,2,42,23,8,44,28,35,30,54,23,76,30,48,5,57,59,75,60,45
p00724,Corporate reliance,Female,1967,White / Caucasian,Some college or Associate's degree,"$100,000 to $167,999",Democrat,70,85,95,40,80,85,75,90,100,70,45,75,95,80,75,75,45,40,40,70,70,30,80,80,4,1,65,80,75,95,85,75,75,55,50,75,75,80,35,85,90,65,70,90
p00727,Measurement & modeling (2),Female,1986,White / Caucasian,High school diploma / GED,"$30,000 to $55,999",Republican,38,4,38,19,0,26,27,31,18,7,25,51,57,52,17,46,42,25,23,22,51,49,16,11,2,2,37,0,31,3,0,27,34,35,13,22,11,25,1,40,9,0,28,38
p00729,Funding,Male,1944,White / Caucasian,High school diploma / GED,"$56,000 to $99,999",Independent,20,90,15,30,50,50,30,45,45,35,45,90,35,35,70,55,40,70,15,20,20,10,65,75,8,2,20,25,20,25,35,15,45,50,15,60,20,20,35,55,35,15,40,15
p00730,High public trust,Male,1991,White / Caucasian,High school diploma / GED,"Less than $30,000",Republican,90,60,100,90,100,100,30,40,0,10,40,10,90,70,40,0,70,60,20,30,30,60,70,20,8,2,20,10,0,10,80,80,20,50,50,60,30,50,10,50,30,50,20,20
p00732,Measurement & modeling (2),Male,1948,White / Caucasian,Doctorate degree / Ph.D.,"$100,000 to $167,999",Democrat,90,70,80,90,80,90,80,70,80,80,60,80,90,80,80,90,70,80,90,80,90,80,90,10,0,2,90,70,80,80,40,50,50,50,80,50,80,60,80,80,90,80,80,90
p00734,Consensus,Female,1991,Asian / Asian American,Bachelor's degree,"$168,000 or more",Independent,90,95,95,80,90,80,35,85,45,70,100,65,40,85,70,95,90,65,65,95,90,95,85,25,2,1,80,100,40,95,85,90,85,90,90,95,95,45,60,90,75,55,90,80
p00736,Scientist community helpers,Female,1974,Hispanic / Latino,Some college or Associate's degree,"Less than $30,000",Democrat,40,60,40,60,30,30,60,50,30,10,70,40,80,50,70,90,90,10,90,80,50,60,50,90,8,2,90,90,70,90,50,80,20,50,50,60,70,50,80,70,70,70,70,80
p00737,Interview Prof. Maraun,Female,1995,White / Caucasian,Bachelor's degree,"$100,000 to $167,999",Democrat,59,82,43,100,81,60,41,60,76,40,63,61,83,57,58,81,28,46,58,76,59,47,77,41,4,2,44,66,45,97,59,45,57,42,39,54,46,79,58,59,39,61,39,66
p00738,Former skeptics,Female,1952,White / Caucasian,Master's degree / Professional degree,"$100,000 to $167,999",Democrat,90,80,80,90,90,90,100,80,80,90,80,90,100,100,90,90,100,90,80,100,80,90,90,20,10,2,100,60,100,70,20,70,80,60,20,30,100,100,80,90,80,70,90,90
p00739,Interview Prof. Sebille,Male,2003,Hispanic / Latino,Some college or Associate's degree,"$168,000 or more",Democrat,75,90,100,90,85,100,90,80,90,90,85,80,95,65,55,45,95,85,45,90,95,90,60,25,0,2,90,60,85,100,85,85,40,30,50,75,45,75,70,85,60,65,95,100
p00741,Oil industry misinformation,Female,1948,White / Caucasian,Less than high school,"Less than $30,000",Republican,40,10,25,50,30,35,25,30,30,35,40,35,50,60,30,40,50,30,30,55,75,30,60,10,1,2,40,50,10,60,50,55,15,20,55,40,30,75,55,40,55,55,50,50
p00743,Peer-review,Male,1952,White / Caucasian,High school diploma / GED,"$30,000 to $55,999",Republican,25,25,50,25,50,50,25,50,50,75,50,25,75,25,25,25,25,25,25,25,50,50,75,25,0,2,0,0,25,0,0,0,50,25,0,0,25,25,0,0,25,0,0,0
p00744,Scientist community helpers,Male,1961,White / Caucasian,Some college or Associate's degree,"$168,000 or more",Republican,20,15,30,25,10,20,10,10,45,65,30,30,30,0,10,5,10,35,40,65,45,15,30,15,6,1,15,15,5,15,100,15,15,10,15,5,10,5,20,5,30,5,30,15
p00745,Funding,Female,2006,Hispanic / Latino,High school diploma / GED,"Less than $30,000",Democrat,70,40,60,0,50,30,80,90,40,60,80,20,90,60,80,90,90,50,80,90,60,40,0,80,2,2,100,90,100,10,10,40,60,50,50,70,80,80,90,80,90,90,100,50
p00746,Social justice,Male,1946,White / Caucasian,Bachelor's degree,"$100,000 to $167,999",Democrat,20,80,70,70,65,95,95,60,65,90,95,80,85,60,75,95,95,100,65,85,70,90,80,5,7,2,100,70,70,80,90,40,100,85,20,80,50,95,80,65,95,60,75,45
p00747,High public trust,Male,1969,Other,Less than high school,"$56,000 to $99,999",Democrat,70,70,60,90,50,90,100,60,20,90,60,40,40,40,60,40,90,80,80,80,90,70,40,10,5,2,100,70,50,40,80,10,90,30,70,30,60,80,90,100,100,90,90,80
p00748,Interview Prof. Maraun,Male,2002,White / Caucasian,Bachelor's degree,"$100,000 to $167,999",Republican,40,30,55,60,65,50,60,50,55,55,70,70,40,25,0,25,15,30,90,15,40,75,10,5,5,2,25,95,5,5,55,70,70,55,70,100,0,5,25,0,15,0,10,0
p00749,Portrait Prof. Cherry,Male,1988,White / Caucasian,Some college or Associate's degree,"$56,000 to $99,999",Republican,60,34,98,15,13,68,43,59,56,15,23,21,67,39,46,59,70,49,32,71,46,94,49,57,2,2,63,11,15,27,17,2,8,46,67,4,4,15,4,26,35,61,31,76
p00750,High public trust,Female,1987,White / Caucasian,Bachelor's degree,"$30,000 to $55,999",Democrat,100,80,90,70,90,90,90,90,90,70,90,100,100,70,80,90,90,60,100,100,80,60,90,50,8,2,70,80,90,70,100,60,80,90,100,60,100,90,80,80,90,80,80,90
p00751,Extreme weather predictions,Female,1990,White / Caucasian,Master's degree / Professional degree,"$100,000 to $167,999",Republican,80,90,70,70,80,80,10,40,60,20,10,20,90,50,60,70,60,70,80,60,70,30,90,20,6,2,30,50,50,60,10,70,20,20,30,40,30,20,30,10,70,10,70,50
p00752,Social justice,Female,1978,White / Caucasian,Bachelor's degree,"$168,000 or more",Republican,5,5,0,45,45,0,65,30,65,15,40,35,0,30,0,5,0,0,20,0,45,100,55,50,0,1,65,10,55,60,55,25,65,80,40,55,20,80,50,0,45,50,0,55
p00753,Peer-review,Female,1953,White / Caucasian,Less than high school,"Less than $30,000",Independent,30,60,70,60,60,40,40,20,50,30,30,70,50,30,30,50,40,30,10,30,30,50,30,20,1,2,50,10,10,40,30,10,40,20,10,10,20,50,50,40,40,10,80,40
p00754,Corporate reliance,Male,2003,Asian / Asian American,Bachelor's degree,"$100,000 to $167,999",Independent,90,80,80,90,100,90,80,100,80,10,50,80,100,100,80,80,30,90,60,80,80,90,100,10,9,2,100,70,90,100,90,50,90,40,60,40,90,80,100,90,80,50,70,80
p00755,Interview Prof. Sebille,Male,1966,White / Caucasian,Master's degree / Professional degree,"$30,000 to $55,999",Republican,100,80,90,90,80,50,50,100,30,20,50,50,100,40,70,30,70,70,80,50,70,70,90,10,2,2,30,30,30,10,60,10,0,10,30,20,70,90,30,60,40,50,40,30
p00756,Interview Prof. Sebille,Female,1957,White / Caucasian,Some college or Associate's degree,"Less than $30,000",Democrat,55,45,30,35,70,90,65,85,75,75,75,25,90,70,90,50,40,45,60,75,60,60,85,25,2,1,75,75,45,90,20,10,55,30,55,65,45,75,80,70,60,60,55,65
p00757,High public trust,Male,1960,Black / African American,Bachelor's degree,"$56,000 to $99,999",Democrat,90,80,80,80,90,60,80,80,90,80,60,90,70,90,90,90,70,90,80,80,90,90,80,20,7,2,90,80,80,80,70,60,90,60,50,30,80,90,90,90,90,80,90,90
p00758,Measurement & modeling (2),Female,1952,White / Caucasian,Master's degree / Professional degree,"$100,000 to $167,999",Democrat,70,85,85,70,100,90,90,75,65,65,85,70,80,65,65,45,70,45,50,80,50,35,65,0,0,1,30,20,40,25,55,20,70,75,30,35,60,15,35,35,55,40,50,30
p00759,Portrait Prof. Cherry,Male,1967,Asian / Asian American,Bachelor's degree,"$100,000 to $167,999",Republican,100,25,75,75,50,50,100,50,100,50,25,25,50,75,0,50,25,75,25,100,100,100,50,25,2,2,50,100,25,50,25,0,0,25,50,50,50,25,50,75,75,100,50,75
p00760,Measurement & modeling (1),Female,1952,White / Caucasian,High school diploma / GED,"$168,000 or more",Republican,50,30,0,10,20,10,40,10,0,20,10,10,40,40,10,0,30,20,80,40,40,10,0,20,4,2,40,80,80,30,30,30,10,80,40,10,0,20,10,30,10,0,10,50
p00761,Scientist community helpers,Female,1969,White / Caucasian,Some college or Associate's degree,"$168,000 or more",Republican,55,65,45,75,75,50,55,55,75,90,20,65,50,40,70,30,15,15,90,70,70,75,90,55,0,2,30,20,45,85,65,10,15,30,75,60,20,15,10,30,10,70,45,35
p00762,Scientist community helpers,Female,1985,White / Caucasian,Some college or Associate's degree,"Less than $30,000",Independent,100,90,90,100,90,90,50,100,40,100,70,30,90,90,60,40,100,100,60,60,50,90,100,80,1,2,80,100,90,80,90,10,90,70,40,60,100,50,100,90,90,50,100,100
p00764,Former skeptics,Male,1943,White / Caucasian,Bachelor's degree,"$56,000 to $99,999",Republican,5,5,20,90,95,35,75,85,80,85,0,15,30,15,5,0,15,35,40,0,35,75,30,50,1,1,25,20,5,15,5,0,20,5,55,20,20,35,45,75,30,85,0,40
p00766,Measurement & modeling (1),Female,1976,Hispanic / Latino,Bachelor's degree,"$56,000 to $99,999",Democrat,80,80,100,100,90,90,100,80,90,90,100,80,80,90,90,70,60,90,80,90,90,100,100,10,4,2,90,80,90,100,70,80,100,70,60,70,100,100,100,80,80,90,60,90
p00767,Scientist community helpers,Female,1989,White / Caucasian,High school diploma / GED,"Less than $30,000",Independent,24,42,12,51,49,55,50,57,77,69,18,53,70,57,19,24,56,27,53,51,81,43,53,44,0,2,51,63,72,90,41,8,25,37,55,28,72,70,25,90,76,75,81,46
p00768,Oil industry misinformation,Female,1986,White / Caucasian,Master's degree / Professional degree,"$100,000 to $167,999",Independent,85,100,100,85,75,85,85,90,90,90,90,65,95,85,90,65,65,95,85,25,90,85,100,15,4,2,30,95,60,70,60,60,30,35,30,15,35,65,85,55,60,80,15,60
p00769,High public trust,Male,1998,White / Caucasian,Some college or Associate's degree,"$56,000 to $99,999",Republican,85,70,40,45,75,60,60,75,90,70,65,55,75,40,45,45,40,55,55,5,30,5,75,35,3,2,20,10,30,15,60,45,80,65,50,60,15,65,10,15,35,25,35,30
p00771,Oil industry misinformation,Male,1992,Black / African American,Master's degree / Professional degree,"$168,000 or more",Republican,80,10,90,80,50,70,0,60,50,60,50,70,60,60,0,100,30,0,90,90,80,80,100,10,0,1,80,60,70,10,0,40,10,20,90,0,10,70,70,20,80,50,80,100
p00772,Scientist community helpers,Female,2006,Hispanic / Latino,High school diploma / GED,"$56,000 to $99,999",Democrat,55,55,70,10,25,70,30,0,30,55,50,55,65,95,35,65,70,40,95,100,100,85,25,75,4,2,80,95,80,80,100,85,80,65,40,80,85,90,95,95,95,60,90,80
p00773,Model accuracy,Male,1976,Hispanic / Latino,High school diploma / GED,"$100,000 to $167,999",Republican,42,25,69,6,42,75,25,63,45,46,50,86,26,1,2,3,41,32,39,51,51,65,46,53,2,2,59,31,24,31,36,97,55,42,58,59,67,50,52,66,42,66,80,53
p00774,Funding,Female,1968,White / Caucasian,Some college or Associate's degree,"Less than $30,000",Republican,70,30,45,25,20,25,10,45,15,25,15,10,30,25,10,50,50,10,25,10,40,10,40,25,0,2,10,25,25,35,25,60,25,20,75,10,30,45,40,45,60,10,50,20
p00775,Funding,Female,1965,White / Caucasian,High school diploma / GED,"$30,000 to $55,999",Republican,70,35,40,40,30,35,20,80,15,40,40,35,15,20,20,50,55,20,10,10,25,50,20,50,0,2,20,35,30,15,10,10,15,10,20,10,50,90,30,50,15,75,10,45
p00776,Social justice,Female,1950,White / Caucasian,Bachelor's degree,"Less than $30,000",Republican,90,70,20,50,30,30,10,50,100,70,60,90,80,50,30,80,40,80,10,30,10,40,90,10,0,2,80,10,60,60,0,20,0,0,10,20,60,50,50,70,60,60,100,20
p00777,Measurement & modeling (2),Female,1981,White / Caucasian,Master's degree / Professional degree,"$56,000 to $99,999",Republican,100,52,100,83,93,90,100,47,88,100,51,90,78,65,75,84,53,85,70,40,40,44,65,13,7,1,57,46,51,54,43,42,57,42,54,64,54,50,53,41,69,49,65,71
p00778,Extreme weather predictions,Female,1991,White / Caucasian,Bachelor's degree,"$100,000 to $167,999",Democrat,80,80,90,80,90,90,70,60,80,90,90,90,80,60,50,90,70,90,90,60,80,80,90,10,0,1,90,90,80,80,70,80,80,90,80,80,70,70,90,90,80,80,70,80
p00779,Oil industry misinformation,Female,1983,Black / African American,Less than high school,"Less than $30,000",Republican,50,45,70,40,55,50,70,45,90,40,50,25,90,50,70,40,75,60,50,80,70,50,75,70,0,1,35,30,85,40,40,35,30,55,10,15,30,50,60,55,55,45,50,25
p00780,High public trust,Male,1999,Hispanic / Latino,High school diploma / GED,"$30,000 to $55,999",Republican,50,15,50,25,10,50,15,35,20,30,10,25,10,85,20,35,20,10,10,20,65,45,15,40,8,2,50,55,65,55,45,25,75,45,10,40,60,45,65,50,45,45,80,45
p00781,Oil industry misinformation,Male,2007,Hispanic / Latino,Less than high school,"Less than $30,000",Independent,45,45,20,50,95,5,40,35,35,35,95,25,45,75,40,20,55,60,55,60,90,95,65,35,0,2,90,80,85,35,65,40,65,25,45,30,60,95,65,40,35,95,40,70
p00782,Portrait Prof. Cherry,Female,1998,White / Caucasian,High school diploma / GED,"$30,000 to $55,999",Democrat,70,55,85,60,80,80,45,70,45,65,55,70,60,65,70,85,45,90,90,85,75,25,70,10,1,2,90,75,70,90,65,60,55,65,30,10,85,30,30,80,90,90,90,70
p00783,Portrait Prof. Cherry,Female,1978,Hispanic / Latino,Bachelor's degree,"$56,000 to $99,999",Republican,20,50,75,75,45,85,60,60,85,70,60,80,90,15,60,60,85,70,45,60,90,90,65,10,2,2,10,30,40,55,60,75,40,50,50,35,30,30,30,50,90,50,85,65
p00784,Scientist community helpers,Male,1991,Hispanic / Latino,Bachelor's degree,"$100,000 to $167,999",Independent,50,30,90,50,70,60,40,80,60,70,40,50,60,20,40,90,20,30,60,50,40,60,50,10,4,2,70,90,40,60,70,50,50,10,60,80,60,60,80,50,40,60,60,60
p00785,High public trust,Female,1952,White / Caucasian,High school diploma / GED,"$56,000 to $99,999",Democrat,50,75,75,75,100,75,75,75,75,75,50,100,100,75,50,100,50,75,50,75,50,75,50,0,0,2,75,75,75,75,100,75,75,75,25,100,75,75,50,75,75,50,75,75
p00786,Interview Prof. Maraun,Male,1998,White / Caucasian,Some college or Associate's degree,"Less than $30,000",Republican,75,75,30,30,80,60,100,30,95,45,35,95,90,10,45,85,0,55,40,25,65,55,20,45,1,2,95,65,15,70,0,10,50,10,55,55,30,85,55,30,40,30,10,35
p00788,Funding,Female,1949,White / Caucasian,Bachelor's degree,"$56,000 to $99,999",Democrat,83,78,85,96,100,93,99,63,87,91,94,96,84,54,96,87,86,21,83,85,55,96,89,1,0,2,86,90,68,46,64,23,63,69,32,33,71,60,98,80,38,43,37,79
p00790,Measurement & modeling (1),Male,1981,White / Caucasian,High school diploma / GED,"$30,000 to $55,999",Republican,85,30,60,45,55,55,80,55,40,20,35,50,65,20,35,55,25,45,25,35,0,0,55,0,1,2,40,0,35,30,30,15,0,35,5,5,0,25,0,20,0,15,0,35
p00793,Scientist community helpers,Male,1965,White / Caucasian,Bachelor's degree,"$56,000 to $99,999",Republican,15,65,85,75,65,75,65,45,90,100,100,85,10,70,90,30,50,65,100,95,80,40,90,25,1,2,65,90,5,15,35,25,0,5,45,25,15,40,80,100,70,45,55,95
p00795,Funding,Female,1976,White / Caucasian,Bachelor's degree,"$30,000 to $55,999",Republican,65,65,10,40,60,70,55,80,85,90,30,40,75,75,80,90,25,60,30,25,10,25,70,95,1,2,80,0,65,40,15,30,20,20,15,15,50,20,70,10,15,25,95,25
p00796,Model accuracy,Female,1974,White / Caucasian,High school diploma / GED,"$100,000 to $167,999",Republican,15,5,10,35,5,0,25,15,45,50,0,10,5,10,30,5,10,35,25,5,20,0,20,65,4,2,90,15,25,20,5,10,20,0,15,5,0,40,30,0,70,5,70,0
p00798,Consensus,Female,1988,White / Caucasian,Master's degree / Professional degree,"$100,000 to $167,999",Independent,80,90,70,80,20,80,80,70,60,50,60,40,90,70,80,40,50,50,100,70,90,100,70,40,3,2,90,100,70,80,50,60,70,80,80,70,100,90,80,80,70,70,80,90
p00799,Interview Prof. Maraun,Male,2008,White / Caucasian,High school diploma / GED,"Less than $30,000",Democrat,50,60,40,80,80,70,20,60,60,20,0,50,60,60,60,100,80,30,90,50,60,90,50,100,2,2,100,100,60,90,40,80,60,10,60,50,90,100,100,80,90,80,70,90
p00801,Corporate reliance,Male,1980,Black / African American,Some college or Associate's degree,"Less than $30,000",Democrat,40,80,30,40,30,40,20,40,50,20,60,20,70,40,40,60,60,50,30,100,100,90,30,60,2,2,100,90,70,90,20,70,30,40,0,40,80,90,70,90,90,90,70,100
p00802,Funding,Female,1974,White / Caucasian,High school diploma / GED,"Less than $30,000",Republican,53,34,57,51,34,72,36,38,9,32,34,13,44,34,91,41,35,11,30,40,25,49,14,60,3,2,83,15,30,9,9,37,52,11,52,87,51,53,46,26,77,39,40,50
p00803,Corporate reliance,Male,2002,White / Caucasian,Bachelor's degree,"$100,000 to $167,999",Democrat,80,70,90,80,90,90,80,80,80,90,50,40,90,90,80,80,80,80,80,60,90,30,90,20,10,2,70,60,80,80,50,60,30,80,80,90,80,50,60,80,90,80,70,70
p00804,Consensus,Female,2008,Hispanic / Latino,Less than high school,"Less than $30,000",Democrat,70,70,20,40,40,70,50,60,70,40,90,40,80,80,70,90,70,40,80,80,90,60,90,50,6,2,90,90,90,70,50,70,20,50,40,30,90,90,30,60,70,90,80,90
p00805,Oil industry misinformation,Male,1997,White / Caucasian,Bachelor's degree,"$168,000 or more",Democrat,60,50,70,80,90,80,90,90,80,80,90,70,90,90,80,80,80,80,70,90,60,80,90,20,9,1,90,80,90,80,70,80,90,90,70,80,90,70,90,80,80,80,80,90
p00808,High public trust,Male,1980,Hispanic / Latino,Less than high school,"$168,000 or more",Democrat,80,80,100,100,50,100,80,80,90,90,50,90,50,80,60,80,20,80,70,70,0,70,100,0,8,2,70,100,80,50,100,20,60,90,90,70,50,100,30,90,60,100,90,80
p00809,Social justice,Female,1969,White / Caucasian,Some college or Associate's degree,"Less than $30,000",Republican,46,41,34,9,14,36,31,28,76,75,34,41,50,14,16,32,40,38,12,79,39,8,37,19,4,2,74,11,34,9,40,29,22,12,13,32,53,9,78,53,65,25,32,33
p00810,Peer-review,Male,1962,White / Caucasian,Bachelor's degree,"$56,000 to $99,999",Republican,45,95,100,65,90,65,60,70,70,90,80,95,45,50,70,30,55,70,35,70,35,80,65,0,4,2,5,5,25,70,0,30,35,10,65,0,80,0,25,10,20,35,40,95
p00812,High public trust,Female,1953,White / Caucasian,Some college or Associate's degree,"Less than $30,000",Republican,35,30,70,15,70,40,35,45,40,15,50,35,45,50,40,50,75,60,65,45,25,50,30,10,5,2,20,40,75,65,20,60,40,65,30,30,60,25,25,50,90,55,85,40
p00813,Oil industry misinformation,Female,2002,White / Caucasian,Some college or Associate's degree,"$168,000 or more",Republican,55,75,76,64,76,6,55,45,79,84,62,66,80,49,20,92,22,40,69,42,98,65,96,1,4,2,64,89,57,69,36,43,43,63,90,18,12,67,97,70,62,54,57,45
p00814,Scientist community helpers,Male,1980,White / Caucasian,High school diploma / GED,"$56,000 to $99,999",Democrat,40,30,70,10,20,40,90,10,80,50,60,70,90,80,50,80,60,50,80,90,90,90,90,60,1,2,90,90,100,80,50,70,40,30,20,40,80,80,90,100,80,90,100,90
p00815,Former skeptics,Female,1980,Black / African American,High school diploma / GED,"$56,000 to $99,999",Democrat,60,70,60,60,40,50,50,80,70,30,10,40,80,70,50,80,80,80,50,30,50,90,50,10,0,1,80,50,90,70,10,20,20,50,20,10,20,80,90,30,50,10,40,80
p00817,Oil industry misinformation,Female,1966,White / Caucasian,Some college or Associate's degree,"$56,000 to $99,999",Republican,25,25,25,0,0,25,25,75,25,75,25,25,25,25,50,50,0,25,75,50,75,50,0,25,3,2,75,75,50,25,50,75,75,25,75,75,25,50,50,25,50,25,25,25
p00818,Peer-review,Female,1989,White / Caucasian,Master's degree / Professional degree,"$168,000 or more",Democrat,85,100,65,100,90,100,75,100,70,80,100,75,100,95,100,30,100,100,90,95,70,90,90,60,6,2,100,90,100,85,100,75,60,75,90,75,90,90,90,95,90,100,85,100
p00819,Oil industry misinformation,Male,2007,Asian / Asian American,Some college or Associate's degree,"Less than $30,000",Republican,60,40,80,50,30,30,50,70,70,20,10,70,30,40,20,10,30,50,60,80,50,80,80,50,1,2,90,10,50,0,20,50,30,40,0,30,70,90,70,30,20,30,10,30
p00826,Former skeptics,Female,1989,White / Caucasian,High school diploma / GED,"Less than $30,000",Independent,45,55,55,65,40,65,65,40,60,45,80,85,40,65,45,40,55,75,60,50,30,65,40,55,1,2,30,45,35,90,35,10,70,25,50,10,15,45,10,50,80,90,75,55
p00827,Scientist community helpers,Male,1984,Hispanic / Latino,Bachelor's degree,"$56,000 to $99,999",Republican,75,65,45,20,65,45,60,65,85,80,80,20,45,60,35,30,25,40,55,75,25,90,45,55,2,2,50,40,35,25,55,55,55,30,65,50,35,55,60,85,30,35,50,75
p00829,Social justice,Male,1990,White / Caucasian,Less than high school,"$56,000 to $99,999",Republican,80,50,65,65,55,65,35,45,50,85,90,90,30,40,40,60,30,25,75,35,50,35,30,45,0,2,30,35,15,70,40,20,10,35,30,20,55,40,75,65,45,10,30,75
p00833,Former skeptics,Female,1950,White / Caucasian,Bachelor's degree,"$100,000 to $167,999",Democrat,45,55,55,65,30,50,25,70,55,75,55,45,55,55,40,40,50,5,50,70,100,65,55,30,1,2,60,45,70,25,60,60,75,55,75,5,30,45,55,55,75,95,65,95
p00836,Interview Prof. Sebille,Female,1975,White / Caucasian,Some college or Associate's degree,"$100,000 to $167,999",Independent,90,60,90,45,25,40,90,40,60,75,40,65,85,25,55,45,25,45,60,30,55,40,50,75,0,2,45,30,45,30,15,35,30,35,85,80,80,85,85,10,40,10,20,45
p00837,Scientist community helpers,Male,1993,Black / African American,High school diploma / GED,"$168,000 or more",Democrat,75,90,90,80,85,80,90,90,75,65,75,70,90,60,80,85,60,80,90,65,85,90,90,10,7,1,90,60,75,70,85,90,80,75,85,90,85,90,75,75,30,80,85,45
p00838,Social justice,Female,1973,White / Caucasian,Bachelor's degree,"$168,000 or more",Democrat,90,60,65,55,40,55,90,80,75,60,50,90,85,65,50,85,70,85,75,85,50,80,85,15,10,1,70,60,25,45,50,85,55,60,65,75,85,90,90,45,90,90,85,85
p00840,High public trust,Male,1964,White / Caucasian,Some college or Associate's degree,"$56,000 to $99,999",Republican,15,45,75,40,50,50,35,55,55,60,50,75,15,60,35,45,40,25,35,55,40,25,50,30,2,2,45,30,20,50,15,25,10,15,25,15,35,30,30,35,10,40,15,30
p00841,Interview Prof. Sebille,Female,1950,White / Caucasian,Some college or Associate's degree,"$100,000 to $167,999",Democrat,70,75,60,65,50,95,100,70,85,95,70,90,95,100,45,0,80,35,95,100,50,90,75,15,8,2,100,50,90,60,35,35,80,60,90,80,45,75,75,90,90,40,100,100
p00842,Measurement & modeling (1),Male,1972,White / Caucasian,Some college or Associate's degree,"$30,000 to $55,999",Republican,100,80,90,60,90,100,70,80,90,100,100,100,100,90,50,80,70,30,60,60,60,80,90,20,4,2,90,30,60,50,0,50,0,0,30,0,40,60,40,50,10,10,20,80
p00843,Measurement & modeling (1),Male,1978,Black / African American,High school diploma / GED,"$30,000 to $55,999",Democrat,50,50,30,35,70,30,85,25,65,70,80,90,10,65,15,25,25,50,70,90,65,25,50,90,4,1,65,10,60,75,35,65,45,35,70,45,80,40,80,50,85,70,80,15
p00844,High public trust,Female,1956,White / Caucasian,Some college or Associate's degree,"$100,000 to $167,999",Republican,16,8,9,21,24,12,8,38,35,21,71,18,20,21,9,21,21,10,8,24,33,30,16,37,1,2,21,81,17,19,74,15,12,21,14,20,14,21,64,35,21,53,47,80
p00846,Former skeptics,Male,1971,White / Caucasian,High school diploma / GED,"$100,000 to $167,999",Republican,65,85,75,35,90,40,75,60,50,80,75,80,85,20,35,40,60,45,10,75,30,20,20,10,2,1,25,15,15,15,35,25,20,20,20,20,40,25,15,40,20,15,15,20
p00847,Measurement & modeling (1),Female,1999,Other,Some college or Associate's degree,"$30,000 to $55,999",Democrat,97,85,96,88,27,63,44,100,26,84,84,91,98,100,100,86,46,91,88,90,88,63,100,34,5,2,100,100,95,89,73,81,85,87,87,98,69,100,91,99,100,72,95,88
p00849,Measurement & modeling (2),Female,1967,White / Caucasian,High school diploma / GED,"$56,000 to $99,999",Democrat,50,100,30,70,30,50,60,50,60,80,30,80,100,70,20,100,60,90,40,30,40,50,100,60,3,1,90,90,20,50,70,80,90,10,60,40,80,80,70,100,80,80,100,80
p00850,Social justice,Female,1990,White / Caucasian,Less than high school,"Less than $30,000",Democrat,60,40,50,60,55,30,80,80,95,80,85,95,5,85,100,95,90,50,80,80,100,65,0,35,3,1,80,50,45,75,95,20,40,75,65,85,90,75,85,100,70,70,95,60
p00854,Measurement & modeling (1),Female,2002,White / Caucasian,High school diploma / GED,"Less than $30,000",Democrat,20,80,80,40,80,80,70,80,70,60,70,40,90,70,40,80,70,60,80,90,50,60,80,80,4,2,80,50,90,80,40,50,60,50,50,70,90,90,80,80,80,90,80,80
p00855,High public trust,Female,1976,Hispanic / Latino,Less than high school,"Less than $30,000",Republican,30,0,0,0,0,5,70,10,30,5,35,35,30,60,5,0,0,0,40,55,25,25,10,50,2,2,0,30,70,55,30,0,30,0,10,5,15,15,25,20,25,25,25,80
p00856,Peer-review,Male,1978,White / Caucasian,Some college or Associate's degree,"$56,000 to $99,999",Republican,10,20,10,10,20,20,10,0,20,10,10,10,40,90,0,10,10,10,20,20,60,10,20,10,3,2,50,30,20,0,10,40,10,20,40,30,20,20,30,40,80,30,40,60
p00858,Scientist community helpers,Female,1971,White / Caucasian,Master's degree / Professional degree,"$56,000 to $99,999",Republican,45,65,25,60,75,90,85,65,65,50,65,15,90,25,35,25,80,30,80,95,85,100,100,70,0,2,85,95,55,0,95,55,50,90,10,70,70,60,90,40,100,75,45,60
p00859,Former skeptics,Female,1968,White / Caucasian,Some college or Associate's degree,"$100,000 to $167,999",Republican,55,50,55,25,45,45,60,30,40,60,65,15,20,15,50,30,35,30,20,20,40,25,25,30,1,2,10,65,15,60,25,25,20,10,20,25,20,30,10,15,15,30,15,20
p00862,Measurement & modeling (1),Female,2007,Black / African American,High school diploma / GED,"Less than $30,000",Democrat,15,60,40,45,55,60,70,70,45,45,60,50,80,70,70,25,40,75,65,45,90,90,55,50,1,2,75,80,85,85,85,45,70,75,75,60,90,90,65,70,85,70,85,80
p00863,High public trust,Male,1991,White / Caucasian,High school diploma / GED,"$30,000 to $55,999",Republican,20,30,50,10,20,30,20,30,30,20,20,20,0,30,20,80,20,40,20,0,30,0,50,100,2,2,10,50,0,0,50,70,100,60,10,80,30,0,40,30,40,60,20,50
p00865,Measurement & modeling (1),Male,2000,White / Caucasian,High school diploma / GED,"$56,000 to $99,999",Republican,50,70,55,75,65,70,85,80,60,40,40,20,100,65,0,45,55,55,45,5,55,100,100,0,4,2,20,30,0,75,55,25,40,40,0,30,5,10,20,50,75,30,50,0
p00866,High public trust,Female,1969,Hispanic / Latino,High school diploma / GED,"$56,000 to $99,999",Republican,25,25,25,25,25,25,0,0,25,25,25,25,25,25,25,0,0,25,50,50,50,50,25,25,0,2,25,25,25,25,25,50,25,50,25,25,25,0,50,50,25,25,25,25
p00868,Former skeptics,Male,1999,White / Caucasian,Some college or Associate's degree,"Less than $30,000",Republican,30,30,20,40,15,15,20,90,15,30,30,10,20,45,15,55,15,15,45,45,65,75,15,35,1,1,45,35,15,10,35,15,20,30,40,15,20,30,15,55,75,20,75,30
p00870,Funding,Female,1992,Other,Bachelor's degree,"$100,000 to $167,999",Democrat,95,100,85,85,45,100,45,85,100,100,60,85,0,70,45,35,40,80,50,85,45,100,95,35,5,2,100,100,100,50,100,90,100,85,90,90,90,80,70,90,95,100,100,95
p00872,Measurement & modeling (2),Female,2006,Hispanic / Latino,Some college or Associate's degree,"$100,000 to $167,999",Democrat,90,100,100,80,100,80,80,70,100,90,100,90,90,40,80,80,90,100,60,70,90,50,90,0,10,1,60,70,90,70,70,80,100,50,90,70,100,70,90,100,90,90,80,90
p00880,Measurement & modeling (1),Male,1983,White / Caucasian,Some college or Associate's degree,"$56,000 to $99,999",Democrat,90,60,95,80,70,100,30,85,95,55,85,95,75,5,95,60,65,70,50,70,55,85,95,10,0,1,60,70,80,75,70,40,55,55,50,5,95,75,65,60,60,75,90,75
p00882,Measurement & modeling (1),Male,1961,Hispanic / Latino,Less than high school,"$30,000 to $55,999",Democrat,5,50,70,30,45,55,45,50,60,45,35,45,40,55,45,70,45,50,45,65,60,55,55,35,2,1,90,80,80,100,40,25,50,50,70,95,90,55,65,60,65,55,55,50
p00883,Corporate reliance,Male,1986,Hispanic / Latino,Less than high school,"Less than $30,000",Independent,50,50,50,30,60,40,80,60,50,40,80,50,90,50,50,20,10,50,50,60,20,70,30,30,8,2,60,50,40,20,40,0,20,80,40,30,50,70,70,50,60,60,90,20
p00885,Funding,Male,2002,Hispanic / Latino,Bachelor's degree,"$56,000 to $99,999",Independent,80,60,50,80,80,80,70,60,60,90,90,80,80,80,90,90,60,90,80,80,80,80,90,20,1,2,90,90,90,90,50,60,50,90,10,90,80,90,80,80,80,70,80,90
p00888,Former skeptics,Female,1966,White / Caucasian,Bachelor's degree,"$168,000 or more",Independent,60,70,70,40,80,90,70,80,60,50,80,70,80,90,50,80,90,90,60,50,60,40,60,10,6,2,60,30,50,80,30,60,70,50,70,70,70,90,30,50,90,30,50,30
p00889,Measurement & modeling (1),Male,2001,Hispanic / Latino,High school diploma / GED,"Less than $30,000",Independent,17,13,84,45,55,37,73,84,70,40,80,56,91,33,10,28,73,68,56,78,63,86,32,23,2,1,88,73,61,69,65,49,25,9,62,63,66,85,84,75,65,83,45,61
p00893,Funding,Male,1997,Other,Bachelor's degree,"$56,000 to $99,999",Republican,70,90,90,75,75,65,80,75,70,80,60,65,75,10,75,70,20,50,25,15,75,20,65,20,6,2,30,50,25,10,35,30,45,45,70,40,70,40,55,40,15,45,40,10
p00896,Corporate reliance,Female,1985,Black / African American,High school diploma / GED,"$56,000 to $99,999",Democrat,0,10,30,20,60,30,0,50,70,20,40,30,80,10,40,60,10,70,70,50,80,80,10,0,2,2,100,80,80,60,80,30,40,30,80,10,60,100,90,100,70,30,50,100
p00897,High public trust,Female,1996,White / Caucasian,High school diploma / GED,"Less than $30,000",Democrat,60,55,60,65,75,70,30,20,65,40,80,65,75,50,35,85,55,55,90,80,80,80,65,25,1,2,40,80,85,90,65,40,55,45,55,40,60,90,90,50,90,65,75,90
p00898,Measurement & modeling (1),Female,1958,White / Caucasian,High school diploma / GED,"$100,000 to $167,999",Democrat,100,100,100,100,85,100,85,100,85,95,100,100,100,45,85,15,100,70,90,100,100,90,100,5,4,2,100,100,90,85,85,100,35,95,90,55,100,100,100,100,90,65,100,95
p00899,Corporate reliance,Female,1973,White / Caucasian,Less than high school,"$100,000 to $167,999",Republican,10,25,25,20,20,15,5,40,20,5,5,5,15,25,20,10,40,25,30,45,35,60,35,30,1,2,15,45,0,10,25,10,70,0,45,75,20,35,0,30,30,25,5,5
p00902,Measurement & modeling (1),Female,1946,White / Caucasian,Some college or Associate's degree,"$56,000 to $99,999",Republican,20,40,20,20,20,10,30,40,60,20,50,20,50,40,30,50,10,40,70,20,10,40,20,10,1,2,10,20,10,40,60,10,60,10,30,10,50,20,10,20,20,20,60,20
p00903,Social justice,Male,1991,White / Caucasian,High school diploma / GED,"$30,000 to $55,999",Republican,75,25,75,50,50,50,25,75,25,25,50,0,50,25,75,50,25,50,25,25,25,25,75,75,1,2,75,25,25,50,50,50,50,0,25,25,75,25,0,25,75,25,0,0
p00908,Consensus,Female,1974,White / Caucasian,Master's degree / Professional degree,"$56,000 to $99,999",Republican,90,80,80,80,70,90,50,90,60,80,90,70,50,70,40,70,40,50,80,70,70,50,80,10,4,1,40,30,30,60,50,70,90,70,80,70,40,40,60,70,50,70,40,60
p00909,Social justice,Male,2006,Hispanic / Latino,Bachelor's degree,"$100,000 to $167,999",Democrat,100,80,90,100,90,80,30,70,90,70,90,80,10,90,60,80,70,70,40,90,70,90,20,10,9,1,70,80,70,100,70,10,100,80,70,60,80,80,90,100,100,50,90,90
p00913,Peer-review,Female,1955,White / Caucasian,High school diploma / GED,"$100,000 to $167,999",Independent,90,26,84,69,53,55,62,91,90,75,83,40,31,52,24,25,11,63,81,55,3,73,81,19,1,2,51,79,48,35,79,43,3,80,23,90,98,57,93,53,75,45,60,60
p00916,Corporate reliance,Female,1999,White / Caucasian,Some college or Associate's degree,"$56,000 to $99,999",Republican,70,90,70,40,90,50,80,30,60,70,50,70,90,10,60,20,40,70,60,40,70,40,90,80,8,2,70,50,20,50,70,70,50,60,90,50,30,70,70,20,80,30,60,30
p00917,Funding,Male,2004,Black / African American,High school diploma / GED,"$100,000 to $167,999",Democrat,90,60,90,50,70,40,100,50,20,80,90,60,90,80,70,80,30,40,90,90,90,90,80,30,7,2,90,100,100,90,80,70,100,80,70,50,80,90,100,90,90,80,100,100
p00918,Peer-review,Male,2001,Black / African American,Bachelor's degree,"Less than $30,000",Democrat,60,85,75,65,30,20,65,50,30,75,85,70,90,25,40,65,25,90,70,25,90,60,80,25,2,2,75,80,85,90,25,45,55,15,30,60,70,90,80,90,80,90,55,75
p00920,Funding,Male,1994,White / Caucasian,Some college or Associate's degree,"$56,000 to $99,999",Republican,20,25,10,10,25,35,25,55,65,35,80,10,10,25,30,15,35,40,65,70,60,75,70,15,1,2,40,70,20,75,20,20,25,35,30,15,35,50,45,40,40,40,20,30
p00922,Social justice,Male,1951,White / Caucasian,High school diploma / GED,"$100,000 to $167,999",Democrat,65,75,70,75,75,65,90,60,100,100,85,80,65,55,60,45,55,25,75,75,50,95,85,30,1,2,35,30,25,15,60,10,90,70,55,20,60,85,60,20,65,30,5,45
p00925,Corporate reliance,Female,2001,White / Caucasian,Master's degree / Professional degree,"$168,000 or more",Republican,75,95,50,100,90,75,85,75,85,45,55,95,60,65,50,50,55,55,70,45,90,75,75,35,3,2,25,20,15,5,40,55,45,50,20,70,35,35,60,25,5,40,30,85
p00926,Social justice,Female,1982,White / Caucasian,Some college or Associate's degree,"$30,000 to $55,999",Democrat,80,60,40,20,60,90,80,70,40,70,70,90,90,90,40,90,50,40,30,80,80,40,50,20,8,1,90,90,70,90,70,80,80,60,90,60,60,90,80,90,60,90,80,70
p00927,Consensus,Female,2006,White / Caucasian,Some college or Associate's degree,"$56,000 to $99,999",Republican,60,30,10,10,50,40,20,40,60,60,30,70,30,30,10,30,30,30,40,60,60,50,70,50,7,2,50,70,10,10,30,70,30,10,20,60,80,70,40,30,80,30,50,40
p00929,Corporate reliance,Male,1970,White / Caucasian,Bachelor's degree,"$56,000 to $99,999",Democrat,100,80,60,100,80,70,50,80,70,90,80,60,100,70,90,70,90,80,70,70,100,90,50,50,4,2,100,60,80,90,50,60,40,80,30,10,100,100,70,80,70,100,70,100
p00931,Funding,Male,2000,White / Caucasian,Bachelor's degree,"$56,000 to $99,999",Democrat,80,30,80,45,100,95,90,90,5,95,60,45,80,95,50,70,40,90,95,95,80,95,65,35,4,2,85,70,95,70,20,85,85,60,60,40,100,45,100,100,5,85,90,85
p00932,Peer-review,Male,1996,Hispanic / Latino,Bachelor's degree,"Less than $30,000",Democrat,62,100,73,83,96,47,31,15,31,68,53,41,99,20,43,71,22,88,82,70,57,54,75,0,1,2,97,72,58,46,61,100,2,30,26,49,57,93,67,91,65,78,100,20
p00934,Measurement & modeling (1),Female,1940,White / Caucasian,High school diploma / GED,"Less than $30,000",Republican,0,25,50,0,50,25,50,50,50,25,25,50,50,25,50,25,25,25,0,25,0,25,50,25,1,1,25,75,25,50,75,50,0,0,25,75,50,50,25,25,50,0,75,50
p00935,Measurement & modeling (1),Female,1985,White / Caucasian,High school diploma / GED,"$30,000 to $55,999",Republican,20,15,35,15,10,35,55,15,25,20,20,10,20,25,10,25,15,10,40,30,30,40,10,10,2,2,20,55,30,10,20,20,50,30,10,10,25,10,25,20,15,15,60,20
p00938,Corporate reliance,Female,1952,White / Caucasian,Master's degree / Professional degree,"$100,000 to $167,999",Independent,60,75,65,85,80,10,60,70,60,70,35,80,80,75,80,85,55,75,60,40,75,55,20,10,3,1,40,80,70,90,25,70,60,60,40,15,55,50,25,80,60,85,90,30
p00939,Measurement & modeling (1),Female,1973,Other,High school diploma / GED,"$100,000 to $167,999",Independent,70,20,60,20,40,0,30,50,40,50,10,50,80,40,30,100,40,60,60,60,30,40,30,0,0,2,100,0,40,0,20,10,60,40,0,30,40,10,50,30,20,30,50,60
p00941,Peer-review,Male,1965,White / Caucasian,High school diploma / GED,"$56,000 to $99,999",Republican,30,25,30,65,40,55,25,60,55,75,35,50,10,60,60,100,90,75,30,15,40,35,30,10,1,1,5,20,20,20,5,5,15,35,5,0,15,5,45,0,25,20,15,80
p00943,Consensus,Female,1964,White / Caucasian,High school diploma / GED,"$100,000 to $167,999",Republican,40,40,60,40,40,50,60,40,80,90,40,30,30,40,20,20,10,70,60,40,30,30,70,30,5,2,10,90,40,60,30,10,20,60,20,40,40,60,20,50,60,10,50,40
p00944,Measurement & modeling (1),Male,1969,White / Caucasian,High school diploma / GED,"$56,000 to $99,999",Republican,50,45,15,35,55,30,55,30,70,55,50,30,10,35,15,25,20,40,25,20,45,40,10,10,1,2,30,60,15,20,15,25,20,25,10,25,25,40,20,20,10,10,10,10
p00952,Measurement & modeling (2),Female,1990,White / Caucasian,High school diploma / GED,"$100,000 to $167,999",Republican,50,100,20,50,80,10,70,20,60,80,50,60,10,20,30,80,20,40,40,50,20,30,40,40,5,2,20,30,20,30,20,20,90,60,10,0,0,70,40,30,20,30,20,20
p00956,Corporate reliance,Female,1959,Black / African American,High school diploma / GED,"$100,000 to $167,999",Democrat,89,100,95,100,43,99,71,68,100,79,57,51,81,88,77,73,51,92,51,85,68,75,100,0,0,1,89,28,94,1,14,22,66,72,48,53,84,70,100,82,63,100,100,85
p00959,Social justice,Female,1986,White / Caucasian,Doctorate degree / Ph.D.,"$168,000 or more",Democrat,62,94,100,100,100,100,40,100,90,85,98,81,71,99,85,87,91,86,100,100,100,90,87,33,10,1,100,94,100,98,78,88,90,99,81,46,100,100,68,63,89,100,66,85
p00960,Social justice,Male,1990,White / Caucasian,Bachelor's degree,"$168,000 or more",Democrat,75,75,75,75,100,75,75,75,75,75,75,75,75,75,75,75,75,100,100,75,75,100,100,25,1,2,100,100,100,100,75,75,50,75,50,75,100,50,75,75,75,75,75,100
p00961,Consensus,Female,1976,Hispanic / Latino,Some college or Associate's degree,"$100,000 to $167,999",Democrat,90,80,60,90,90,95,80,90,90,95,95,90,70,60,90,90,90,65,90,85,100,90,90,5,5,2,90,100,95,85,60,45,90,25,80,5,100,100,95,80,95,95,100,65
p00963,Consensus,Male,1996,White / Caucasian,Master's degree / Professional degree,"$100,000 to $167,999",Democrat,80,70,60,90,50,80,90,80,90,90,70,50,80,80,50,70,40,50,60,30,40,90,80,40,10,2,90,50,60,80,90,80,60,50,60,60,50,20,80,80,80,90,80,70
p00965,Corporate reliance,Male,1960,White / Caucasian,Less than high school,"$56,000 to $99,999",Democrat,55,50,55,40,35,75,80,30,55,50,50,55,30,60,40,45,90,45,60,80,80,90,70,40,0,2,85,90,90,70,45,20,15,25,25,10,75,80,70,90,65,90,85,60
p00978,Corporate reliance,Male,1978,White / Caucasian,High school diploma / GED,"$56,000 to $99,999",Republican,50,80,40,80,70,80,20,40,40,60,40,55,60,75,40,80,30,65,70,20,35,80,50,15,7,2,40,55,45,25,10,35,25,55,35,30,20,60,35,25,35,25,45,60
p00980,Social justice,Male,1968,Asian / Asian American,Master's degree / Professional degree,"$168,000 or more",Democrat,75,78,56,90,76,74,57,83,65,47,36,45,76,79,58,69,59,83,42,23,73,53,68,18,2,1,87,92,72,90,55,27,86,27,40,12,92,70,32,25,71,41,40,83
p00982,Consensus,Male,1975,White / Caucasian,Bachelor's degree,"$100,000 to $167,999",Democrat,75,75,75,100,100,75,50,50,50,75,75,25,75,50,75,50,50,75,100,75,50,50,75,0,6,1,50,25,50,75,75,75,75,75,75,100,100,75,50,75,75,75,50,75
p00987,Corporate reliance,Male,1973,White / Caucasian,Less than high school,"$56,000 to $99,999",Republican,25,40,40,50,95,10,10,60,15,45,80,25,5,35,10,15,5,20,35,5,25,20,40,35,0,2,15,5,20,20,20,40,5,10,0,30,15,10,10,10,5,5,5,10
p00988,Measurement & modeling (1),Female,1969,White / Caucasian,Master's degree / Professional degree,"$56,000 to $99,999",Democrat,80,90,80,75,90,80,80,70,85,85,75,20,65,90,80,90,80,60,55,80,80,85,80,15,2,2,80,80,65,80,30,35,55,45,85,60,65,90,80,65,50,60,65,85
p01002,Measurement & modeling (1),Female,1959,White / Caucasian,Some college or Associate's degree,"$100,000 to $167,999",Democrat,90,80,90,50,90,80,80,40,90,40,50,70,80,80,90,90,90,80,40,40,80,90,70,10,10,2,70,80,50,80,80,80,80,80,80,90,80,80,70,60,90,80,80,60
